RowNumber,CustomerId,Surname,CreditScore,Geography,Gender,Age,Tenure,Balance,NumOfProducts,HasCrCard,IsActiveMember,EstimatedSalary,Exited
1,15590810,Weber,824,Spain,Female,42,9,0.0,2,1,1,198367.96,0
2,15660215,Mitchell,717,France,Female,66,8,0.0,1,1,1,143199.77,0
3,15579166,Thomas,542,Spain,Male,38,4,0.0,2,0,0,129960.07,0
4,15764320,Thompson,850,Germany,Male,44,6,103599.2,2,1,0,98797.6,0
5,15760271,Clark,648,France,Male,25,10,130219.88,2,1,0,12836.85,0
6,15772753,Laurent,487,Spain,Male,53,3,0.0,1,1,0,6567.11,0
7,15720033,Smith,549,Spain,Male,36,9,0.0,1,1,0,149759.47,1
8,15773977,Williams,550,Spain,Female,27,0,0.0,3,1,1,152169.37,1
9,15794294,Becker,519,France,Male,52,8,156984.89,1,1,1,42028.78,0
10,15631343,Scott,700,France,Male,36,6,0.0,2,1,0,110333.59,0
11,15616533,Navarro,391,France,Female,49,7,122078.95,1,0,0,65529.52,1
12,15578275,Meyer,745,Spain,Male,69,6,125525.84,1,1,0,146897.19,0
13,15738327,Laurent,729,Germany,Male,26,5,62832.85,1,1,0,163903.25,0
14,15728046,Schmidt,606,Spain,Male,30,1,0.0,2,1,0,88329.02,0
15,15588969,Allen,739,France,Female,46,2,0.0,1,0,1,137966.74,0
16,15805315,Muller,544,France,Male,37,9,121280.0,1,0,1,72222.3,0
17,15742847,Hoffmann,568,Germany,Female,22,4,93074.94,2,1,1,104470.65,0
18,15615735,Rivera,703,France,Female,34,1,118854.17,2,1,1,148015.98,0
19,15731583,Adams,630,Spain,Male,35,1,103075.84,2,1,0,24335.33,0
20,15580150,Thomas,589,Germany,Female,36,3,125075.28,3,1,1,3662.28,1
21,15624755,Lee,639,Spain,Male,30,8,0.0,1,1,1,129292.05,0
22,15670032,Navarro,778,France,Male,57,4,118115.3,2,1,0,157820.61,1
23,15726178,Bernard,774,Spain,Male,25,4,0.0,1,1,0,125536.46,0
24,15737720,Nelson,691,Spain,Female,41,7,83680.75,1,0,1,36509.5,0
25,15641893,Anderson,616,Spain,Male,32,6,0.0,2,0,1,100852.96,0
26,15607930,Garcia,701,France,Male,31,0,0.0,1,0,1,81147.81,0
27,15571363,Torres,566,France,Female,54,4,0.0,1,0,0,188848.59,1
28,15755284,Lopez,763,France,Male,34,7,144361.5,1,1,1,138323.26,0
29,15570335,Lopez,742,France,Female,41,7,0.0,1,0,0,103906.14,0
30,15795090,Ramirez,837,Germany,Female,47,4,87256.85,2,1,1,79580.26,0
31,15789573,Wagner,572,Germany,Female,38,2,62935.72,2,1,0,67805.18,0
32,15689629,Meyer,560,Spain,Female,55,2,0.0,2,1,1,26961.54,0
33,15693809,Hill,703,France,Female,27,0,0.0,1,1,0,140588.94,0
34,15724616,Johnson,623,France,Male,42,1,185789.34,1,1,1,107866.0,0
35,15635438,Clark,747,France,Female,66,10,0.0,2,1,0,15518.42,0
36,15748991,Thomas,778,France,Female,41,4,0.0,1,1,1,81860.69,0
37,15802215,Wagner,815,France,Female,24,3,135928.76,1,1,1,153262.0,0
38,15628071,Lee,656,France,Female,43,4,108307.6,2,0,0,29064.65,0
39,15690720,Walker,735,France,Male,58,5,0.0,1,1,1,155446.43,0
40,15654901,Jackson,600,Germany,Male,34,1,166266.3,1,1,1,91595.88,0
41,15640182,Castillo,671,France,Male,34,9,0.0,2,1,1,13860.39,0
42,15703843,Rodriguez,645,Spain,Male,46,5,0.0,2,0,1,188015.86,0
43,15569887,Weber,640,Germany,Female,43,6,116986.67,1,1,0,37172.32,1
44,15596067,Ruiz,827,France,Female,38,5,0.0,2,1,1,8417.18,0
45,15642885,Gonzalez,520,Spain,Male,31,10,0.0,1,1,0,106035.47,0
46,15813713,Lewis,650,Spain,Male,33,10,133400.84,2,1,1,29819.08,0
47,15805593,Alvarez,655,France,Female,29,1,108263.03,1,0,0,9765.03,0
48,15604246,Dubois,712,France,Male,24,7,161943.41,2,0,1,134511.54,0
49,15786887,Rodriguez,544,Germany,Female,53,1,116460.66,2,1,0,21602.56,1
50,15571823,Lee,621,France,Female,47,0,116174.89,1,0,0,193122.13,0
51,15750527,Nelson,592,France,Male,45,6,104987.68,1,1,1,162376.17,0
52,15570001,Miller,432,France,Male,45,5,0.0,1,0,1,174298.35,0
53,15601071,Wagner,763,Spain,Female,35,5,0.0,1,1,1,133793.41,0
54,15570464,Jackson,507,Germany,Male,34,0,139494.36,1,1,0,109050.63,0
55,15585997,Vargas,494,Germany,Female,27,7,132017.91,1,0,0,136903.03,0
56,15773356,Harris,742,Spain,Male,48,5,0.0,2,1,1,117254.97,0
57,15662588,Rivera,618,France,Male,81,0,0.0,2,1,1,161589.62,0
58,15763900,Lee,621,Germany,Male,42,3,166246.7,1,1,1,37082.83,1
59,15681633,Wright,623,France,Female,50,1,0.0,1,1,1,26515.39,0
60,15761228,Martinez,754,France,Female,50,9,0.0,1,1,1,135576.94,0
61,15734184,Harris,596,Germany,Female,59,8,112695.22,1,1,0,39949.54,1
62,15681995,Sanchez,708,France,Male,30,5,0.0,1,0,0,195959.75,0
63,15631265,Wilson,539,Germany,Female,25,0,102611.36,1,0,1,29990.48,0
64,15774623,Vargas,682,Spain,Male,39,9,0.0,1,1,1,132316.56,0
65,15761180,Dubois,738,Germany,Female,36,3,116750.45,1,1,1,159544.55,0
66,15798482,Thompson,786,Germany,Female,78,6,150514.44,1,0,0,56832.34,1
67,15596553,Wilson,500,Germany,Male,29,7,113932.29,3,1,1,134161.92,1
68,15644949,Roberts,621,France,Female,66,4,132468.01,2,1,1,191375.67,0
69,15683856,Garcia,805,France,Male,36,10,0.0,1,1,1,190715.3,0
70,15670278,Laurent,739,France,Male,28,2,124987.54,2,1,1,29616.87,0
71,15639107,Dubois,631,France,Male,61,3,0.0,2,1,0,22831.18,0
72,15663481,Lee,650,France,Female,30,2,152498.55,1,1,1,60935.09,1
73,15735275,Ramirez,679,Spain,Male,50,3,0.0,2,0,1,11839.27,0
74,15657846,Moreau,614,France,Female,40,8,0.0,1,1,0,28167.65,1
75,15734672,Moreau,703,France,Male,66,5,116177.82,1,1,0,76785.86,0
76,15646871,Laurent,698,France,Female,54,9,147397.48,2,0,1,2516.98,1
77,15676447,Martinez,542,France,Female,36,9,0.0,1,1,0,13981.71,0
78,15705186,Ramirez,602,Germany,Male,61,3,134957.88,2,0,0,192987.19,0
79,15776800,King,606,Germany,Female,44,8,132340.94,2,1,0,143856.56,0
80,15630963,Rodriguez,625,Spain,Female,38,5,155816.34,1,1,0,62472.48,0
81,15793982,Lopez,676,Germany,Male,40,4,104780.09,2,1,0,24066.75,1
82,15612228,Flores,668,France,Male,51,3,0.0,1,0,1,95842.16,0
83,15596070,Miller,580,Spain,Male,35,0,0.0,2,1,0,119447.43,0
84,15776757,Nelson,780,France,Female,33,5,96074.87,1,0,1,54746.96,0
85,15640086,Mitchell,650,France,Female,31,7,0.0,2,1,1,113381.61,0
86,15638686,Alvarez,792,France,Female,42,9,137761.65,1,0,1,90562.24,0
87,15750485,Hoffmann,790,Germany,Female,31,4,132577.3,2,1,1,127375.98,0
88,15574016,Johnson,547,France,Female,51,1,0.0,2,0,1,83872.06,0
89,15773018,Hoffmann,602,France,Male,35,5,0.0,1,1,0,100492.07,0
90,15777893,Moreau,610,Germany,Male,45,3,119541.45,2,1,0,24451.71,1
91,15613002,Lewis,680,France,Female,55,10,210357.79,2,0,0,42746.64,1
92,15659365,Garcia,720,Germany,Male,60,7,125674.36,2,1,1,93558.03,0
93,15701873,Wright,664,France,Male,41,9,78037.24,2,1,0,106002.85,1
94,15814752,Williams,597,France,Female,23,3,0.0,1,0,0,154681.14,0
95,15623313,Fournier,810,France,Female,24,4,140923.57,1,0,1,36491.7,0
96,15643547,Roberts,607,Germany,Female,51,0,73105.93,1,0,0,139389.6,0
97,15683547,Fischer,722,France,Male,29,1,125463.69,1,1,0,91216.43,0
98,15761515,Miller,646,France,Female,35,4,109947.78,1,1,1,5907.35,0
99,15749061,Nguyen,644,France,Male,53,4,177252.09,1,1,1,10335.16,0
100,15795620,Muller,715,Spain,Male,33,7,0.0,2,1,0,104084.29,0
101,15582415,Wright,800,Spain,Female,27,2,0.0,1,1,0,134980.23,0
102,15694327,Anderson,680,Germany,Female,35,10,109549.89,1,0,1,172382.1,0
103,15752905,Adams,603,France,Female,47,8,106809.97,2,1,0,46529.8,1
104,15703591,Davis,794,Spain,Female,33,9,165709.39,1,1,1,163449.19,0
105,15636553,Diaz,698,Spain,Female,45,3,104536.27,1,0,0,35179.33,0
106,15767667,Green,667,Germany,Male,27,6,93025.29,2,1,0,130179.75,0
107,15622485,Davis,750,France,Male,31,5,0.0,1,1,1,33988.89,0
108,15772343,Gonzalez,681,France,Female,35,8,89740.28,1,1,1,125230.07,0
109,15617626,Clark,850,France,Female,55,9,0.0,2,1,1,54542.28,1
110,15692238,Davis,650,Spain,Male,34,6,0.0,2,1,1,75659.73,0
111,15814566,Roberts,762,France,Male,33,10,71660.32,2,1,1,129311.08,0
112,15632368,Anderson,693,France,Male,33,5,94084.41,2,1,0,106091.68,0
113,15570925,White,693,France,Male,45,3,0.0,2,1,1,17776.1,0
114,15644079,Allen,615,Germany,Female,49,1,127464.83,1,0,1,123534.6,0
115,15785782,Ramirez,615,France,Male,55,4,0.0,1,1,1,112529.52,1
116,15592893,Sanchez,698,Spain,Male,70,3,137822.95,2,1,0,148192.8,0
117,15653343,Nelson,566,Spain,Female,42,2,55243.2,1,0,0,170424.31,0
118,15774015,Adams,594,Germany,Male,32,4,92133.02,2,1,0,39373.61,0
119,15609692,Adams,651,France,Male,37,2,0.0,2,0,1,134773.61,0
120,15707401,Johnson,770,Germany,Male,30,10,107870.96,2,0,1,70612.99,0
121,15754326,Robinson,658,Germany,Male,40,3,121665.17,1,0,0,47209.44,1
122,15791220,Navarro,656,Germany,Male,31,6,79625.42,2,1,0,142619.09,0
123,15815164,Rodriguez,547,France,Male,54,8,0.0,2,1,1,102789.04,0
124,15629700,Taylor,814,France,Male,41,10,0.0,1,1,0,178790.23,1
125,15723750,Davis,757,France,Male,60,7,42094.06,2,1,1,48126.12,0
126,15814848,Laurent,768,France,Male,48,2,138071.86,1,1,1,34725.64,0
127,15728766,Becker,509,France,Male,47,6,109392.55,2,0,0,100721.77,0
128,15606502,Romero,684,France,Female,27,0,116252.38,1,0,1,157543.15,0
129,15756027,Meyer,559,France,Male,45,2,0.0,2,1,1,103460.19,0
130,15744663,Martin,725,Germany,Male,69,10,95994.84,2,1,0,85399.4,0
131,15764279,Ruiz,681,France,Female,34,0,116426.26,1,1,1,128943.99,0
132,15606867,Campbell,700,Spain,Male,52,3,0.0,2,0,1,106382.24,0
133,15776444,Torres,580,Germany,Male,26,0,174545.21,2,1,1,127523.92,0
134,15683192,Gonzalez,549,France,Female,29,5,116319.24,1,1,0,151551.01,0
135,15734612,Romero,588,Germany,Female,37,8,71109.59,1,0,0,196390.66,0
136,15587254,Navarro,680,France,Male,33,0,112161.47,2,0,0,48904.2,0
137,15672910,Baker,627,Spain,Female,31,1,110530.47,1,1,0,120398.14,0
138,15803640,Campbell,675,France,Female,33,9,0.0,1,1,0,120323.89,0
139,15811795,Fernandez,551,Spain,Male,44,3,83594.74,1,1,0,45907.55,0
140,15656727,Hill,649,France,Male,52,0,0.0,1,0,1,192412.23,0
141,15715467,Torres,785,France,Male,45,1,0.0,2,1,0,157544.96,1
142,15700176,Mitchell,682,France,Female,46,9,139412.57,1,1,0,44700.52,0
143,15625001,Flores,688,Spain,Male,38,10,0.0,1,1,1,196176.51,0
144,15598992,Carter,689,Germany,Male,29,1,112044.01,2,0,1,45063.09,0
145,15706674,Lee,600,France,Male,37,3,0.0,1,1,0,50554.02,0
146,15812842,Navarro,808,France,Female,40,2,73234.6,1,1,1,2650.65,0
147,15660527,Ramirez,685,France,Male,53,5,0.0,2,1,0,22517.27,0
148,15610709,Martin,667,Germany,Male,64,9,126629.63,2,1,1,15851.12,0
149,15660931,Robinson,717,France,Male,43,8,138714.72,2,1,1,186720.79,0
150,15762681,Castillo,741,France,Female,51,4,0.0,1,0,1,171344.21,1
151,15684242,Carter,529,Spain,Male,23,7,165576.8,2,0,0,136159.8,0
152,15649478,Wright,655,Spain,Female,35,2,0.0,2,1,1,77436.74,0
153,15662968,Thomas,850,France,Male,38,10,0.0,2,0,0,150370.13,0
154,15767780,King,811,Germany,Male,44,6,153090.47,1,1,0,96634.61,1
155,15632271,Navarro,640,France,Male,64,10,42877.27,1,1,1,192221.56,0
156,15800838,Laurent,721,Germany,Male,42,2,165616.56,2,1,1,6586.4,0
157,15648242,Williams,618,France,Male,25,10,0.0,2,1,0,1498.28,0
158,15791349,King,684,Germany,Female,46,3,106269.22,1,1,0,76097.98,0
159,15805193,Jackson,606,Germany,Male,34,7,152164.62,2,1,0,168244.08,0
160,15802610,Carter,604,Spain,Female,44,0,106323.51,1,1,0,136317.52,1
161,15748836,Carter,593,France,Male,47,2,116843.24,2,1,0,64830.06,0
162,15703082,Williams,813,Spain,Female,25,5,147149.63,1,1,0,19862.43,0
163,15780457,Robinson,603,France,Male,37,5,0.0,1,1,1,112608.59,0
164,15814800,Nguyen,761,France,Male,37,1,0.0,2,1,1,112280.95,0
165,15718288,Scott,608,Germany,Male,42,0,155183.38,1,0,1,6277.82,1
166,15768725,Thompson,597,France,Female,31,9,129763.93,1,0,1,165873.59,0
167,15787746,Schmidt,688,Spain,Female,29,2,0.0,1,1,1,151364.25,0
168,15739988,Hoffmann,524,Spain,Female,64,8,115859.53,2,1,0,99264.16,0
169,15593495,Garcia,714,France,Female,40,1,0.0,2,1,0,34567.66,0
170,15634383,Jones,637,Spain,Male,30,3,107389.68,2,0,0,106347.79,0
171,15582640,Adams,597,France,Male,33,0,70493.98,2,0,0,126004.49,0
172,15581683,Green,576,Germany,Male,65,5,77870.78,2,1,1,182194.78,0
173,15718901,Lopez,841,France,Female,56,5,0.0,2,1,0,47093.77,1
174,15706794,Schneider,647,Spain,Male,32,6,0.0,1,1,0,156543.95,0
175,15725838,Muller,643,France,Male,29,8,154269.49,1,0,1,100694.67,0
176,15736135,Wright,735,France,Female,29,7,0.0,2,1,1,10735.67,0
177,15701950,Perez,568,France,Male,54,2,0.0,2,1,1,160189.99,0
178,15608761,Campbell,760,Spain,Female,34,4,0.0,2,1,0,115733.75,0
179,15803272,Jones,647,Spain,Male,26,0,0.0,1,1,0,9743.48,0
180,15597369,Fischer,516,Germany,Female,33,7,164571.1,2,1,1,136484.76,0
181,15614915,Rivera,599,Spain,Female,42,4,149985.11,1,1,0,111563.31,1
182,15749659,Jackson,544,Spain,Female,37,1,111110.04,2,1,1,80357.99,0
183,15580067,Schmidt,658,Germany,Male,56,9,109208.21,2,1,0,18189.45,1
184,15614114,Miller,573,France,Male,42,5,0.0,1,0,1,178128.79,0
185,15626254,Girard,562,Spain,Male,43,0,0.0,2,1,1,185967.53,0
186,15684053,Mitchell,678,Germany,Male,50,1,119917.43,1,0,0,187257.27,1
187,15715509,Laurent,654,France,Female,49,3,0.0,3,1,1,126418.13,1
188,15630551,Robinson,767,France,Male,33,10,118913.25,1,0,0,12651.21,1
189,15670934,Muller,763,Germany,Male,29,1,85295.58,2,1,1,127468.66,0
190,15648422,Carter,656,France,Male,41,4,0.0,1,1,1,166826.59,1
191,15733183,Weber,698,Spain,Female,39,4,0.0,1,1,0,198726.28,0
192,15611921,Girard,513,France,Male,42,6,193677.92,1,1,0,112354.56,1
193,15640156,Fournier,718,France,Male,43,6,134051.08,1,0,0,71212.34,0
194,15773920,Hall,690,Spain,Male,62,5,114601.1,1,0,1,90140.26,0
195,15588699,Schmidt,743,France,Male,35,8,167408.96,1,1,0,114924.53,0
196,15717351,Wagner,620,France,Female,43,0,0.0,2,1,1,165116.11,0
197,15617941,King,621,Germany,Male,29,4,97871.45,1,1,0,188923.91,1
198,15640269,King,622,Spain,Female,31,0,0.0,2,1,0,44884.03,0
199,15759897,Lewis,789,France,Female,38,3,0.0,2,1,0,49910.01,0
200,15702805,Romero,677,France,Female,30,2,0.0,2,1,0,167222.35,0
201,15702429,Robinson,505,Spain,Female,46,9,0.0,1,0,0,92117.91,1
202,15566905,Perez,713,Spain,Female,44,7,101015.02,1,0,0,55015.28,1
203,15731191,Torres,605,France,Male,32,2,0.0,1,1,0,24121.06,0
204,15734146,Fournier,755,France,Male,36,7,125078.17,1,1,1,36779.76,0
205,15773471,Romero,702,France,Female,54,9,0.0,2,1,1,66528.3,0
206,15640132,Bernard,770,France,Female,41,2,118055.1,2,1,0,5838.22,0
207,15640973,Becker,751,France,Male,75,6,0.0,2,1,1,194271.21,0
208,15658293,Hill,741,Germany,Male,36,5,113606.61,2,1,0,109349.52,0
209,15665890,Lee,760,France,Male,37,10,107357.51,2,1,0,164668.14,0
210,15576999,Johnson,729,Germany,Male,38,4,155473.43,1,1,1,88035.17,0
211,15565720,Garcia,583,Germany,Male,26,7,124830.29,2,1,1,191551.9,0
212,15638615,Perez,539,Germany,Male,37,6,162181.57,1,1,1,84726.14,0
213,15798835,Robinson,569,France,Male,36,3,107390.48,2,0,1,79651.92,0
214,15617334,Fournier,721,Spain,Female,47,3,125190.42,2,1,0,145447.9,0
215,15738950,Nelson,434,Germany,Female,55,9,173759.7,2,0,1,112500.35,1
216,15642237,Hill,649,Germany,Female,35,9,104936.09,2,1,1,61274.71,0
217,15610830,Lopez,624,France,Female,23,2,0.0,2,1,1,213.22,0
218,15784784,Scott,769,France,Male,40,5,0.0,2,1,1,24716.42,0
219,15815497,Meyer,639,Spain,Male,30,1,141990.96,2,0,0,52040.19,0
220,15636191,Wagner,614,France,Female,41,4,0.0,1,1,1,21470.0,0
221,15644968,Lee,778,France,Female,41,9,0.0,2,1,1,103427.64,0
222,15733610,Lee,641,France,Female,32,7,86122.35,1,1,0,67656.49,0
223,15661409,Gonzalez,625,Germany,Female,40,5,150459.65,1,1,0,139893.16,0
224,15758468,Laurent,603,Spain,Female,26,8,117745.74,1,1,1,94914.02,0
225,15774857,Lopez,678,France,Female,42,6,0.0,1,1,0,42170.55,1
226,15798870,Schmidt,618,Spain,Female,49,4,0.0,1,1,1,87820.13,0
227,15750760,Johnson,618,France,Female,45,0,116423.76,1,1,1,145725.81,1
228,15607542,Jones,791,Germany,Male,33,1,99711.87,2,1,1,104044.42,0
229,15679504,Alvarez,655,Germany,Male,48,5,90636.53,2,1,0,85066.28,0
230,15778712,Campbell,607,France,Male,46,0,0.0,1,0,1,71836.03,0
231,15648894,Lopez,553,France,Male,47,0,0.0,2,1,0,138596.73,0
232,15782537,Nguyen,669,France,Female,57,3,114735.99,2,1,0,142918.84,1
233,15769691,Alvarez,596,Spain,Male,43,6,89050.44,1,0,1,125850.59,0
234,15589685,Hill,614,Germany,Male,29,8,109064.9,1,1,1,113921.63,0
235,15812320,Fischer,567,Spain,Female,30,10,62901.77,2,0,1,71758.13,0
236,15603306,Anderson,669,Spain,Male,43,7,0.0,1,1,0,149267.22,0
237,15778926,Fischer,524,France,Female,25,10,140936.29,2,1,0,175484.37,0
238,15746107,Bernard,690,Spain,Male,37,3,0.0,3,0,1,25223.63,0
239,15776750,Brown,597,France,Male,35,7,124873.95,1,1,0,184091.94,0
240,15775480,Roberts,720,France,Male,45,0,154732.26,1,1,1,46496.42,0
241,15598504,Brown,697,Spain,Male,28,1,0.0,3,1,1,26900.36,0
242,15623815,Meyer,660,Spain,Male,46,7,158758.71,1,1,1,133382.12,1
243,15742488,Young,732,France,Male,36,3,0.0,1,1,0,87638.7,0
244,15588595,Fernandez,801,Germany,Male,42,6,118285.66,1,1,1,195964.64,1
245,15757634,King,773,Germany,Male,28,10,77736.58,2,1,0,82890.59,0
246,15748294,Moreau,523,Spain,Female,46,8,160725.53,2,1,1,130826.88,1
247,15652395,Wilson,591,Germany,Male,52,3,110901.22,2,1,1,29756.43,0
248,15614727,Bernard,603,France,Male,92,7,0.0,1,1,0,83895.64,0
249,15655442,Campbell,712,France,Male,41,10,96408.66,2,0,0,136283.75,0
250,15796866,Lopez,599,France,Female,51,2,0.0,2,0,1,24191.34,0
251,15612985,Campbell,596,Germany,Female,30,6,89260.46,1,1,0,114982.26,0
252,15782000,Williams,579,Spain,Female,56,8,94009.68,2,1,1,190990.39,0
253,15663400,Castillo,679,France,Female,27,7,0.0,1,0,1,59577.31,1
254,15800226,Williams,712,France,Male,64,5,111452.27,1,1,1,120411.37,0
255,15698795,White,532,France,Female,40,4,97924.06,1,1,1,125701.2,0
256,15623237,Thompson,600,Germany,Male,27,6,185462.81,2,1,0,167118.74,0
257,15764306,Nguyen,466,Spain,Female,35,5,85281.81,2,1,0,30442.21,0
258,15574177,Sanchez,418,France,Male,51,3,98033.63,2,1,1,142994.2,0
259,15634525,Vargas,697,France,Male,37,9,0.0,2,0,0,110669.35,0
260,15578073,Wagner,681,Germany,Female,37,8,88870.92,2,1,1,108934.33,0
261,15794624,Romero,667,France,Female,49,7,114282.19,2,1,1,127366.59,0
262,15692461,Jackson,804,Spain,Female,38,2,139847.92,2,1,1,158575.36,0
263,15642850,Rivera,487,France,Male,55,5,0.0,2,0,1,143692.2,0
264,15750496,Gonzalez,448,France,Male,33,2,119377.16,1,0,1,10947.64,0
265,15751285,Meyer,541,Spain,Male,25,1,0.0,1,1,1,95855.01,0
266,15714721,Alvarez,444,France,Male,38,2,146822.43,3,1,1,134204.49,1
267,15744671,Rivera,591,France,Male,39,1,0.0,1,1,1,1679.72,0
268,15795087,Thompson,707,France,Male,33,8,119804.3,2,0,1,60095.81,0
269,15795864,Torres,679,France,Female,42,5,0.0,1,1,0,22745.49,0
270,15805807,Taylor,750,France,Male,26,8,102116.66,1,0,1,63325.06,0
271,15721320,Adams,686,France,Female,42,10,152022.73,1,1,0,151844.2,1
272,15694617,Wright,611,France,Female,29,2,140858.76,1,0,0,156997.61,0
273,15738712,Lopez,599,France,Female,27,2,107981.67,2,1,1,133914.76,0
274,15783438,Jones,692,Germany,Male,39,1,101882.41,2,1,1,27059.97,0
275,15728579,Adams,502,Germany,Male,27,0,171801.49,2,1,0,144834.12,0
276,15692273,Diaz,350,France,Male,24,0,0.0,2,1,1,145391.41,0
277,15654488,Moreau,688,France,Female,44,6,111320.98,1,1,0,8755.84,1
278,15654285,Johnson,673,Germany,Male,29,7,80135.12,1,1,0,110539.25,1
279,15665057,Campbell,802,Spain,Male,45,3,0.0,1,0,1,100543.45,0
280,15654403,Vargas,718,Spain,Female,36,5,102199.65,2,1,0,129546.11,0
281,15722594,Adams,680,France,Female,39,2,0.0,2,1,1,137804.05,0
282,15685634,Wilson,620,France,Female,51,7,0.0,1,1,1,13229.97,0
283,15619083,Brown,571,France,Male,43,7,188795.62,2,1,0,49776.13,1
284,15768256,Robinson,623,France,Female,45,7,171602.8,1,1,0,165051.48,1
285,15626075,Scott,743,Germany,Male,45,5,127742.22,3,1,0,103814.46,1
286,15634088,Lopez,695,France,Male,32,9,0.0,1,1,0,162899.63,0
287,15572452,Allen,741,France,Female,43,0,122048.22,2,1,1,51148.93,0
288,15814776,Miller,660,France,Female,30,4,116233.85,2,0,0,187692.49,0
289,15777253,Hall,563,Germany,Male,43,0,166021.96,2,1,0,92591.74,0
290,15690671,Rivera,763,France,Male,35,9,0.0,2,1,0,97316.94,0
291,15736888,Moore,754,Spain,Male,37,0,0.0,2,1,0,58750.87,0
292,15745967,Moore,668,France,Female,61,4,142464.14,1,0,0,158709.97,1
293,15702727,Torres,704,Spain,Female,44,2,0.0,1,1,1,139369.75,0
294,15771381,Becker,699,France,Male,33,7,0.0,1,1,1,172847.6,0
295,15747169,Allen,605,Spain,Male,26,4,94489.4,4,1,0,84775.25,1
296,15758504,Roberts,625,Spain,Female,39,6,0.0,2,1,1,163247.82,0
297,15767694,Muller,562,Spain,Female,27,10,0.0,2,1,1,88086.96,0
298,15603696,Baker,624,Spain,Male,64,10,97131.83,1,1,0,60758.33,0
299,15707078,Martinez,750,Spain,Female,37,4,0.0,1,0,0,197272.3,0
300,15617956,Hoffmann,732,Germany,Female,49,4,73307.35,1,0,1,54569.74,0
301,15712874,Baker,704,Spain,Male,28,3,59592.96,1,1,1,39762.72,0
302,15721351,Jackson,743,France,Female,44,7,0.0,2,0,1,117166.6,0
303,15628899,White,615,Germany,Female,53,10,112436.29,1,1,0,153201.95,1
304,15736841,Navarro,536,Germany,Female,45,6,172742.84,2,1,0,27746.07,0
305,15781724,Ramirez,635,Spain,Female,48,6,104976.83,1,0,0,160303.83,1
306,15611178,Becker,642,France,Female,43,10,128509.3,1,1,1,194138.21,0
307,15720975,Walker,716,France,Male,34,2,0.0,2,1,0,102575.11,0
308,15599306,Scott,700,Germany,Male,30,0,64455.14,2,1,1,193166.68,0
309,15697645,Fischer,748,France,Female,32,1,0.0,1,0,1,27495.29,0
310,15763698,Fischer,455,France,Male,64,6,0.0,2,1,0,114286.3,0
311,15582105,Fischer,573,France,Male,41,9,0.0,1,0,0,176818.66,0
312,15737357,Mitchell,641,France,Male,54,2,113734.19,2,0,0,91359.68,0
313,15794215,Castillo,696,France,Female,33,7,148094.42,2,0,0,165215.22,0
314,15810398,Lewis,850,France,Female,47,9,111630.28,1,0,1,130952.06,1
315,15655175,Smith,555,France,Female,30,10,158073.3,1,1,1,52059.97,0
316,15594550,Robinson,581,France,Female,36,8,0.0,1,1,0,180065.3,0
317,15566671,Gonzalez,609,France,Male,34,4,0.0,1,0,0,74216.71,0
318,15773219,Lee,578,Germany,Male,62,7,167451.76,1,1,0,9159.97,0
319,15674710,Martinez,564,France,Female,31,6,0.0,2,0,0,46269.37,0
320,15757144,White,654,Spain,Male,46,5,0.0,1,0,0,159842.99,1
321,15714226,Martinez,745,Spain,Female,43,7,0.0,1,0,0,143715.71,0
322,15643489,Carter,662,France,Male,28,7,152186.42,1,1,0,133639.88,0
323,15568937,Muller,567,France,Male,54,8,111997.56,2,1,1,17694.17,0
324,15790352,Scott,631,Germany,Female,57,6,37399.28,1,0,0,153775.48,1
325,15804777,Brown,549,Spain,Male,41,7,0.0,2,1,0,122123.31,0
326,15616422,Diaz,745,Germany,Male,39,3,72884.71,1,0,0,26044.22,0
327,15672785,Campbell,793,Spain,Male,25,5,179878.64,1,1,1,88412.6,0
328,15706096,Miller,495,Germany,Male,27,9,85036.13,2,1,0,63473.64,0
329,15601251,Mitchell,672,Germany,Male,36,8,82330.97,2,1,0,142598.09,0
330,15766765,Torres,575,France,Female,30,5,0.0,2,0,0,83597.64,0
331,15569007,Garcia,656,Germany,Male,49,6,118011.23,2,1,1,136364.08,0
332,15768168,Harris,642,France,Female,27,2,185528.59,2,1,1,183500.31,0
333,15797117,Young,520,Germany,Female,27,4,100407.27,2,1,0,85561.02,0
334,15664967,Nguyen,767,Spain,Male,44,7,0.0,1,1,0,175236.02,1
335,15734351,Adams,635,France,Male,42,1,135341.66,1,0,1,70215.6,0
336,15725092,Roberts,604,Germany,Female,40,0,93459.28,3,0,0,63083.19,1
337,15736048,Lewis,661,France,Female,47,6,0.0,2,0,1,31201.6,0
338,15642187,Allen,566,Germany,Female,32,7,117781.85,2,1,0,145599.19,0
339,15685408,Rodriguez,632,France,Male,34,10,155562.45,1,1,1,148862.53,0
340,15603346,Torres,472,Spain,Female,42,5,0.0,2,1,1,26255.35,0
341,15788279,Fischer,421,France,Female,41,1,0.0,2,1,1,185639.76,0
342,15721829,Fischer,556,Spain,Female,31,6,131394.38,1,1,1,75551.47,0
343,15770563,Ramirez,598,Spain,Male,52,3,83964.08,1,1,0,130089.05,1
344,15609642,Scott,480,Germany,Female,28,1,66829.38,1,0,0,172332.16,0
345,15688432,King,602,Spain,Male,35,6,0.0,2,1,1,100813.55,0
346,15597279,Lee,598,Spain,Female,29,7,118520.84,1,1,1,176176.9,0
347,15701145,Garcia,644,Spain,Male,74,0,0.0,2,1,0,151951.59,0
348,15685732,Castillo,710,France,Female,39,7,0.0,2,1,0,74964.36,0
349,15621650,Gonzalez,816,Germany,Male,30,6,119032.88,2,1,1,89506.86,0
350,15677205,Navarro,692,France,Female,34,8,123700.74,2,1,0,128306.69,0
351,15655341,Davis,555,Germany,Male,42,6,71226.58,1,1,0,175625.06,0
352,15791951,Laurent,715,France,Male,49,5,148282.78,2,1,1,197534.34,0
353,15578119,Anderson,786,Germany,Female,30,3,125377.0,2,1,0,31836.79,1
354,15680237,Harris,541,Germany,Female,58,7,141214.83,1,1,1,124302.03,1
355,15763989,Meyer,547,France,Male,39,2,103606.76,1,1,1,181389.14,0
356,15739392,Lopez,512,Germany,Female,45,6,119962.25,2,1,0,54891.03,1
357,15769544,Rodriguez,595,Spain,Male,33,8,0.0,2,1,0,100208.89,0
358,15812176,Dubois,686,Spain,Female,54,2,0.0,1,1,1,140328.4,1
359,15582827,Rivera,794,France,Female,43,0,0.0,1,1,0,94158.73,1
360,15717933,Fournier,736,Germany,Female,33,0,48126.91,2,1,0,34216.68,0
361,15804931,Campbell,687,Spain,Female,34,6,0.0,1,1,0,38029.59,0
362,15646850,Nelson,654,France,Male,50,4,131703.33,2,0,0,118759.24,0
363,15665859,Fischer,688,France,Male,44,7,0.0,1,1,0,197735.41,0
364,15781102,Williams,694,France,Female,35,8,76333.2,1,1,0,22379.16,0
365,15731857,Lewis,776,Germany,Male,49,10,159419.92,1,1,1,98173.22,0
366,15792961,Williams,648,France,Male,41,3,0.0,1,1,1,17513.33,0
367,15699041,Alvarez,675,Spain,Female,24,1,106672.8,1,0,0,151630.25,0
368,15738691,Jones,610,Germany,Male,37,8,147044.62,2,1,0,161981.9,0
369,15600398,Lee,661,France,Male,50,0,0.0,1,1,1,140351.12,0
370,15763113,Fournier,625,Spain,Female,64,7,0.0,2,0,0,132491.33,0
371,15576883,Hoffmann,535,Spain,Male,29,3,0.0,1,1,1,164556.0,0
372,15570753,Hill,735,France,Male,48,3,162051.39,2,1,0,143684.24,0
373,15668300,Lewis,794,France,Male,39,1,0.0,2,0,1,122065.17,0
374,15706831,Fernandez,646,France,Male,28,0,0.0,1,1,0,143226.95,0
375,15777937,Martin,682,France,Female,29,2,115357.37,2,1,0,21671.34,0
376,15796339,Weber,734,France,Female,29,4,0.0,1,1,0,69334.31,1
377,15616858,Flores,636,Spain,Female,26,3,0.0,2,0,1,132113.76,0
378,15649017,Carter,668,France,Male,28,4,165502.8,1,1,1,159555.9,0
379,15792842,Girard,629,France,Male,39,1,0.0,1,1,0,41991.64,0
380,15624889,Garcia,597,Germany,Male,24,1,125450.34,2,1,1,66111.47,0
381,15583981,Wagner,701,Germany,Female,31,8,104156.25,1,1,1,89054.27,1
382,15752122,Weber,700,Spain,Female,35,9,0.0,3,1,0,182488.51,1
383,15600329,Lopez,739,Spain,Male,31,8,0.0,1,1,1,73670.21,1
384,15575024,Brown,650,France,Female,27,10,158246.4,1,1,1,27995.29,0
385,15597859,Moreau,534,France,Female,38,8,77926.74,1,1,0,174232.99,0
386,15698334,Moore,757,Spain,Male,30,1,133635.31,1,1,0,79470.14,0
387,15619490,Girard,579,Germany,Female,31,8,103316.84,2,1,1,172540.56,0
388,15691095,Brown,577,Spain,Female,37,2,0.0,2,0,0,16791.88,0
389,15621483,Adams,598,France,Male,46,8,137591.84,2,1,1,189180.67,0
390,15692121,Becker,481,Spain,Male,32,6,0.0,1,1,1,190972.99,0
391,15788302,Muller,629,Germany,Female,33,9,80164.59,2,1,1,57209.25,0
392,15764933,Schneider,710,France,Female,28,10,0.0,2,1,1,7277.47,0
393,15812487,Smith,608,Germany,Female,49,7,128354.05,2,1,0,80244.78,0
394,15660355,Diaz,780,Germany,Female,38,10,118659.95,1,1,0,46167.1,0
395,15600822,Robinson,774,France,Female,48,5,145499.14,1,1,1,154618.9,1
396,15758885,Girard,736,France,Male,51,10,165193.66,1,1,0,8786.94,1
397,15681990,Jones,462,Spain,Male,32,0,0.0,2,1,0,23190.21,0
398,15763423,Davis,789,France,Male,68,4,94883.8,2,1,1,131895.09,0
399,15594128,Hoffmann,627,France,Female,47,8,136556.77,1,1,1,163079.78,0
400,15767510,Meyer,813,France,Female,39,10,84324.92,2,0,1,6791.39,0
401,15713721,Campbell,591,France,Female,33,9,0.0,1,1,1,50815.13,0
402,15668435,Romero,636,Spain,Male,31,4,118414.09,1,1,1,121943.61,0
403,15765133,Becker,659,Spain,Male,38,6,115047.23,2,1,1,56197.77,0
404,15737837,Smith,560,France,Female,41,0,141236.85,1,0,0,130137.66,0
405,15698642,Bernard,493,Spain,Male,23,1,0.0,2,0,1,123875.52,0
406,15809060,Lopez,417,Spain,Male,34,7,218525.62,2,0,1,101183.74,0
407,15671955,Dubois,850,France,Female,40,3,0.0,1,0,1,156651.8,1
408,15775180,Weber,488,Spain,Female,43,6,0.0,2,0,0,14190.44,0
409,15794366,Walker,489,France,Female,37,2,0.0,1,0,1,21501.06,0
410,15781928,Fernandez,705,Spain,Male,42,8,119213.06,2,1,1,25995.99,0
411,15776715,Jackson,512,Germany,Male,31,0,88033.09,1,1,0,195411.5,0
412,15624634,Nelson,494,Germany,Male,42,6,115048.62,1,1,1,55125.56,1
413,15668495,Davis,371,France,Male,41,7,174766.3,1,0,1,78755.47,0
414,15798499,Schmidt,678,Spain,Male,51,9,0.0,1,1,1,53996.53,0
415,15735839,Fernandez,546,France,Male,59,2,0.0,1,1,0,147480.44,0
416,15707828,Sanchez,712,France,Female,51,3,0.0,1,1,0,53019.17,1
417,15700599,Wagner,643,France,Male,35,6,138961.92,2,1,0,113488.32,0
418,15644953,Moore,658,Spain,Male,28,3,0.0,1,0,0,22015.84,0
419,15721063,Vargas,606,France,Male,31,8,0.0,1,1,0,162695.59,0
420,15773058,Jones,623,Spain,Female,58,8,0.0,1,0,1,190934.97,1
421,15701511,Garcia,563,Germany,Male,39,8,73569.77,2,1,0,71062.75,0
422,15639165,Nguyen,572,France,Male,41,5,0.0,2,1,1,19623.84,0
423,15694460,Smith,544,France,Male,48,6,0.0,2,0,1,69875.99,0
424,15777500,Lewis,797,France,Male,38,1,64122.42,2,1,1,32764.7,0
425,15571475,Martinez,612,Germany,Female,53,2,84151.39,2,1,1,178014.21,0
426,15679595,White,430,Spain,Male,27,4,0.0,1,1,0,192888.81,0
427,15674765,Robinson,675,France,Male,43,2,143449.9,2,0,1,59174.78,0
428,15645137,Moreau,572,Spain,Female,64,8,0.0,1,1,0,151871.18,0
429,15628713,Clark,646,France,Male,55,2,127600.78,2,1,0,152707.66,1
430,15596453,Harris,624,Spain,Female,56,10,0.0,2,1,0,155541.69,1
431,15729712,Schmidt,795,Spain,Male,27,4,118802.01,1,1,1,18347.9,0
432,15742695,Clark,613,Spain,Female,40,8,0.0,1,1,1,169771.59,0
433,15696002,Bernard,729,Germany,Male,37,0,140860.77,1,0,0,88164.5,0
434,15692012,Schneider,719,Spain,Male,31,7,0.0,2,1,1,164366.7,0
435,15771460,King,517,France,Male,41,5,0.0,1,0,1,66868.91,1
436,15730025,Williams,668,France,Female,28,8,110466.82,1,1,1,183459.98,0
437,15676629,Navarro,576,France,Male,42,1,0.0,1,0,1,44437.66,0
438,15653499,Robinson,533,Germany,Female,30,2,103070.16,2,1,1,36302.98,1
439,15626684,Lee,533,Germany,Female,42,9,56467.21,2,1,0,2438.0,0
440,15566993,Robinson,730,Germany,Male,31,6,142166.89,2,1,1,57525.09,0
441,15735399,Brown,850,Spain,Male,35,6,0.0,2,1,0,84878.62,0
442,15783444,Nelson,572,France,Male,34,6,0.0,1,1,1,153397.53,0
443,15754231,Hoffmann,671,Germany,Female,37,3,176722.34,1,1,1,12815.82,0
444,15593949,Muller,680,France,Female,38,10,124018.39,2,1,0,45099.02,0
445,15654255,Vargas,599,France,Male,34,6,0.0,1,1,0,119983.15,0
446,15694524,Lewis,787,Germany,Male,29,0,73357.98,2,0,0,153400.99,0
447,15656588,Martin,850,Spain,Female,52,3,0.0,2,0,0,138014.45,1
448,15774391,Castillo,592,Germany,Male,38,10,132065.68,1,0,1,153534.64,0
449,15581636,Dubois,818,France,Male,41,5,0.0,1,1,1,155353.02,0
450,15653869,Hall,597,Germany,Male,34,7,152130.12,4,1,1,33299.35,1
451,15588001,Lewis,556,France,Male,75,0,0.0,1,1,0,56941.92,0
452,15607148,Taylor,636,Spain,Female,39,0,114525.41,1,1,0,179662.07,0
453,15670089,Thompson,734,Germany,Female,53,2,118973.07,1,1,0,145687.54,1
454,15687827,Garcia,640,France,Male,35,5,76733.82,1,0,0,192205.63,0
455,15651242,Green,722,France,Male,44,6,103713.56,1,1,1,193750.21,0
456,15812961,Hill,672,France,Female,36,0,0.0,1,1,0,659.45,0
457,15583443,Rivera,781,Spain,Male,50,10,116965.45,1,1,1,118663.49,1
458,15792984,Carter,701,France,Male,33,6,104470.66,1,1,1,159644.97,0
459,15741825,Jackson,798,Spain,Male,29,3,0.0,2,1,1,129899.66,0
460,15611650,Williams,567,Germany,Female,41,4,135963.07,2,0,0,13650.07,0
461,15585588,Alvarez,630,Germany,Female,51,5,161568.34,2,0,0,136313.32,0
462,15694145,Carter,650,France,Female,36,8,0.0,2,0,0,94291.86,0
463,15725108,Lee,567,Spain,Male,33,1,92830.53,1,1,0,114696.41,0
464,15805165,Martin,552,France,Female,27,6,0.0,1,0,0,158839.22,0
465,15702341,Nelson,687,Germany,Male,51,5,149993.43,2,1,0,33794.94,1
466,15582993,King,715,Germany,Female,30,8,115860.31,1,1,1,71532.47,0
467,15668031,Lopez,661,Germany,Male,34,3,101438.68,1,1,0,10161.18,1
468,15721652,Wagner,753,Spain,Male,34,4,171067.58,1,0,1,114381.8,0
469,15628066,Hall,543,France,Male,37,8,94007.96,1,1,1,17629.84,0
470,15668122,Wright,612,Germany,Male,44,9,119954.3,1,1,0,50430.46,1
471,15626105,Fournier,536,France,Male,67,9,0.0,2,1,1,150232.07,0
472,15768890,Garcia,664,France,Female,41,9,125596.4,2,0,0,22628.6,0
473,15635809,Wright,697,France,Female,28,1,0.0,1,1,0,69244.89,0
474,15698632,Harris,780,France,Female,37,7,107676.42,2,1,0,150305.82,0
475,15628180,Martin,536,France,Male,41,7,119327.94,2,0,0,154076.47,0
476,15646393,Thomas,686,France,Male,54,2,84621.32,1,0,0,149792.07,1
477,15810304,Carter,789,France,Male,52,4,0.0,2,1,0,119609.66,0
478,15741189,Smith,553,Germany,Male,36,10,163741.0,1,1,0,139343.6,1
479,15567325,Laurent,530,Germany,Male,39,1,173911.71,2,1,1,133013.63,0
480,15699533,White,507,France,Female,40,8,0.0,1,1,0,109270.2,0
481,15633451,Young,711,France,Female,39,3,0.0,1,1,1,77498.7,0
482,15793362,Alvarez,580,France,Male,37,9,0.0,2,1,1,22147.52,0
483,15662445,Clark,696,Germany,Female,59,5,56530.24,2,0,0,166358.04,1
484,15766576,Martin,629,France,Female,32,0,0.0,1,1,1,99716.56,0
485,15761631,Vargas,825,France,Male,49,1,127377.47,2,1,1,156619.45,0
486,15616224,Harris,726,France,Female,46,9,0.0,2,1,0,93903.88,0
487,15669618,Lee,572,France,Male,36,8,151335.85,2,1,0,127860.71,0
488,15680408,Diaz,621,France,Male,31,2,138015.56,2,1,0,196287.8,0
489,15781967,Walker,726,Germany,Female,38,7,138388.31,2,1,1,19032.57,0
490,15719743,Roberts,546,Germany,Female,44,5,88419.73,1,1,0,57905.0,1
491,15680790,Girard,765,Germany,Male,21,0,124827.74,1,1,1,51511.82,0
492,15683071,Wagner,626,Germany,Male,28,7,77298.64,2,1,1,178883.12,0
493,15643311,Scott,728,Germany,Female,23,1,108021.36,1,1,1,24744.73,1
494,15746466,Girard,631,France,Male,41,4,0.0,2,1,1,167809.31,0
495,15692178,Jones,599,Spain,Female,40,0,0.0,1,1,0,20903.87,0
496,15639203,Green,583,Germany,Female,29,2,128256.97,1,0,1,196414.2,1
497,15809929,Rivera,818,France,Male,31,10,0.0,1,0,0,28943.72,0
498,15603904,Walker,621,Germany,Female,40,5,118885.44,1,1,1,7454.66,1
499,15596296,Walker,850,France,Female,26,7,124443.73,2,0,1,183001.89,0
500,15736259,Lee,665,Germany,Female,45,3,122068.42,1,1,0,185760.94,1
501,15745745,Baker,567,Germany,Male,35,0,139359.56,2,0,1,91574.13,0
502,15762226,Miller,496,Spain,Male,37,6,180558.66,2,1,1,123768.38,0
503,15735641,Gonzalez,770,Spain,Male,38,2,0.0,1,1,1,38848.91,0
504,15598026,Rodriguez,631,Germany,Female,28,1,106525.21,2,1,1,191188.22,0
505,15680687,Becker,730,Germany,Female,38,5,101235.65,2,1,0,167876.6,0
506,15665931,Anderson,850,Spain,Female,44,4,103952.3,1,1,1,177409.91,1
507,15788877,Wilson,715,France,Female,31,1,100741.64,1,1,0,169027.07,0
508,15733128,Alvarez,683,Spain,Male,30,6,0.0,1,0,1,110839.17,0
509,15791089,Fischer,769,France,Male,65,4,123206.27,2,1,0,66422.7,0
510,15810524,Scott,728,France,Female,30,10,107569.76,3,1,0,198648.52,1
511,15708424,Baker,528,France,Female,34,0,119068.38,2,1,1,79656.9,0
512,15660176,Rivera,779,Spain,Female,56,5,104843.3,1,0,1,194351.11,1
513,15755898,King,646,France,Male,25,8,121658.54,2,1,1,46649.53,0
514,15648196,Sanchez,800,France,Male,36,4,100101.41,1,1,0,119867.33,1
515,15756571,Fischer,699,France,Female,43,2,0.0,2,1,0,110117.79,0
516,15703194,Smith,766,France,Male,37,10,0.0,2,1,1,53204.96,0
517,15731288,Gonzalez,628,France,Male,25,3,0.0,1,1,0,51946.03,0
518,15808220,Campbell,503,Germany,Female,28,10,213500.56,2,1,0,156332.93,0
519,15764670,Hill,705,France,Female,24,9,0.0,1,0,1,66355.26,0
520,15747968,Romero,745,Spain,Female,35,7,94994.55,2,0,1,133653.77,0
521,15804534,Fischer,596,Spain,Female,41,8,0.0,2,1,1,105339.42,0
522,15577792,Taylor,630,France,Female,31,5,108226.69,1,0,1,37588.07,0
523,15731568,Green,435,France,Male,34,7,18271.2,2,1,0,56268.51,0
524,15607344,Hall,635,Germany,Male,34,2,149427.15,1,0,0,64408.67,1
525,15587559,Roberts,529,France,Female,52,0,0.0,1,1,0,54155.56,1
526,15741507,Torres,700,France,Male,40,6,129442.53,1,1,0,20340.82,1
527,15685323,Wright,682,Spain,Female,38,8,171747.79,2,0,0,1727.37,0
528,15805928,Laurent,651,Spain,Female,50,9,104300.46,2,1,1,159959.67,1
529,15605124,Harris,778,Spain,Male,27,8,0.0,2,0,1,52871.83,0
530,15674141,Laurent,673,France,Male,39,10,92458.7,1,1,1,179776.04,0
531,15675347,Torres,669,Germany,Female,32,6,144845.31,1,1,1,5336.26,0
532,15741003,Baker,681,Germany,Male,55,1,130350.59,1,1,1,156824.56,1
533,15673381,Flores,593,France,Male,50,2,0.0,1,1,0,59778.09,1
534,15631264,Fischer,746,Germany,Female,32,3,160681.33,2,1,1,134215.3,0
535,15754421,Garcia,561,France,Male,35,10,0.0,1,1,1,138808.74,0
536,15617086,White,691,France,Male,29,9,114878.53,1,1,1,43582.26,0
537,15686211,Castillo,768,Germany,Female,47,7,140614.72,1,1,0,40375.83,1
538,15571678,Williams,550,France,Female,44,9,0.0,2,1,1,170079.74,0
539,15722760,Green,520,France,Male,35,3,88947.58,1,1,1,45394.23,0
540,15744089,Weber,549,Spain,Female,35,7,147847.22,2,1,0,24165.91,0
541,15743848,Wright,826,Spain,Female,33,1,0.0,1,0,1,137841.57,0
542,15578340,Smith,591,Germany,Male,54,1,112611.15,2,1,1,43443.67,0
543,15608931,Muller,534,Spain,Male,36,7,0.0,2,1,1,144712.84,0
544,15599378,Alvarez,686,Spain,Female,33,7,126711.06,1,0,0,91777.55,0
545,15666188,Dubois,386,France,Male,46,6,0.0,1,0,1,72337.7,0
546,15567795,Miller,557,France,Female,22,5,0.0,1,0,0,12219.93,0
547,15630953,Clark,787,France,Female,34,6,0.0,2,1,1,58882.48,0
548,15618489,Wright,557,France,Male,48,4,0.0,2,1,0,52349.43,0
549,15600897,Martin,625,Spain,Female,58,3,124979.03,2,1,0,149200.81,1
550,15612601,Becker,679,France,Male,32,2,127069.57,1,0,0,100028.0,0
551,15623747,Schmidt,679,France,Female,43,4,0.0,2,0,0,182523.17,0
552,15737068,Nelson,598,France,Male,31,3,0.0,2,1,0,16421.2,0
553,15592084,Gonzalez,703,France,Female,67,1,0.0,1,1,1,102116.1,0
554,15571244,Hall,790,Spain,Male,39,5,130146.06,1,0,0,48069.62,0
555,15588332,Mitchell,547,France,Female,44,4,0.0,1,1,0,92563.16,1
556,15715167,Allen,603,France,Female,23,1,122825.12,1,1,1,39699.46,0
557,15718631,Muller,640,France,Male,33,9,133626.16,3,1,1,61592.66,0
558,15759560,Robinson,718,France,Male,46,5,134783.95,2,1,1,136564.69,0
559,15684174,Muller,653,Germany,Female,27,1,180101.97,2,1,0,164088.2,0
560,15787445,Jones,638,France,Female,39,0,0.0,1,1,0,111120.43,0
561,15755428,Young,500,France,Male,59,0,0.0,1,1,0,63748.09,0
562,15603655,King,540,France,Male,47,4,148569.14,1,1,1,72952.05,0
563,15591451,Perez,669,Spain,Female,43,2,97744.02,2,1,0,103007.88,0
564,15660650,Jackson,600,Germany,Male,33,10,143738.78,1,0,1,110252.27,0
565,15690194,Baker,617,Germany,Female,28,5,62398.37,1,1,0,163761.79,1
566,15665667,Wright,644,Germany,Male,37,8,95616.93,2,1,1,191231.57,0
567,15660405,Torres,850,Spain,Male,45,2,0.0,1,1,0,40083.18,1
568,15614916,Hall,602,France,Female,29,0,0.0,2,1,0,184926.67,0
569,15730326,Young,785,France,Male,47,3,152649.42,2,1,1,115797.51,0
570,15773963,Hoffmann,777,Germany,Female,39,7,151368.68,2,1,1,71268.82,0
571,15814303,Clark,728,France,Female,30,8,0.0,2,0,1,37652.98,0
572,15667382,Gonzalez,568,Spain,Male,25,2,0.0,1,1,1,130999.35,0
573,15608448,Davis,663,France,Male,26,3,0.0,1,1,0,135646.05,0
574,15591956,Bernard,612,Spain,Male,36,5,125838.6,1,1,0,179901.07,0
575,15723781,Johnson,845,Spain,Female,51,3,0.0,2,1,0,65318.32,0
576,15630499,Smith,690,Germany,Female,31,3,154963.76,1,1,0,107592.99,0
577,15747662,Young,629,Spain,Female,54,10,123362.79,2,1,1,127973.72,0
578,15780262,Weber,823,Germany,Male,25,10,80211.86,1,1,1,155616.45,0
579,15625776,Ramirez,616,Spain,Male,38,3,0.0,2,1,1,170659.17,0
580,15746690,Flores,704,France,Male,37,0,128062.2,2,1,0,147250.77,0
581,15775637,Fischer,718,France,Female,42,3,144296.7,1,0,0,59923.41,1
582,15794016,Lopez,684,Germany,Male,39,9,133176.65,2,1,0,100680.17,0
583,15599622,Schmidt,640,France,Male,33,9,0.0,2,1,1,106224.07,0
584,15807165,Mitchell,731,France,Male,33,7,99888.26,1,0,0,195803.0,0
585,15801411,Muller,589,Spain,Male,48,7,0.0,1,0,1,107341.9,1
586,15663207,Perez,758,Germany,Female,38,3,150206.83,2,0,1,8120.17,0
587,15616964,Vargas,623,France,Female,23,4,92868.24,2,1,0,149961.61,0
588,15729889,Martinez,780,France,Female,34,9,89206.99,2,1,0,78805.59,0
589,15797640,Moreau,751,France,Male,35,2,0.0,1,1,0,103452.08,0
590,15649473,Girard,703,France,Female,35,4,0.0,1,1,1,148007.69,0
591,15770315,Becker,641,Spain,Male,46,9,126899.92,2,1,1,192668.26,0
592,15761973,Williams,757,France,Female,32,7,41548.64,2,1,0,160974.8,0
593,15722478,Moreau,705,France,Female,40,1,0.0,1,1,0,51078.43,1
594,15711349,Fischer,350,Germany,Male,59,8,97875.25,2,1,0,43319.03,1
595,15675556,Baker,571,France,Female,51,0,0.0,1,1,1,195502.66,1
596,15779483,Romero,666,France,Male,31,3,73943.2,1,0,1,42641.08,0
597,15665963,Williams,677,Germany,Male,39,10,137266.95,2,0,0,27574.95,0
598,15609484,Bernard,719,Germany,Male,21,0,120566.7,2,1,0,178849.41,0
599,15602605,Becker,800,Spain,Male,44,2,0.0,2,0,0,89040.57,0
600,15624932,Torres,707,Germany,Female,27,9,144003.48,2,1,0,9755.16,0
601,15648369,Gonzalez,448,France,Female,37,7,113893.5,1,0,0,118604.8,0
602,15718261,Moreau,669,Spain,Female,36,2,0.0,1,0,0,73799.06,0
603,15674586,Fischer,768,Spain,Female,51,3,172231.51,2,1,0,87580.42,1
604,15616085,Mitchell,661,Germany,Female,40,10,150122.2,2,0,0,119846.74,1
605,15812683,Perez,670,Spain,Male,36,6,0.0,1,1,1,198351.92,0
606,15630472,Lewis,602,Spain,Male,45,3,146995.84,2,0,1,22079.22,0
607,15667412,Robinson,742,Spain,Male,53,1,177076.38,2,1,1,47378.93,0
608,15766213,Baker,616,France,Female,22,4,137482.62,1,0,0,167271.8,0
609,15676572,Clark,708,Germany,Female,32,3,123809.48,1,0,0,27314.38,1
610,15683146,Adams,692,France,Female,60,4,139128.94,1,1,1,194745.16,0
611,15746852,Young,655,Germany,Male,70,0,103394.15,2,1,1,65700.98,0
612,15801105,Baker,697,Germany,Male,30,5,145485.03,1,1,0,126029.15,0
613,15665897,Muller,670,Spain,Female,48,2,150893.23,1,1,0,39227.53,1
614,15579993,Hill,774,Spain,Male,30,10,0.0,2,0,1,63299.11,0
615,15625261,White,716,France,Female,29,3,0.0,1,1,1,110968.79,0
616,15619793,Wright,751,Germany,Male,36,2,130634.99,2,0,1,192952.03,0
617,15635992,Castillo,576,Germany,Male,50,3,101112.13,2,0,1,75780.21,0
618,15568309,Bernard,570,France,Female,35,6,0.0,1,0,1,180587.82,0
619,15789239,Alvarez,656,France,Female,50,8,112907.06,2,0,1,41690.62,0
620,15716039,Castillo,723,France,Female,51,3,0.0,2,1,0,7119.41,1
621,15664850,Wilson,702,Spain,Male,33,7,0.0,2,1,0,168042.42,0
622,15711251,Fernandez,577,France,Male,33,1,136781.85,2,1,0,140711.14,0
623,15622709,Perez,726,Spain,Female,35,2,0.0,1,1,1,23100.52,0
624,15770011,Castillo,589,France,Female,38,3,0.0,2,1,0,4195.12,0
625,15715261,Harris,715,Spain,Male,36,7,104389.58,2,1,1,164175.46,0
626,15806882,Robinson,678,France,Female,39,6,0.0,2,0,0,34231.56,0
627,15759314,Jackson,628,Spain,Male,34,5,114041.08,2,0,0,95764.82,0
628,15716034,Weber,598,France,Male,28,6,0.0,2,1,0,170562.71,0
629,15581269,Robinson,663,Germany,Female,64,2,102690.67,1,1,1,113900.8,1
630,15606149,Lee,658,Spain,Female,32,2,76159.41,1,1,1,180039.91,0
631,15665182,Girard,548,Spain,Male,25,7,0.0,1,1,0,7427.58,0
632,15613315,Anderson,708,Spain,Male,46,10,83922.11,1,1,0,84759.34,1
633,15620918,Hall,762,France,Female,29,0,79107.7,2,0,0,39372.08,0
634,15626257,Meyer,733,France,Female,44,3,121788.31,1,0,1,80330.61,1
635,15683980,Lopez,681,France,Female,32,9,0.0,1,0,0,152237.99,0
636,15669807,Lee,606,France,Male,69,9,0.0,2,0,1,178534.54,0
637,15813536,Nelson,663,Germany,Female,56,2,155399.17,2,1,1,29650.45,1
638,15598353,Smith,637,Germany,Female,36,0,41873.82,1,1,1,69243.62,0
639,15631964,Scott,662,Spain,Female,43,6,126007.72,3,1,0,88754.44,1
640,15589809,Johnson,741,Spain,Male,41,7,136986.57,1,1,0,49610.22,0
641,15736583,Vargas,640,Germany,Female,31,2,97183.54,1,1,1,39669.62,0
642,15650943,Vargas,472,Spain,Female,45,3,0.0,1,1,0,164334.37,0
643,15643824,Torres,728,France,Female,38,7,0.0,2,1,0,173503.18,0
644,15658617,Nguyen,689,France,Female,40,5,146877.64,1,0,0,6095.62,1
645,15720892,Fournier,665,Germany,Female,44,3,84770.13,1,1,1,184238.51,0
646,15588677,Thomas,536,Spain,Male,37,9,95442.24,1,1,1,157970.12,0
647,15629810,Muller,569,France,Male,30,9,80778.43,2,1,0,57743.2,0
648,15784416,Alvarez,581,Germany,Female,43,7,138176.74,1,0,1,127731.94,1
649,15727224,Moreau,593,Germany,Male,47,10,99004.42,1,1,0,92576.44,1
650,15806225,Moore,602,France,Male,47,3,0.0,1,1,0,41319.14,0
651,15642620,Gonzalez,535,France,Female,47,1,0.0,2,1,0,22057.22,0
652,15730941,Navarro,850,Spain,Male,42,8,0.0,1,1,1,118158.79,0
653,15702274,Sanchez,796,Germany,Female,25,6,76038.84,2,1,0,6791.23,0
654,15580535,Campbell,677,France,Male,70,4,0.0,2,1,1,160465.19,1
655,15670950,Romero,647,Spain,Male,46,2,137394.97,2,1,1,132039.89,0
656,15772917,Moore,827,France,Male,34,0,0.0,2,0,1,129971.57,0
657,15674152,Martin,808,Spain,Female,49,1,0.0,1,1,0,108658.42,1
658,15793715,Young,578,France,Female,28,7,122234.26,2,1,1,123357.42,0
659,15630093,Thomas,674,Germany,Male,45,2,128352.23,1,1,1,183483.04,0
660,15792129,Baker,632,France,Male,35,10,114567.78,1,1,0,111601.14,0
661,15624246,Allen,624,France,Male,29,5,0.0,1,1,0,55390.55,0
662,15728531,Williams,634,Spain,Female,29,0,0.0,2,0,0,144530.69,0
663,15773939,Ramirez,642,France,Female,42,7,127985.73,2,1,1,67141.42,0
664,15714392,Lewis,670,France,Female,44,7,0.0,2,1,0,173048.73,1
665,15724067,Ruiz,671,France,Male,30,1,115075.79,1,0,0,88083.08,1
666,15695139,Harris,790,Germany,Female,35,9,91761.97,1,1,0,53340.81,0
667,15768807,Hoffmann,572,Spain,Male,41,8,75511.45,1,1,1,15558.39,1
668,15785672,Anderson,744,Spain,Male,33,6,0.0,2,1,1,66705.32,0
669,15658073,Davis,546,France,Male,66,1,0.0,1,0,0,103601.21,1
670,15657997,Gonzalez,673,France,Male,43,5,108139.82,2,0,0,15948.08,0
671,15789597,Fischer,751,France,Male,37,10,106189.94,2,1,0,195233.55,0
672,15665507,Lopez,705,Germany,Female,51,2,171470.84,1,1,1,121149.29,1
673,15651237,Meyer,619,Spain,Male,44,10,0.0,1,0,0,153242.58,0
674,15682992,Torres,678,Germany,Female,41,2,79992.99,2,1,1,15817.26,1
675,15681610,Becker,810,Germany,Female,43,6,120532.36,2,1,1,81221.63,0
676,15777378,Sanchez,593,France,Female,47,4,0.0,1,1,0,77466.97,1
677,15567511,Miller,705,Spain,Male,32,0,175763.16,1,1,0,134225.88,0
678,15721871,Dubois,744,France,Female,24,7,0.0,2,1,1,94414.54,0
679,15783650,Meyer,612,France,Male,52,5,146901.39,1,1,0,50150.77,1
680,15748668,Diaz,818,France,Male,39,3,0.0,1,0,1,149645.28,0
681,15710417,Martinez,850,France,Male,34,2,125761.18,2,0,1,138831.68,0
682,15812942,Moore,756,France,Female,30,5,103988.19,1,0,1,81821.98,0
683,15736793,Walker,756,France,Female,29,1,118498.63,1,0,0,175171.64,0
684,15798316,Brown,482,France,Female,40,6,92910.43,2,1,0,28146.19,0
685,15674412,Baker,522,Germany,Female,38,1,106838.07,2,1,1,102825.71,0
686,15624871,Fischer,642,France,Male,51,2,0.0,1,1,1,169944.11,0
687,15640431,Hall,586,France,Female,44,5,131560.04,2,1,1,141252.76,0
688,15687992,Laurent,711,Spain,Female,47,8,0.0,1,1,0,105210.69,0
689,15639943,Scott,374,Germany,Male,50,4,101665.32,2,1,1,18915.21,1
690,15776263,Harris,710,Germany,Female,40,6,186496.13,2,1,0,6948.95,1
691,15566309,Vargas,633,France,Female,59,10,0.0,2,1,0,133903.18,0
692,15594434,Rivera,597,Spain,Male,32,6,127285.69,1,0,1,87566.51,0
693,15638079,Flores,835,France,Male,50,8,0.0,1,1,0,83544.5,1
694,15705159,Becker,620,France,Male,24,5,0.0,2,0,0,78209.97,0
695,15571765,Muller,493,Spain,Female,24,2,0.0,2,1,1,34709.52,0
696,15700588,Martinez,694,Germany,Male,28,4,175069.7,2,1,0,112076.62,0
697,15694759,Dubois,687,Germany,Male,37,3,133723.31,1,1,1,76015.35,0
698,15774132,Baker,633,Germany,Female,24,6,143846.16,3,1,1,14674.11,1
699,15624083,Fournier,850,Germany,Female,36,1,108817.67,1,0,1,185670.46,0
700,15767801,Lopez,670,France,Female,34,8,0.0,1,1,0,99939.72,0
701,15606973,Lewis,748,France,Female,68,1,87690.11,2,1,1,49971.91,0
702,15752506,Ruiz,681,France,Male,27,7,0.0,1,1,1,140809.67,0
703,15674593,Moreau,773,France,Male,39,5,0.0,1,0,0,169929.45,0
704,15785888,Wilson,618,Spain,Female,44,8,79514.83,2,1,1,59964.36,0
705,15684670,Carter,547,France,Male,25,1,155297.07,1,1,0,185737.4,0
706,15587860,Garcia,724,Germany,Female,57,2,100018.32,3,0,1,118234.86,1
707,15667503,Thompson,679,Spain,Female,46,2,141160.99,2,0,1,52055.34,0
708,15628961,Wagner,727,Spain,Female,52,8,140224.93,2,0,0,140561.08,1
709,15671660,Baker,590,France,Female,41,2,151111.94,1,1,1,123981.47,1
710,15780544,Ramirez,697,France,Female,31,3,0.0,1,0,1,184651.5,0
711,15813749,Schneider,495,Spain,Female,26,1,131279.14,2,1,1,177096.78,0
712,15704980,Vargas,603,Germany,Male,48,2,87418.98,1,1,1,120708.36,0
713,15788911,Brown,582,Spain,Male,34,9,121768.32,1,1,0,126675.36,0
714,15755323,Gonzalez,698,Spain,Male,23,1,145741.17,2,1,1,42790.29,0
715,15812351,Hoffmann,603,Spain,Female,34,10,68603.51,2,0,0,149428.58,0
716,15654603,Lewis,517,France,Male,37,9,0.0,1,1,0,163936.61,0
717,15676960,Hall,595,Germany,Male,55,10,91615.22,2,1,0,198454.45,0
718,15607647,Clark,708,France,Female,35,6,124843.13,3,1,0,44168.74,1
719,15756087,Martin,663,Germany,Male,38,7,86478.95,1,0,1,111106.69,0
720,15654931,Schneider,578,Spain,Female,38,9,140484.41,1,1,0,194288.51,0
721,15698070,Nguyen,731,Germany,Male,50,7,112558.37,1,0,0,143921.12,1
722,15710173,Thomas,802,France,Male,31,6,0.0,1,0,0,66369.47,0
723,15655785,Taylor,738,France,Male,42,4,126896.72,2,1,1,8951.08,0
724,15770200,Weber,426,Spain,Male,33,9,0.0,1,1,0,195685.54,1
725,15748217,Williams,673,France,Female,55,3,0.0,2,1,0,128216.87,0
726,15795830,Hoffmann,636,France,Female,59,6,0.0,2,1,1,164163.41,0
727,15611819,Fischer,453,France,Female,39,0,83072.08,1,1,1,15899.59,0
728,15598272,Wright,525,France,Female,41,7,0.0,1,1,0,115524.3,0
729,15687582,Ramirez,728,France,Female,35,1,0.0,1,1,1,184118.98,0
730,15700425,Diaz,668,Germany,Female,24,0,143421.53,1,1,1,126110.09,0
731,15803050,Fernandez,658,France,Male,38,3,0.0,1,1,0,76094.3,0
732,15791399,Meyer,587,France,Male,37,7,0.0,1,1,1,59801.81,0
733,15790986,Walker,755,France,Female,34,9,156633.43,1,0,0,19969.77,0
734,15724850,Laurent,531,France,Female,35,6,0.0,2,1,0,654.41,1
735,15575676,Allen,564,France,Male,42,7,90280.86,1,0,0,68631.42,1
736,15636556,Roberts,619,Germany,Male,41,2,151040.32,1,1,1,113702.19,0
737,15757822,Clark,502,France,Male,35,1,110018.13,1,1,1,179979.57,1
738,15720248,Young,564,France,Male,56,1,133752.5,1,0,1,197054.77,1
739,15668635,Fournier,753,France,Female,24,0,96541.82,2,1,0,19652.82,0
740,15771641,Roberts,568,France,Male,31,3,0.0,1,1,1,57306.12,0
741,15700675,Fernandez,726,France,Female,48,8,0.0,2,0,0,6313.22,0
742,15642834,Garcia,712,France,Female,25,0,0.0,1,1,1,69081.8,1
743,15724532,Moreau,634,Spain,Male,24,3,65190.99,1,1,1,130678.9,0
744,15797465,Ramirez,512,France,Female,31,6,0.0,2,1,0,83150.99,0
745,15658271,Meyer,656,Germany,Female,37,0,159213.38,1,1,1,162447.88,0
746,15573142,Martinez,445,France,Male,33,6,84551.56,1,1,1,13407.39,0
747,15580232,Miller,599,France,Male,40,4,0.0,2,1,1,127888.97,0
748,15668103,Williams,674,France,Female,24,10,79806.99,2,0,0,199695.77,0
749,15655459,Hill,734,Spain,Male,31,5,0.0,1,0,0,37447.88,0
750,15671499,Schneider,635,Spain,Male,45,5,0.0,2,1,1,192946.52,0
751,15639581,King,591,France,Male,42,9,0.0,1,1,0,153637.8,0
752,15786858,Diaz,583,France,Male,32,8,146667.33,2,0,0,64613.58,0
753,15800688,Nguyen,605,France,Female,39,6,117328.53,1,1,0,84738.73,0
754,15779051,Nelson,711,France,Male,37,7,0.0,1,0,1,21359.44,0
755,15688942,Rodriguez,684,Germany,Female,37,4,152178.33,1,1,1,136564.14,0
756,15591992,Vargas,648,France,Male,41,7,114799.7,2,1,0,112236.9,0
757,15716124,King,711,France,Female,60,3,139257.36,1,1,1,36205.05,0
758,15691906,Gonzalez,650,Spain,Male,61,3,0.0,2,0,0,105166.9,0
759,15595409,Meyer,521,France,Female,25,9,103309.32,2,1,0,191316.58,0
760,15766313,Hall,542,France,Female,35,4,0.0,1,1,1,193603.4,0
761,15746603,Allen,708,Germany,Male,28,5,139591.26,2,1,1,158848.65,0
762,15795124,Scott,517,France,Female,42,1,148999.67,2,1,0,28495.36,0
763,15568056,Anderson,613,France,Male,35,3,101792.69,2,0,0,72686.47,0
764,15783623,Carter,639,France,Female,50,7,0.0,1,1,0,121867.59,0
765,15660986,Smith,550,Spain,Female,37,5,0.0,2,1,0,35018.78,0
766,15582431,Campbell,488,France,Male,57,3,107945.36,2,1,1,174787.58,0
767,15603888,Diaz,536,France,Male,61,0,164583.21,1,1,0,137979.18,0
768,15757699,Wilson,474,France,Male,56,6,65199.38,2,1,0,54819.7,0
769,15724780,Rivera,709,France,Female,23,3,174574.25,1,0,0,175167.48,0
770,15658641,Romero,689,Germany,Female,40,10,175339.71,2,0,1,137962.3,1
771,15574418,Thompson,576,France,Male,34,0,0.0,2,1,1,164193.47,0
772,15737215,Schneider,517,Germany,Male,35,7,88567.61,2,1,1,128254.69,0
773,15625202,Jones,763,Germany,Male,48,4,120595.88,2,1,1,191953.79,0
774,15746942,Walker,693,Spain,Female,35,2,0.0,1,1,1,171892.38,0
775,15668491,Meyer,590,France,Male,38,7,151874.27,2,1,0,189269.55,0
776,15567834,Perez,765,Spain,Male,39,5,0.0,2,1,1,185363.61,0
777,15591070,Sanchez,663,Germany,Female,24,0,117796.55,2,1,0,123873.96,0
778,15760064,Weber,681,France,Male,33,6,80622.35,1,0,0,170345.64,0
779,15688163,Alvarez,549,Spain,Female,51,1,0.0,1,1,1,73668.91,0
780,15651028,Scott,503,Spain,Male,23,9,196565.32,2,0,1,19859.4,0
781,15721919,Sanchez,498,France,Male,44,2,0.0,1,0,1,97316.27,1
782,15651121,Roberts,850,Spain,Female,30,8,0.0,2,1,0,25539.74,0
783,15651461,Martinez,570,France,Male,34,3,0.0,2,1,0,41232.7,1
784,15797600,Nelson,656,Germany,Male,46,3,172624.43,1,0,1,117378.95,1
785,15714908,Rivera,695,Spain,Female,28,0,118562.58,1,1,1,51140.75,0
786,15692404,Young,648,France,Female,35,10,156956.34,2,1,0,2944.95,0
787,15708625,Vargas,635,Spain,Female,25,6,0.0,1,1,0,58663.28,0
788,15651116,Mitchell,633,France,Male,42,1,123188.44,2,0,1,111738.08,0
789,15781800,Anderson,697,Spain,Male,31,0,123311.45,1,1,1,97873.28,0
790,15639285,Thompson,549,Germany,Male,26,3,76535.53,1,0,0,62887.55,1
791,15738366,Martinez,607,France,Female,37,5,109241.81,1,1,0,143394.12,0
792,15785952,Scott,427,France,Female,25,0,0.0,1,1,1,51614.38,0
793,15596803,Jones,469,France,Male,34,3,0.0,2,1,1,143495.06,0
794,15704678,Thompson,524,France,Female,30,3,0.0,2,1,1,40753.92,0
795,15787050,Laurent,733,France,Male,40,9,0.0,1,0,0,14542.79,0
796,15660906,Dubois,624,France,Female,40,4,157880.31,1,1,0,72314.73,1
797,15585707,Lopez,718,France,Male,31,1,0.0,2,0,1,171941.03,0
798,15811372,Brown,687,France,Male,57,2,0.0,1,1,1,147797.4,1
799,15707047,Walker,675,Germany,Female,50,9,111785.19,1,0,1,140772.06,1
800,15711634,Thomas,558,Germany,Female,29,0,165701.9,2,0,1,15442.18,0
801,15657454,Smith,657,Germany,Male,73,1,128629.36,1,1,1,35776.5,1
802,15615516,Roberts,675,France,Male,46,0,139637.25,1,1,1,131401.5,0
803,15728047,Scott,850,Spain,Female,41,0,0.0,1,0,1,136665.49,1
804,15650767,Lewis,616,Germany,Male,42,10,97393.94,1,1,1,82213.77,0
805,15747827,Ruiz,721,France,Female,27,10,0.0,1,1,0,183279.61,0
806,15680991,Adams,638,France,Female,53,8,134115.21,1,1,0,194302.07,1
807,15647490,Clark,582,Germany,Male,24,1,123118.69,1,1,0,30630.13,0
808,15768422,Lopez,734,France,Male,42,7,80552.84,2,0,1,44630.02,0
809,15727889,Jones,833,Germany,Male,51,8,129957.66,1,1,1,195193.78,0
810,15743058,Diaz,675,Spain,Female,30,8,124296.15,2,1,0,160796.17,0
811,15795112,Dubois,584,France,Male,47,8,0.0,1,0,0,46637.53,0
812,15804297,Harris,695,France,Female,38,7,98557.89,1,1,1,179829.33,0
813,15671566,Walker,677,Spain,Male,48,4,0.0,1,1,0,127755.87,0
814,15618760,Rodriguez,850,Germany,Female,50,0,89185.37,2,1,0,110513.2,1
815,15756765,Weber,722,France,Male,58,9,0.0,1,1,1,148912.42,1
816,15583213,Wright,559,Spain,Male,54,10,0.0,1,1,0,44643.02,1
817,15570560,Thompson,774,Spain,Female,24,5,0.0,2,0,0,81630.31,0
818,15654897,Wagner,725,Germany,Female,29,4,56461.16,1,1,0,85030.01,0
819,15741428,Fournier,741,Germany,Male,43,10,84595.87,2,0,0,79476.59,0
820,15712862,Flores,693,France,Male,50,4,179589.5,1,1,1,18841.19,1
821,15651875,Fernandez,748,France,Female,28,4,82783.27,2,1,0,83051.78,0
822,15773357,Mitchell,693,Germany,Male,45,9,114739.03,2,1,1,29872.02,0
823,15717846,Torres,625,France,Male,55,10,117941.35,1,1,1,125073.9,0
824,15588478,Anderson,663,Germany,Male,50,2,178133.49,1,1,1,181086.08,1
825,15635291,Gonzalez,639,Spain,Male,45,3,0.0,2,1,1,148439.43,0
826,15688085,Anderson,683,France,Female,37,3,0.0,1,1,0,88426.26,0
827,15806496,Martin,658,Germany,Female,36,1,128525.33,1,0,1,94541.22,0
828,15782558,Wilson,619,France,Male,69,9,0.0,1,1,1,121631.69,0
829,15568112,Green,632,Spain,Female,20,10,106878.14,1,1,0,189556.0,0
830,15788787,Allen,650,France,Male,33,5,136160.78,2,1,1,190693.81,0
831,15693106,Schmidt,477,Germany,Female,29,7,56050.08,1,1,1,141515.45,0
832,15660069,Roberts,749,Germany,Male,26,4,110552.12,2,1,0,87912.25,0
833,15587491,Scott,684,France,Male,44,10,0.0,1,1,1,44173.3,0
834,15668432,Girard,591,Germany,Female,42,10,145764.62,2,1,1,34003.73,1
835,15714572,Schmidt,707,Germany,Male,38,8,55537.16,2,1,0,1599.1,0
836,15598006,Hall,601,Germany,Male,42,9,112460.06,1,1,1,73106.34,1
837,15724025,Allen,601,Spain,Male,48,1,0.0,2,0,1,12229.13,0
838,15582611,Clark,686,Spain,Female,35,9,0.0,1,1,1,138813.69,0
839,15676461,Robinson,789,France,Male,43,4,0.0,1,0,0,29478.79,0
840,15760275,Bernard,677,Germany,Female,35,2,114465.11,1,1,1,162135.46,0
841,15713868,Wagner,575,France,Female,44,10,0.0,1,1,0,60401.88,0
842,15808199,Thomas,616,Spain,Female,55,9,0.0,1,0,0,171781.0,1
843,15655328,Moore,732,Germany,Male,49,1,96812.6,1,1,0,3229.44,0
844,15614140,Wagner,689,France,Female,62,7,96591.64,1,1,0,20795.64,0
845,15725080,Moreau,743,France,Male,33,9,0.0,2,0,0,157092.36,0
846,15801663,Weber,688,Spain,Female,31,7,148434.5,2,0,1,127371.42,0
847,15643207,Lopez,725,France,Female,42,5,0.0,2,0,1,28101.94,0
848,15629522,Fischer,845,Germany,Male,33,0,81129.46,1,1,0,180028.81,1
849,15766416,Rodriguez,519,France,Female,44,5,120510.27,2,1,0,134654.12,0
850,15696071,Martin,850,Spain,Male,40,6,126044.75,3,1,0,100352.89,1
851,15692448,Brown,741,France,Male,29,9,0.0,2,1,1,145289.08,0
852,15570342,Hill,850,France,Male,43,2,120888.13,2,1,1,126031.73,0
853,15570832,Roberts,555,Spain,Female,30,2,112338.36,1,0,1,348.3,0
854,15655454,Davis,687,Spain,Female,57,10,132624.63,2,1,0,179263.61,1
855,15656035,Weber,665,France,Female,36,9,0.0,1,1,1,166854.28,0
856,15763342,Thompson,736,France,Male,31,6,0.0,2,1,0,115605.91,0
857,15574773,Lewis,696,Germany,Female,40,4,136806.3,1,1,0,105208.34,1
858,15753990,Lewis,685,Spain,Female,41,6,0.0,1,1,0,160964.38,1
859,15658805,Schneider,726,France,Female,32,1,85143.72,3,1,1,28696.47,1
860,15744334,Martinez,640,Germany,Male,32,2,122399.88,2,1,1,188816.06,0
861,15786270,Johnson,600,Germany,Male,25,5,128680.38,2,0,0,187120.56,0
862,15662632,Girard,694,Germany,Female,48,4,143113.17,1,1,1,86335.96,1
863,15800519,Bernard,600,Spain,Male,56,1,172930.16,1,1,1,119313.64,0
864,15767740,Martin,638,Germany,Male,51,5,62415.34,1,1,1,132341.39,1
865,15582943,Smith,510,France,Male,31,7,0.0,2,1,1,157734.56,0
866,15582166,Lopez,655,Spain,Male,42,8,121171.4,1,1,1,165480.0,0
867,15603317,Muller,560,Spain,Male,40,6,0.0,1,0,1,141326.74,0
868,15605572,Brown,647,Spain,Male,26,6,0.0,1,1,0,163603.38,0
869,15784592,Navarro,545,France,Female,32,6,68202.07,1,0,0,55581.62,0
870,15756856,Fernandez,648,France,Female,42,1,0.0,1,1,0,98328.83,1
871,15645341,Young,737,Germany,Male,23,4,111379.82,2,0,0,177340.37,0
872,15590565,King,592,France,Male,28,4,129142.17,2,1,0,138142.09,0
873,15698551,Rivera,559,Spain,Female,46,5,183479.59,1,0,1,152675.98,1
874,15574864,Vargas,726,France,Male,30,3,0.0,1,1,0,90617.72,0
875,15680427,Walker,739,Germany,Female,26,8,133394.42,3,1,1,104731.65,0
876,15632150,Rodriguez,691,Spain,Female,50,5,148548.03,1,0,0,27976.59,1
877,15742846,Hoffmann,605,France,Male,30,3,100103.76,2,1,0,131125.94,0
878,15572533,Weber,589,France,Male,47,5,167344.75,1,1,1,119396.6,0
879,15578547,Jones,618,Germany,Male,61,7,99745.62,1,0,0,195657.45,0
880,15612913,Davis,644,Germany,Female,28,0,86076.52,1,1,0,100229.53,0
881,15616150,Young,483,France,Male,36,3,0.0,1,1,1,95437.12,0
882,15793686,Hall,555,Germany,Female,40,2,115746.57,1,1,1,104432.22,1
883,15771667,Dubois,771,Spain,Female,49,3,0.0,1,1,1,174086.18,1
884,15602699,Flores,670,France,Female,32,7,103912.33,1,1,0,113019.7,0
885,15660747,Muller,769,France,Female,21,2,0.0,2,1,0,93798.06,0
886,15716227,Diaz,749,France,Male,28,5,0.0,1,0,0,57131.93,0
887,15781631,Ramirez,620,France,Male,34,4,122337.08,1,1,0,199850.12,0
888,15621939,Jackson,621,France,Female,47,0,106597.13,1,1,0,138371.0,0
889,15636558,Gonzalez,744,France,Male,36,9,0.0,1,1,0,22834.23,0
890,15683957,Allen,724,Germany,Male,46,6,106179.94,1,1,1,25710.3,0
891,15601156,Williams,746,France,Male,34,3,0.0,1,0,1,111637.14,0
892,15797768,Gonzalez,649,Spain,Male,39,5,0.0,2,1,0,131445.88,0
893,15739118,Thompson,664,France,Female,48,10,0.0,1,1,0,65208.71,1
894,15786903,Taylor,625,France,Male,52,1,139503.43,1,1,1,2774.9,1
895,15683295,Muller,645,Spain,Female,66,9,104938.18,2,0,1,125657.66,0
896,15751828,Hoffmann,583,Spain,Female,41,0,160203.62,1,0,0,27595.56,1
897,15632375,Martin,643,France,Male,24,9,105324.77,2,1,0,107348.05,0
898,15657520,Jackson,634,France,Female,43,3,0.0,2,0,0,181774.99,0
899,15581110,Lopez,606,France,Male,24,3,0.0,1,1,1,97855.97,0
900,15658264,Muller,727,Germany,Male,44,8,140913.76,1,0,1,31989.46,1
901,15691554,Campbell,513,France,Male,39,1,109057.85,2,1,1,106376.66,0
902,15699354,Ruiz,683,France,Male,51,1,0.0,2,0,1,19968.3,1
903,15805869,Walker,561,France,Male,34,5,0.0,2,1,1,160145.83,0
904,15589645,Walker,568,France,Male,39,10,0.0,2,0,0,105384.95,0
905,15574648,Flores,576,Spain,Male,43,3,0.0,1,1,1,76971.97,1
906,15729429,Dubois,696,Germany,Male,22,5,90437.26,2,1,0,109599.58,0
907,15615297,Baker,431,France,Female,42,4,0.0,1,1,1,39237.87,0
908,15575304,Lopez,666,France,Male,22,8,77834.67,1,0,1,60491.84,0
909,15696750,Perez,654,France,Female,31,9,89267.04,2,1,0,68800.91,0
910,15591738,Lopez,556,France,Female,41,10,90830.61,2,0,0,125787.52,0
911,15688225,Meyer,668,Spain,Female,23,2,123876.35,1,1,0,118703.52,0
912,15797071,Harris,532,Spain,Female,45,2,0.0,1,1,1,24107.82,0
913,15780408,Bernard,646,Spain,Female,44,10,125944.75,1,0,0,177293.59,1
914,15765577,Hoffmann,529,Spain,Female,50,6,0.0,2,1,0,50130.35,0
915,15665108,Muller,849,Spain,Female,25,3,0.0,2,1,0,173489.33,0
916,15779982,King,734,Spain,Female,66,3,154007.86,2,1,1,68814.12,0
917,15625796,Castillo,674,France,Male,27,1,0.0,2,0,0,102982.13,0
918,15581324,Martin,557,France,Female,39,0,135416.56,2,0,1,94676.06,0
919,15710142,Young,623,France,Female,34,3,0.0,1,1,0,132882.46,0
920,15696398,Dubois,627,Germany,Male,36,8,92497.2,1,1,1,52381.45,0
921,15674764,Wilson,673,France,Male,62,7,103986.62,1,1,1,131077.9,0
922,15737774,Dubois,689,Spain,Female,28,0,0.0,1,1,1,86469.35,0
923,15683891,Miller,672,Germany,Female,59,0,115309.27,1,1,1,147234.31,1
924,15612116,Wagner,683,Germany,Male,47,9,120050.48,2,0,1,111174.82,0
925,15600847,Alvarez,634,France,Male,37,8,0.0,1,1,1,156900.51,0
926,15723535,Navarro,683,France,Male,37,8,45388.54,1,1,0,176844.68,0
927,15741895,Hoffmann,588,France,Female,44,9,0.0,2,0,0,83641.09,0
928,15590466,Girard,547,Spain,Female,33,7,141661.8,2,0,1,39110.88,0
929,15769954,Romero,829,Germany,Female,35,3,133453.89,1,1,1,14515.25,0
930,15804851,Perez,690,Germany,Male,39,6,134369.08,1,1,1,69561.76,0
931,15649249,Young,825,France,Male,56,7,109116.36,2,1,1,115304.89,0
932,15633212,Wright,623,France,Female,36,9,130978.39,1,0,1,140659.03,0
933,15716030,Wagner,850,France,Female,24,5,0.0,1,0,1,128669.04,0
934,15720921,Sanchez,658,Spain,Male,40,0,0.0,2,1,0,36360.85,0
935,15803797,Schneider,761,Spain,Male,37,6,98858.26,1,0,1,97769.65,0
936,15585262,Girard,653,France,Male,32,8,145260.09,2,1,0,153938.46,0
937,15631911,Anderson,666,Spain,Female,42,10,38853.13,1,0,1,157315.62,0
938,15721432,Vargas,639,France,Female,32,1,119867.83,2,0,0,119501.2,0
939,15589894,Laurent,602,Spain,Male,36,9,119851.02,2,1,1,26674.44,0
940,15662483,Gonzalez,745,France,Female,39,0,0.0,1,1,0,88376.37,0
941,15680242,Robinson,649,France,Female,40,8,113695.96,1,1,1,30.66,0
942,15610347,Nguyen,731,Spain,Female,43,3,0.0,1,1,0,136901.49,0
943,15603191,Moreau,738,France,Male,44,1,0.0,2,0,1,75839.17,0
944,15591733,Allen,787,France,Male,39,3,0.0,1,1,1,39308.64,0
945,15810958,Dubois,691,France,Female,25,6,0.0,2,0,0,45445.75,0
946,15706792,Ruiz,503,France,Female,41,2,68461.59,2,1,0,1386.69,1
947,15596529,Johnson,619,Germany,Female,50,6,94324.28,1,0,1,168134.1,1
948,15698968,Taylor,648,Spain,Female,24,7,147825.84,1,0,1,907.49,0
949,15717496,Fournier,651,Spain,Male,25,9,0.0,1,1,1,71106.83,0
950,15679971,Campbell,778,France,Male,31,6,74204.74,1,1,1,127033.18,0
951,15806275,Navarro,760,Germany,Male,49,6,194861.15,2,1,0,163521.46,1
952,15789617,Fournier,636,France,Female,30,10,111277.36,1,1,0,191159.06,0
953,15792787,Weber,850,France,Male,49,0,93262.53,2,0,1,56144.52,0
954,15680268,Hill,616,France,Female,40,8,0.0,1,0,1,243.2,0
955,15800083,Bernard,624,Spain,Female,32,10,0.0,1,1,1,148093.98,0
956,15731528,Fernandez,544,Spain,Female,86,9,0.0,1,1,0,101623.14,0
957,15600333,Wright,499,Spain,Female,27,10,0.0,2,0,1,83424.67,0
958,15787015,Anderson,536,Germany,Female,38,9,126141.02,2,1,1,141349.22,0
959,15775207,Lewis,748,France,Male,29,6,56048.31,1,0,1,198646.12,0
960,15589192,Smith,722,Germany,Female,41,8,140878.56,2,1,0,45175.14,0
961,15621612,Young,564,Germany,Male,30,4,89343.81,1,1,0,125544.58,0
962,15696629,Ruiz,660,France,Male,33,1,0.0,1,1,1,119209.45,0
963,15595431,Schmidt,728,France,Female,31,0,124833.35,1,0,1,123081.81,0
964,15721686,Bernard,453,France,Female,35,2,150616.67,1,0,1,105943.87,0
965,15751437,Castillo,822,Spain,Male,49,7,0.0,2,0,1,194855.41,0
966,15792976,Girard,752,France,Male,26,4,0.0,1,1,1,50688.66,0
967,15642918,Anderson,729,Spain,Male,30,8,130071.86,2,1,0,174558.29,0
968,15598242,Johnson,767,France,Female,34,3,114638.44,3,1,0,131948.67,1
969,15602951,Hoffmann,452,Germany,Female,35,8,126647.4,1,1,1,181406.31,0
970,15570705,Laurent,629,France,Male,55,9,0.0,2,0,1,159265.3,0
971,15607662,Romero,772,France,Female,31,3,0.0,3,1,1,131878.98,1
972,15614293,Bernard,649,France,Female,49,5,0.0,1,0,0,9295.63,0
973,15704925,Flores,722,France,Female,57,5,78108.84,1,1,0,120972.53,1
974,15619245,Thompson,790,Spain,Male,36,9,0.0,1,1,1,44412.34,0
975,15625959,Castillo,718,France,Female,29,4,0.0,1,1,0,67818.18,0
976,15574244,Girard,625,Germany,Male,53,4,63291.21,2,1,0,79499.03,0
977,15711013,Navarro,706,France,Male,47,8,104738.69,1,1,0,174786.22,1
978,15757696,Weber,488,France,Male,28,9,128652.07,1,0,1,187284.02,0
979,15693421,Hoffmann,698,Germany,Male,61,0,107761.84,1,0,1,154322.74,1
980,15789335,Smith,723,France,Female,31,0,78267.54,1,1,0,30366.07,0
981,15670203,Fournier,665,Spain,Male,36,10,80492.13,2,1,1,78995.26,0
982,15769604,Vargas,763,Spain,Male,45,4,0.0,2,1,1,1063.34,0
983,15680399,Becker,677,Germany,Male,58,6,106832.67,2,1,0,171395.44,0
984,15680504,Girard,664,France,Male,41,9,0.0,1,1,0,27590.35,0
985,15666024,Fischer,828,France,Female,35,4,148642.05,2,1,0,129654.7,0
986,15779191,Scott,557,Spain,Male,33,4,0.0,3,1,0,106229.87,1
987,15758798,Becker,785,France,Male,35,9,0.0,2,0,1,50635.5,0
988,15602402,Muller,777,France,Female,73,8,0.0,3,0,0,116024.93,1
989,15683896,Muller,732,France,Male,42,7,0.0,2,0,0,60650.01,0
990,15700960,Hall,611,Spain,Female,39,3,161128.36,2,1,0,62802.63,0
991,15597080,Perez,683,Germany,Female,48,7,140525.91,1,1,0,26465.95,1
992,15719030,Vargas,572,Germany,Female,35,9,139705.0,1,1,0,109683.81,1
993,15645319,Young,595,Spain,Female,57,10,93485.63,2,1,0,179396.47,0
994,15711688,Garcia,663,France,Male,43,6,89781.56,1,0,0,69217.7,0
995,15690370,Walker,564,Spain,Female,35,9,0.0,2,1,1,115322.37,0
996,15609434,Allen,627,France,Female,33,8,104015.44,2,1,1,75264.93,0
997,15652467,Roberts,543,Germany,Male,25,8,153717.81,2,1,0,56299.73,0
998,15729982,Torres,713,France,Female,49,5,57227.47,1,0,1,98365.95,0
999,15760797,King,809,Spain,Male,26,4,154868.87,2,1,1,50679.83,0
1000,15642033,Wilson,850,France,Female,56,7,109362.2,1,0,0,138172.43,0
1001,15784237,Castillo,550,France,Female,30,9,148080.16,2,1,0,182537.44,0
1002,15725429,Clark,567,France,Male,31,5,127363.08,1,1,1,83808.98,0
1003,15779093,White,645,France,Female,66,7,135013.74,2,0,0,135130.95,0
1004,15619909,Ruiz,730,France,Female,48,6,144444.17,2,1,0,49050.46,0
1005,15590528,Becker,641,Germany,Female,39,7,112237.94,3,1,0,103309.4,1
1006,15686981,Hall,755,France,Male,63,7,87359.59,1,1,1,118753.25,1
1007,15594195,Becker,713,Spain,Female,37,0,0.0,2,1,0,167638.24,0
1008,15618686,Romero,490,France,Female,33,1,144751.0,1,0,1,137930.06,0
1009,15716281,Miller,666,Germany,Male,40,0,162154.98,1,1,0,58543.81,1
1010,15785953,Johnson,541,France,Female,50,8,0.0,1,1,0,156008.69,1
1011,15649775,Castillo,606,Germany,Female,27,9,149353.17,2,1,1,169607.65,0
1012,15802689,Allen,621,Germany,Female,31,3,144945.75,2,0,1,109728.67,0
1013,15584165,Adams,733,France,Female,29,0,0.0,2,0,1,113861.69,0
1014,15616296,Romero,658,Spain,Male,28,0,143862.08,1,1,1,135910.92,0
1015,15588853,Robinson,616,France,Female,36,4,0.0,1,1,0,93348.91,0
1016,15641501,Martinez,850,France,Female,28,7,161531.06,1,1,0,115091.04,0
1017,15747536,Roberts,574,Germany,Male,24,3,123621.73,1,0,0,138396.78,0
1018,15566825,White,689,Spain,Male,31,6,191456.97,2,1,0,54436.86,0
1019,15750225,Robinson,726,France,Male,30,1,0.0,1,0,1,16636.15,0
1020,15734998,Martinez,677,France,Female,43,7,98309.92,2,1,0,62565.96,0
1021,15733275,Clark,574,Spain,Male,49,3,0.0,1,1,1,79542.61,0
1022,15778375,Jones,569,Germany,Female,32,10,140358.22,1,0,1,178602.35,0
1023,15698916,Davis,721,Spain,Female,22,8,0.0,1,1,1,181414.98,0
1024,15786666,Nelson,762,Germany,Female,31,5,106024.9,1,1,1,123564.14,0
1025,15727389,Schneider,656,Germany,Male,64,10,140755.86,2,0,0,19241.67,1
1026,15612183,Girard,533,France,Female,48,10,82195.69,2,0,0,27839.85,0
1027,15658586,Mitchell,662,Spain,Male,41,2,49363.52,2,1,0,435.67,0
1028,15623597,Vargas,808,France,Female,34,6,128373.29,1,1,1,89277.11,0
1029,15617503,Laurent,563,Germany,Male,48,7,184497.35,1,1,1,134671.72,1
1030,15752015,Wagner,630,France,Female,28,3,136054.21,1,1,1,187828.15,0
1031,15585383,Thompson,666,Germany,Male,49,10,94387.06,2,1,0,44919.92,1
1032,15785865,Williams,766,Germany,Male,43,7,107928.29,2,1,0,27370.65,0
1033,15675409,Girard,609,Germany,Female,46,8,117688.64,2,0,0,53734.35,0
1034,15577907,Meyer,708,Spain,Male,39,2,0.0,1,1,1,108675.81,0
1035,15636505,Rodriguez,796,France,Female,27,9,87941.97,2,1,1,7467.69,0
1036,15644099,Thompson,517,Germany,Female,29,10,128927.15,2,1,1,165868.72,0
1037,15626802,King,534,France,Male,44,9,0.0,1,1,0,123463.81,0
1038,15732084,Schmidt,652,France,Male,43,4,89676.84,1,0,0,153233.94,0
1039,15655307,Johnson,756,France,Female,33,10,76331.53,1,1,1,190559.67,0
1040,15774408,Rivera,693,France,Female,32,0,0.0,1,1,1,145439.85,0
1041,15596357,Jackson,764,France,Female,53,2,104384.96,1,0,0,161959.41,1
1042,15815024,Taylor,496,Germany,Male,38,7,136234.75,2,1,0,130862.23,0
1043,15705606,Adams,694,Germany,Female,30,8,94474.03,1,1,1,55161.35,0
1044,15677195,Baker,385,Germany,Male,56,1,126631.96,2,1,0,42250.44,1
1045,15699765,Wagner,789,France,Female,54,3,129132.94,1,1,1,195769.76,1
1046,15713256,Green,776,France,Female,38,0,0.0,1,1,1,82447.43,0
1047,15716733,Mitchell,629,France,Female,40,1,114321.57,2,1,0,101335.52,0
1048,15789733,White,437,Spain,Male,49,0,96167.52,1,1,0,41103.98,1
1049,15594248,Fischer,640,Spain,Male,45,10,0.0,1,1,1,23423.31,0
1050,15589461,King,769,France,Male,27,9,111009.52,2,1,0,89663.26,0
1051,15699876,Mitchell,701,Germany,Male,57,6,176304.2,1,1,1,126894.14,0
1052,15652810,Adams,840,France,Male,26,0,0.0,1,1,1,174621.53,0
1053,15677256,Wright,632,France,Female,43,8,173407.15,1,1,0,65820.39,1
1054,15704774,Jackson,850,France,Male,28,5,0.0,2,1,0,80447.64,1
1055,15750160,Wright,465,France,Male,45,8,104681.34,2,0,1,174080.18,0
1056,15689089,Mitchell,587,Germany,Female,31,5,96540.59,1,1,0,141699.2,0
1057,15786422,Taylor,535,Spain,Male,32,0,84225.71,2,1,1,56684.94,0
1058,15598092,Rodriguez,732,France,Male,48,10,0.0,2,0,0,183166.83,0
1059,15671529,Williams,543,Germany,Female,28,9,114487.46,2,0,0,9583.83,0
1060,15601734,Jones,758,Germany,Male,33,10,116850.99,1,1,1,128760.57,0
1061,15768331,Jackson,727,Spain,Male,28,7,182751.0,2,1,1,194446.87,0
1062,15742277,Thompson,678,Germany,Female,39,10,157922.75,1,1,0,11781.55,0
1063,15646408,Hoffmann,650,France,Male,28,0,0.0,1,1,1,110548.27,0
1064,15694537,Harris,558,Germany,Male,41,4,104209.17,2,1,1,73715.24,0
1065,15724713,Jackson,719,France,Male,54,3,0.0,1,1,1,82380.94,1
1066,15664750,Miller,611,Spain,Male,23,5,124275.94,1,0,1,47654.41,0
1067,15699909,Girard,734,France,Female,31,0,146101.26,2,1,0,181203.78,0
1068,15792044,Mitchell,805,Germany,Male,28,9,155613.39,1,1,1,31864.33,0
1069,15728713,Johnson,630,France,Male,27,3,0.0,2,0,1,16465.81,0
1070,15780444,Anderson,788,France,Male,41,1,0.0,2,1,0,20016.82,0
1071,15752446,Sanchez,678,Spain,Female,40,2,0.0,1,0,1,8058.17,0
1072,15763134,Garcia,718,Germany,Male,56,1,130795.97,2,1,1,113850.98,1
1073,15584646,Laurent,532,France,Female,46,7,0.0,2,1,0,50782.21,0
1074,15808425,Robinson,593,Spain,Male,38,10,0.0,2,1,0,180077.34,0
1075,15701159,Moore,592,Spain,Female,41,0,0.0,1,0,0,155361.7,1
1076,15802799,Weber,790,France,Male,33,0,121033.48,2,0,0,122052.89,0
1077,15616196,Becker,626,Germany,Male,41,9,123450.3,2,0,1,54014.05,0
1078,15582873,Miller,721,France,Male,26,4,114181.61,2,0,0,192316.94,0
1079,15710325,Perez,652,Germany,Male,36,1,77898.3,2,0,1,33381.63,0
1080,15723481,Harris,625,France,Female,43,2,0.0,1,1,0,186221.68,1
1081,15593961,White,517,France,Female,36,7,98557.39,2,1,0,65148.21,0
1082,15673097,Becker,475,Spain,Female,31,0,0.0,1,1,0,140842.99,1
1083,15792104,Miller,627,Spain,Male,39,4,0.0,2,1,0,140682.2,0
1084,15752528,Romero,633,Spain,Female,30,10,126922.86,1,0,0,107108.87,1
1085,15575054,Vargas,575,Spain,Male,35,4,144102.38,1,1,1,66748.08,0
1086,15601245,Moreau,674,Germany,Female,47,1,121799.03,2,1,1,51306.78,0
1087,15729920,Nguyen,850,Spain,Female,48,8,0.0,1,1,0,86997.32,1
1088,15691257,Schmidt,805,Spain,Female,40,4,0.0,2,1,0,181731.53,0
1089,15567793,Girard,658,France,Female,29,4,94431.62,1,1,1,63213.02,0
1090,15737542,Muller,662,France,Female,34,2,0.0,2,0,1,122742.47,0
1091,15707686,Romero,718,France,Female,39,8,141923.31,2,0,0,16231.9,0
1092,15636913,Lopez,680,Germany,Male,31,5,100399.86,1,1,0,34534.81,0
1093,15599665,King,718,France,Female,62,5,0.0,2,1,1,2864.56,0
1094,15811197,Hill,683,France,Male,31,8,0.0,1,1,0,182691.4,0
1095,15796488,Baker,665,Germany,Male,38,3,96755.68,2,1,1,123500.57,0
1096,15718348,Moore,593,France,Female,24,7,110169.36,3,1,1,148592.55,0
1097,15642762,Lopez,690,France,Male,49,1,110647.86,2,1,0,144241.22,0
1098,15755259,Dubois,435,Spain,Female,58,6,111569.94,2,1,1,4062.13,0
1099,15750588,Wright,680,Spain,Male,29,4,0.0,2,1,0,93965.69,0
1100,15788510,Fournier,454,France,Male,26,5,0.0,3,1,1,179128.09,0
1101,15600111,Fournier,680,France,Female,40,4,103223.13,2,1,1,146684.17,0
1102,15637116,Fernandez,560,France,Male,64,1,132398.33,2,1,0,141035.47,0
1103,15696410,Davis,779,Spain,Female,26,10,157604.36,3,1,0,124153.4,0
1104,15698014,Adams,663,Spain,Female,34,4,79756.38,1,0,1,58492.75,0
1105,15686131,Hoffmann,655,France,Female,41,8,0.0,1,1,0,72526.97,0
1106,15643965,Walker,694,Spain,Male,38,9,122237.73,2,0,0,209.89,0
1107,15610108,Meyer,571,France,Female,43,4,146157.2,2,1,0,135339.46,1
1108,15808141,Jackson,763,France,Male,55,9,0.0,1,1,1,51969.74,1
1109,15758398,Alvarez,722,Spain,Male,50,4,61267.63,1,1,0,72436.12,1
1110,15685962,Anderson,601,France,Male,34,0,122749.83,2,0,0,16815.32,0
1111,15657448,Ruiz,552,France,Male,26,9,0.0,1,1,1,175053.31,0
1112,15680578,Brown,614,France,Male,51,9,0.0,2,0,0,34701.82,0
1113,15721888,Baker,640,Germany,Male,34,6,112021.9,1,1,1,89032.03,0
1114,15568073,Taylor,545,Spain,Male,38,9,0.0,1,0,0,72255.92,0
1115,15649200,Ramirez,606,Spain,Female,48,7,0.0,2,0,1,40730.72,0
1116,15663553,White,593,France,Male,50,8,119828.96,1,0,1,169580.39,1
1117,15797266,Fischer,630,France,Male,47,0,105394.59,2,1,0,51214.2,0
1118,15571336,Brown,631,Spain,Male,60,8,0.0,2,1,0,63206.77,0
1119,15583621,Brown,697,France,Male,37,2,203071.24,2,1,0,165390.67,0
1120,15692298,Weber,653,Spain,Female,32,10,83990.89,2,1,1,83414.13,0
1121,15780909,Baker,689,Germany,Female,30,10,137999.45,1,1,1,113495.75,1
1122,15758535,Clark,674,France,Female,32,0,0.0,1,0,1,154305.18,0
1123,15725266,Perez,631,Spain,Female,32,7,0.0,2,1,1,70625.25,0
1124,15785609,Romero,716,France,Male,40,4,85182.55,2,1,1,90701.64,0
1125,15751666,Williams,384,France,Female,44,2,0.0,1,1,0,65668.01,0
1126,15574237,Fischer,615,Germany,Male,29,10,72165.62,2,1,1,17826.83,0
1127,15725440,Thompson,595,France,Male,48,4,0.0,1,0,1,136400.38,0
1128,15808832,Miller,662,Germany,Male,50,6,101504.8,1,0,0,74116.91,1
1129,15813932,Hill,588,Germany,Male,22,3,125299.37,1,1,0,10922.88,0
1130,15815224,Brown,703,Spain,Female,44,7,156511.38,2,1,0,191272.06,0
1131,15810022,Muller,720,Spain,Male,33,2,122602.2,1,1,0,89530.77,0
1132,15783466,Alvarez,516,Germany,Male,55,3,122079.78,2,1,0,3346.93,0
1133,15653456,Baker,672,France,Male,37,7,108828.18,1,1,1,72097.93,0
1134,15626667,Thomas,526,Germany,Female,31,2,153205.61,1,1,0,147493.23,0
1135,15807660,Anderson,697,Spain,Female,29,8,99014.91,1,1,1,53230.11,0
1136,15690719,Becker,605,France,Female,39,10,128457.81,2,1,0,6125.49,0
1137,15609703,Smith,572,France,Female,33,7,0.0,1,1,0,197702.6,0
1138,15607878,Schmidt,484,France,Female,27,3,138475.83,2,0,0,124022.91,0
1139,15714437,Baker,641,France,Male,25,1,0.0,1,0,0,99378.29,0
1140,15654248,Torres,538,Germany,Male,41,6,86043.27,3,1,1,156906.77,1
1141,15773318,Harris,506,France,Male,26,4,115992.5,1,1,0,59984.12,0
1142,15648399,Green,668,Spain,Male,22,2,0.0,2,1,0,127539.97,0
1143,15792066,Schneider,744,Spain,Female,50,4,108676.24,1,1,1,6852.73,1
1144,15623026,Becker,688,Spain,Male,29,10,0.0,1,1,1,58167.7,0
1145,15718716,Garcia,511,France,Male,43,1,146082.77,2,1,0,8835.32,0
1146,15694580,Nguyen,637,France,Female,39,2,0.0,1,0,0,43096.36,0
1147,15679156,Moreau,716,Germany,Male,32,3,177860.47,2,1,1,168027.19,0
1148,15571671,Mitchell,637,Spain,Male,57,10,70162.77,2,1,1,74935.81,0
1149,15612716,Nelson,682,France,Male,45,3,130426.11,2,0,0,16865.24,1
1150,15717770,Ramirez,608,Spain,Female,36,3,0.0,1,0,0,195521.17,0
1151,15685803,Harris,613,France,Male,30,3,0.0,3,0,1,88529.21,1
1152,15805246,Torres,586,Spain,Male,44,10,128602.17,2,0,1,36984.66,0
1153,15813945,Wright,709,France,Male,46,3,119210.12,2,0,1,71588.0,0
1154,15770740,Moore,715,France,Female,38,4,0.0,1,1,0,8212.15,1
1155,15702098,Walker,596,Germany,Male,37,4,85658.42,1,0,1,82920.42,0
1156,15630760,Becker,723,France,Male,45,9,107085.78,2,0,1,72510.43,0
1157,15683413,Hill,512,France,Female,36,7,120415.09,2,1,1,183436.76,0
1158,15710228,Clark,633,France,Female,31,6,0.0,1,1,0,128761.9,0
1159,15761415,Martin,519,France,Male,27,2,88997.59,1,1,1,125721.58,0
1160,15735747,Perez,540,Spain,Male,36,1,135233.79,1,1,0,189549.66,0
1161,15599894,Robinson,518,France,Male,26,0,0.0,2,1,1,28667.84,0
1162,15736660,Nguyen,586,Germany,Female,46,3,167491.06,1,1,1,105601.54,1
1163,15596066,Perez,710,Spain,Male,36,8,0.0,1,1,1,129364.75,0
1164,15565976,Smith,642,France,Female,48,8,149693.45,1,1,1,94341.54,1
1165,15620369,Meyer,593,France,Female,40,8,148538.71,1,0,0,38771.27,1
1166,15599530,Muller,633,Spain,Female,43,7,0.0,1,0,0,53495.53,0
1167,15795407,Laurent,451,Spain,Male,31,5,0.0,1,0,1,3076.08,0
1168,15771206,Lee,705,Germany,Female,36,3,108266.74,2,1,0,51223.64,0
1169,15781186,Jones,432,Spain,Female,40,7,0.0,2,0,1,111859.9,0
1170,15584948,Hall,581,France,Female,38,2,0.0,1,1,0,167948.62,0
1171,15761394,Young,642,France,Male,38,0,119015.22,2,1,1,138826.14,0
1172,15625352,Smith,693,Germany,Female,28,9,116973.38,2,1,1,188952.8,0
1173,15599209,Miller,673,France,Female,24,5,0.0,2,1,1,198749.21,0
1174,15804282,Diaz,645,Spain,Female,28,6,0.0,1,1,1,54523.05,0
1175,15736922,Lopez,791,Germany,Female,22,10,120256.25,2,1,0,130183.96,0
1176,15645947,Martin,845,Germany,Male,25,7,163877.69,2,0,0,148065.25,0
1177,15754440,Adams,651,France,Male,40,8,0.0,3,0,1,10298.64,1
1178,15707374,Fournier,640,France,Female,34,5,0.0,1,1,0,101781.55,0
1179,15655355,Carter,635,France,Female,30,3,0.0,1,1,0,154698.06,0
1180,15573834,Brown,591,France,Female,34,3,0.0,2,0,1,93739.88,0
1181,15801712,Moreau,686,Germany,Male,24,9,99223.97,1,0,1,83091.26,0
1182,15746267,Smith,773,France,Male,36,4,0.0,2,0,0,109832.07,0
1183,15677371,Jackson,408,France,Female,27,10,0.0,1,0,0,21600.78,0
1184,15657171,Harris,634,France,Female,52,0,0.0,1,0,1,14860.02,1
1185,15579518,Romero,794,France,Male,43,3,84065.42,1,0,0,2137.07,1
1186,15608285,Hall,688,Spain,Male,42,10,0.0,2,1,0,82597.75,0
1187,15637572,Weber,690,France,Female,38,6,0.0,2,0,0,92087.87,0
1188,15730279,Walker,495,Spain,Male,44,4,0.0,2,0,0,189174.71,0
1189,15625615,Mitchell,718,France,Male,36,1,104007.32,2,1,1,182130.27,0
1190,15579562,Muller,748,Germany,Male,30,5,119059.42,2,1,1,76127.05,0
1191,15700520,Nelson,669,France,Male,42,10,0.0,2,0,0,193902.53,0
1192,15579307,Brown,586,France,Male,49,3,0.0,1,1,1,31639.51,0
1193,15671564,Garcia,693,Spain,Female,29,5,149286.72,2,0,0,47475.79,0
1194,15740797,Mitchell,549,Spain,Female,26,3,0.0,3,1,0,103802.87,1
1195,15745370,Walker,536,Spain,Female,62,9,138594.29,3,1,0,74629.61,1
1196,15786415,Alvarez,728,France,Female,54,7,0.0,1,1,0,106086.64,1
1197,15566559,Nguyen,756,France,Male,37,6,0.0,1,1,0,1134.58,0
1198,15617732,Wright,578,Germany,Male,23,7,87777.43,2,1,1,135110.57,0
1199,15681878,Gonzalez,537,France,Male,40,4,0.0,2,1,0,54984.91,0
1200,15588323,Weber,565,Germany,Male,74,8,177428.29,1,1,0,61553.69,0
1201,15790830,Lee,669,Germany,Female,44,6,104086.26,3,1,1,182431.96,1
1202,15688901,Dubois,537,Germany,Male,43,0,64420.02,1,1,0,177310.31,0
1203,15689872,Carter,775,Spain,Female,36,4,0.0,1,1,0,81287.74,0
1204,15808808,Weber,605,Germany,Male,42,9,112229.27,2,0,0,75318.06,0
1205,15618645,Anderson,686,France,Male,44,2,133821.29,2,1,1,158008.85,0
1206,15636231,Nguyen,578,France,Male,39,10,153583.3,2,1,0,145980.24,0
1207,15785126,Robinson,707,Germany,Male,35,8,94948.48,1,1,1,27600.23,1
1208,15812585,Anderson,715,France,Female,39,10,0.0,1,1,1,79941.56,0
1209,15622097,Martinez,487,France,Female,38,8,140827.65,2,0,0,99641.83,0
1210,15577832,Allen,584,France,Male,23,1,0.0,1,0,0,94533.9,0
1211,15583760,Baker,635,Spain,Female,69,2,0.0,1,0,1,20548.66,1
1212,15586514,Brown,599,Spain,Female,43,5,0.0,2,0,1,126151.64,0
1213,15639977,White,735,Germany,Male,51,3,173310.69,4,1,1,127321.5,1
1214,15647758,Mitchell,592,France,Male,40,10,158680.8,4,1,0,156834.22,1
1215,15608828,Hill,719,France,Male,32,9,0.0,2,1,0,120957.2,0
1216,15613701,Alvarez,697,Germany,Male,48,8,161643.8,1,1,1,8879.56,1
1217,15678959,Diaz,640,France,Female,25,10,0.0,2,1,0,48861.54,0
1218,15702005,Lewis,723,Germany,Male,44,0,149418.93,1,0,0,107123.44,0
1219,15682330,Thompson,501,Germany,Male,48,7,62171.13,1,1,1,83069.55,0
1220,15683727,Harris,644,France,Female,36,9,71362.89,1,1,0,122258.89,0
1221,15669916,Castillo,575,France,Male,42,10,0.0,1,0,0,14278.28,0
1222,15700244,Martin,640,France,Female,23,9,0.0,1,0,1,61546.15,0
1223,15616968,Adams,604,Spain,Male,43,8,0.0,2,1,1,43432.68,0
1224,15650174,Moore,656,Germany,Male,34,8,127320.63,3,1,0,116848.45,1
1225,15629399,Thomas,651,France,Male,42,1,0.0,1,0,0,24656.47,0
1226,15758128,Davis,663,Spain,Male,37,4,0.0,1,1,1,67869.17,0
1227,15584703,Alvarez,667,France,Male,36,9,0.0,1,1,1,169875.8,0
1228,15743743,Dubois,706,France,Female,43,6,0.0,2,0,0,141360.34,0
1229,15736968,Robinson,528,Spain,Female,34,2,0.0,2,0,0,88929.33,0
1230,15623015,Nelson,699,France,Female,36,7,0.0,2,1,1,100496.77,0
1231,15774429,Laurent,503,France,Male,63,0,141969.34,1,1,0,3051.63,0
1232,15599748,Bernard,379,Germany,Female,52,4,113805.25,2,0,1,162802.77,1
1233,15695666,Meyer,841,France,Male,35,8,148285.57,2,0,1,63380.55,0
1234,15787549,Wright,559,Germany,Female,37,8,117975.49,2,1,1,49681.75,0
1235,15675121,Walker,607,France,Female,32,5,0.0,1,1,0,63986.11,0
1236,15706356,Campbell,469,France,Female,34,3,128062.98,2,1,1,39894.47,0
1237,15634547,Carter,606,France,Male,34,5,74205.74,1,1,1,163425.4,0
1238,15698802,Martin,670,France,Female,38,2,136997.84,1,0,0,11603.54,0
1239,15662057,Nguyen,674,France,Female,24,10,111008.54,2,0,1,94875.47,0
1240,15789421,Young,533,France,Male,34,9,0.0,1,1,0,131354.99,1
1241,15603903,Wright,607,Spain,Female,32,7,0.0,2,0,1,10088.16,0
1242,15682319,Becker,686,France,Male,55,3,0.0,2,1,1,105006.81,0
1243,15675896,Miller,673,France,Male,37,1,143304.82,1,1,1,81055.45,0
1244,15648858,Miller,662,France,Female,40,0,0.0,1,1,0,145074.62,0
1245,15739628,Fournier,724,France,Female,33,4,119424.07,2,1,1,177035.41,0
1246,15710174,Rodriguez,639,France,Male,37,9,0.0,1,0,1,6633.04,0
1247,15807370,Thomas,785,Germany,Male,34,4,92839.91,1,1,0,53708.88,0
1248,15634468,Schmidt,622,France,Male,38,8,145224.8,1,1,0,129645.72,0
1249,15566195,Thomas,717,Spain,Male,42,1,141076.19,1,1,1,191236.76,0
1250,15774158,Nguyen,721,Spain,Male,27,8,0.0,1,1,1,190436.84,0
1251,15813656,Bernard,491,France,Male,44,0,0.0,2,1,1,199256.0,0
1252,15743253,Castillo,693,France,Female,29,3,0.0,2,1,1,169928.8,0
1253,15635652,Clark,588,France,Male,64,1,0.0,1,0,1,23614.67,0
1254,15704169,Roberts,552,Germany,Male,38,6,119378.53,1,0,1,161999.12,0
1255,15623719,Jones,609,France,Male,39,2,0.0,3,1,0,33056.63,1
1256,15785396,Ramirez,666,Spain,Male,40,0,95735.55,2,1,1,101953.03,0
1257,15624887,King,498,Spain,Male,37,3,56158.67,1,1,0,114458.58,0
1258,15707667,Girard,653,Spain,Male,31,0,0.0,2,1,0,125271.57,0
1259,15726927,Lopez,629,Germany,Male,39,4,148986.04,2,1,1,24954.97,0
1260,15781215,Torres,751,Spain,Male,39,2,145648.09,2,0,1,152300.5,0
1261,15737389,Brown,589,France,Female,30,10,157384.58,1,1,0,14025.62,0
1262,15585835,Moreau,765,France,Female,27,5,154845.4,2,1,1,191601.04,0
1263,15780224,Fernandez,688,France,Male,48,4,156417.06,2,0,0,103209.42,0
1264,15777001,Thomas,647,Spain,Male,34,6,132008.77,2,1,0,65085.49,0
1265,15728008,Castillo,774,Germany,Male,35,1,132029.22,2,0,0,39607.61,0
1266,15707315,Walker,836,Spain,Male,39,1,0.0,1,0,0,184787.34,0
1267,15679942,Ramirez,630,France,Female,31,1,152695.61,1,0,0,142865.49,0
1268,15612770,Lewis,578,Spain,Female,40,9,99574.06,2,1,1,111268.84,0
1269,15798199,Ruiz,692,France,Male,36,8,116260.78,2,1,0,144598.15,0
1270,15716636,Lopez,512,France,Male,37,10,0.0,2,0,0,172902.72,0
1271,15600551,Jackson,524,Spain,Male,51,8,0.0,1,1,1,94287.68,0
1272,15620168,Hall,777,France,Male,38,1,169564.91,2,1,0,192382.85,0
1273,15709527,White,705,France,Female,35,1,0.0,1,0,1,45869.11,0
1274,15747408,Schneider,567,Germany,Male,29,9,71029.15,3,1,0,156553.23,1
1275,15577662,Castillo,850,France,Male,40,6,0.0,2,1,0,127084.54,0
1276,15617552,Thomas,516,France,Male,47,6,129550.84,1,1,1,199956.34,1
1277,15574092,Girard,710,France,Male,35,2,0.0,1,0,1,170685.21,0
1278,15664468,Moreau,573,France,Male,47,5,84146.87,1,1,1,197592.82,1
1279,15750792,Lewis,823,Spain,Male,40,9,153191.34,1,0,0,138777.47,0
1280,15796184,Rivera,598,Germany,Male,38,5,130203.72,1,1,1,115003.97,1
1281,15804613,Roberts,622,France,Male,41,7,174194.44,2,1,0,89256.95,0
1282,15613629,Gonzalez,475,France,Female,27,8,149296.89,1,1,1,85897.48,0
1283,15793598,Jackson,850,France,Male,34,10,94826.62,3,1,1,143303.7,0
1284,15597381,Fischer,590,Germany,Male,34,2,134503.11,1,1,0,30504.59,0
1285,15666150,Nelson,697,Spain,Female,36,10,0.0,2,1,0,53948.18,0
1286,15585165,White,650,Spain,Male,60,6,169070.15,2,1,1,87136.13,0
1287,15579404,King,597,France,Female,38,9,102845.19,1,1,0,169420.47,0
1288,15733405,Hoffmann,434,France,Female,27,2,82626.08,1,0,0,3682.45,0
1289,15782139,Wagner,628,France,Male,32,1,121078.66,2,0,0,34227.75,1
1290,15652978,Taylor,624,Germany,Male,37,0,114165.48,1,0,1,171286.94,1
1291,15682178,Campbell,681,France,Female,38,4,113368.48,1,1,1,101960.68,0
1292,15571407,Thomas,850,Germany,Male,21,6,130094.82,2,1,0,80777.13,0
1293,15713149,Clark,713,Germany,Male,42,3,35825.57,1,1,0,7485.49,1
1294,15797272,Meyer,733,France,Female,43,2,0.0,1,1,1,116711.06,0
1295,15809017,Hall,620,France,Male,29,8,123773.68,1,1,1,133965.7,0
1296,15706948,Nguyen,523,France,Female,47,8,0.0,2,1,1,25737.96,0
1297,15600403,Meyer,623,France,Female,35,6,180114.41,3,1,0,131901.93,1
1298,15756303,Roberts,579,France,Female,30,7,0.0,1,0,1,190757.53,1
1299,15674992,Flores,645,Germany,Female,28,9,79350.51,2,1,1,109772.04,0
1300,15688731,Girard,602,France,Female,42,2,99185.13,1,0,1,44924.19,0
1301,15667619,Torres,487,France,Male,32,10,149780.51,2,1,0,154151.08,0
1302,15596352,Smith,773,Germany,Female,40,9,112414.85,2,1,0,29933.05,0
1303,15772297,Weber,636,Spain,Female,28,3,59001.56,1,1,1,39864.86,0
1304,15590045,Hoffmann,618,France,Female,34,3,0.0,1,0,0,148664.03,0
1305,15567676,Moore,543,Spain,Female,41,2,0.0,2,1,0,173883.13,0
1306,15651961,Scott,604,Spain,Female,50,7,0.0,2,1,0,62038.08,1
1307,15659259,Gonzalez,566,Germany,Male,52,3,103558.82,2,0,1,110589.43,1
1308,15731642,Miller,534,Germany,Female,50,2,145536.91,1,1,0,112581.29,1
1309,15577026,Bernard,666,France,Male,76,7,60218.83,1,1,0,147991.73,1
1310,15731132,Allen,605,Spain,Male,40,2,0.0,1,0,0,33606.19,0
1311,15682833,Rodriguez,723,France,Male,28,1,121225.83,2,1,0,16100.76,0
1312,15813803,Clark,615,Spain,Female,32,9,146521.5,2,0,1,146451.58,0
1313,15792472,King,661,Germany,Female,51,0,86066.27,1,1,1,189738.07,1
1314,15718841,Johnson,658,France,Male,31,10,118261.8,2,0,1,191182.95,0
1315,15797704,Nguyen,687,France,Male,21,7,149202.36,2,0,1,164525.9,0
1316,15596799,Hall,568,Germany,Male,34,3,136478.41,2,0,0,184389.41,0
1317,15703299,Lee,737,Germany,Male,46,6,45177.66,2,1,0,47767.01,0
1318,15687417,Mitchell,536,France,Male,32,3,0.0,2,1,1,5593.15,0
1319,15735317,Girard,654,Germany,Female,52,4,151987.03,2,0,1,36246.29,0
1320,15813476,Adams,533,Spain,Male,63,7,132680.21,1,1,1,121303.71,1
1321,15638602,Romero,638,France,Male,39,10,0.0,2,0,1,105403.57,0
1322,15770533,Nelson,736,France,Male,66,2,0.0,2,0,0,193042.16,0
1323,15776234,Roberts,704,France,Male,57,5,123740.45,2,1,0,20595.29,0
1324,15599326,Robinson,753,Spain,Female,47,9,0.0,2,1,1,43069.28,0
1325,15787851,Fournier,621,France,Male,41,0,97973.58,1,0,0,3349.72,1
1326,15712017,Bernard,738,Spain,Male,40,0,0.0,2,1,1,49345.95,0
1327,15736212,Robinson,583,France,Female,36,6,112930.68,1,1,0,80439.21,1
1328,15595815,Fischer,606,Germany,Male,43,1,126981.39,2,1,1,73920.56,0
1329,15669029,Jones,663,France,Female,24,10,69915.7,3,0,1,9579.1,0
1330,15709865,Wright,732,France,Female,58,1,0.0,2,1,0,115762.53,1
1331,15698152,Flores,597,Spain,Female,67,8,0.0,1,1,1,55424.15,0
1332,15582087,Wright,717,France,Female,23,3,188585.72,1,1,1,11498.49,0
1333,15677805,Vargas,672,Germany,Male,46,10,144205.78,2,1,1,79882.63,0
1334,15587182,Johnson,683,Spain,Male,56,9,0.0,1,1,1,185677.88,0
1335,15658278,Harris,567,Spain,Male,38,8,0.0,2,1,1,182943.03,0
1336,15783930,Young,613,Spain,Male,36,7,0.0,1,1,1,40882.57,0
1337,15749963,Taylor,641,France,Male,34,2,183516.69,2,1,1,36733.48,0
1338,15811968,Harris,683,Germany,Male,32,1,147152.99,1,1,1,131511.79,0
1339,15774702,Lewis,572,Spain,Male,40,2,134514.65,2,1,1,178326.24,0
1340,15751505,Flores,525,France,Male,52,0,0.0,1,1,1,107371.32,0
1341,15612453,King,443,France,Female,24,8,0.0,3,1,0,117688.88,0
1342,15713177,Campbell,722,Spain,Male,29,3,0.0,2,1,1,120557.37,0
1343,15766924,Vargas,742,France,Male,32,4,134805.87,2,1,1,130947.86,0
1344,15809621,Sanchez,455,Germany,Male,26,6,116162.54,1,0,1,181623.78,0
1345,15582917,Hoffmann,657,Spain,Female,44,7,77488.61,2,1,1,129553.73,0
1346,15810425,Martin,613,Germany,Male,43,6,164985.75,1,0,1,24910.48,0
1347,15762099,Campbell,768,France,Female,48,8,0.0,1,1,0,184036.17,1
1348,15700997,Rivera,630,France,Male,23,1,0.0,1,1,1,81975.27,0
1349,15690493,Baker,703,France,Male,46,3,0.0,2,1,0,1542.51,0
1350,15630794,Lopez,609,France,Female,52,8,0.0,2,0,1,120245.08,0
1351,15810554,Meyer,583,Spain,Male,45,7,110099.51,1,1,1,175204.54,1
1352,15738747,Moreau,724,Spain,Male,38,6,0.0,2,0,1,128300.16,0
1353,15639684,Baker,755,France,Male,36,10,153658.17,1,1,1,4647.74,0
1354,15627183,Allen,527,France,Male,41,10,131607.9,2,1,0,105425.34,0
1355,15755291,White,761,Spain,Male,40,0,90365.52,2,1,0,152992.61,0
1356,15715871,Scott,555,France,Male,32,6,74965.7,3,0,1,87131.48,0
1357,15627487,Gonzalez,424,Germany,Male,23,9,148187.76,1,0,1,45185.5,0
1358,15717166,Adams,651,France,Female,33,3,151373.5,2,1,1,190129.48,0
1359,15760713,Lewis,699,Germany,Male,64,0,110857.57,2,1,1,11344.47,0
1360,15614700,Schmidt,503,France,Male,24,1,0.0,2,0,0,9409.43,0
1361,15656279,Bernard,458,Germany,Female,40,7,121635.38,2,1,0,127585.71,1
1362,15681898,Davis,602,France,Male,59,10,0.0,1,1,0,62921.39,1
1363,15735354,Carter,589,Germany,Female,48,7,128433.8,2,1,1,182980.24,0
1364,15799227,Hill,783,France,Male,50,0,0.0,2,1,1,162041.65,0
1365,15793425,Adams,651,France,Female,49,4,149678.13,1,0,1,96334.22,0
1366,15651884,Walker,721,Germany,Female,26,3,146044.25,2,1,0,94638.65,0
1367,15645251,Schneider,670,France,Male,55,10,89539.78,1,1,1,162710.69,1
1368,15592776,Wagner,802,France,Female,58,5,135825.62,1,0,1,151732.09,1
1369,15801907,Navarro,564,France,Female,27,2,0.0,1,0,0,126387.74,0
1370,15693306,Martin,641,France,Female,34,6,81623.41,1,1,0,136439.59,1
1371,15603588,Roberts,498,France,Male,39,8,108799.34,2,1,0,179545.76,0
1372,15592438,Smith,729,Spain,Male,34,6,0.0,2,1,0,17666.68,0
1373,15743266,Laurent,758,France,Male,31,4,77535.3,1,1,1,40697.46,0
1374,15748387,Wilson,735,Spain,Female,31,7,102197.12,1,1,0,63731.04,1
1375,15600566,Muller,638,Spain,Male,46,3,122814.89,1,1,1,73685.04,0
1376,15800185,Moore,506,France,Male,50,1,0.0,2,1,0,25317.14,1
1377,15595972,Allen,642,Germany,Female,31,9,152441.94,1,0,1,130162.21,0
1378,15756823,Bernard,584,Spain,Male,50,7,142184.89,2,1,0,82786.53,1
1379,15747286,Hoffmann,739,Germany,Female,34,8,80801.27,1,1,1,48654.91,0
1380,15766946,Robinson,609,France,Male,28,9,0.0,2,1,0,171565.58,0
1381,15643871,Wright,607,France,Female,41,7,154254.68,2,0,0,107035.41,0
1382,15631387,Hall,850,France,Male,38,0,137110.79,2,1,1,63794.05,0
1383,15803340,Roberts,728,Germany,Male,42,9,33491.34,2,1,1,165395.79,0
1384,15640038,Hill,754,Spain,Male,41,0,0.0,2,1,0,94673.8,0
1385,15765266,Young,600,Spain,Male,40,7,120450.76,1,1,0,83823.2,0
1386,15681166,Flores,543,France,Male,37,10,118882.81,2,1,1,143978.0,0
1387,15628618,Muller,753,Germany,Male,50,4,93449.01,1,1,1,187185.92,1
1388,15802088,Young,795,France,Female,45,3,157889.79,4,1,1,143342.24,1
1389,15638225,Roberts,525,Spain,Male,34,10,0.0,2,0,1,182938.04,0
1390,15597167,Moreau,600,France,Male,34,5,115939.17,2,1,0,198831.76,0
1391,15712924,Lee,561,Spain,Male,26,10,37773.31,2,0,1,167550.59,0
1392,15717370,Gonzalez,697,Spain,Male,26,3,0.0,1,1,1,141684.77,0
1393,15621262,Brown,755,France,Female,36,2,87333.73,1,1,1,97582.1,0
1394,15583256,Weber,614,France,Male,48,6,0.0,1,1,0,76489.15,0
1395,15678788,Wilson,614,Spain,Female,30,4,93434.76,1,1,1,138063.57,0
1396,15591439,Young,460,France,Female,45,7,144001.53,2,1,0,93527.42,1
1397,15705624,Harris,557,Germany,Female,40,3,166457.48,1,0,0,101166.03,0
1398,15647832,Laurent,796,Spain,Female,31,8,0.0,1,1,0,158961.07,0
1399,15766124,King,698,Germany,Male,38,3,85279.34,1,1,1,162171.49,0
1400,15802225,Fischer,740,France,Female,38,3,0.0,1,1,0,44518.25,0
1401,15721206,Hill,615,France,Female,31,7,0.0,1,0,0,121965.76,0
1402,15756056,Taylor,624,France,Female,45,2,0.0,2,1,1,194223.14,0
1403,15659799,Lopez,652,Spain,Male,49,3,0.0,1,1,0,178713.22,1
1404,15642178,Navarro,681,France,Male,35,6,163518.41,2,1,0,7125.94,0
1405,15808079,Meyer,783,France,Female,28,3,0.0,1,1,0,169927.79,0
1406,15732858,Lee,585,France,Male,50,4,0.0,1,1,0,175219.99,0
1407,15745099,Garcia,637,Spain,Female,26,3,0.0,1,1,1,54347.73,0
1408,15695609,Smith,573,France,Male,41,6,0.0,1,1,1,193713.55,0
1409,15740285,Williams,459,Spain,Male,30,3,135072.55,4,1,0,85707.1,1
1410,15663130,Hall,739,Germany,Male,28,6,74815.7,2,0,0,149826.54,0
1411,15731659,Scott,820,Spain,Male,33,2,0.0,1,1,1,8294.29,1
1412,15687455,King,724,Spain,Male,38,9,114266.96,3,1,0,32670.26,1
1413,15689690,Campbell,672,Spain,Female,29,10,125559.67,2,1,0,82069.92,0
1414,15604180,Taylor,830,Spain,Female,27,0,0.0,2,0,1,19643.41,0
1415,15629590,Young,695,France,Female,25,1,0.0,1,1,0,117864.0,0
1416,15783684,Jones,728,Spain,Female,59,1,0.0,1,1,1,51790.65,0
1417,15619817,Lewis,664,Germany,Female,42,2,149835.65,1,0,1,56871.13,0
1418,15636612,Clark,678,Germany,Male,31,8,72209.53,1,1,1,133976.13,1
1419,15682603,Hoffmann,637,Spain,Female,42,2,110380.89,3,0,1,100190.15,1
1420,15705043,Anderson,731,Spain,Female,38,6,119425.34,1,1,1,43452.65,0
1421,15651340,Carter,544,Germany,Female,46,2,125633.58,1,1,1,42213.28,0
1422,15608348,Wagner,691,France,Male,35,0,122046.06,2,0,0,66197.61,1
1423,15589120,Roberts,567,France,Female,48,0,103252.53,2,1,0,63488.57,0
1424,15584219,Brown,699,France,Male,32,10,0.0,2,1,0,184976.96,0
1425,15713283,Roberts,850,France,Male,40,6,0.0,1,1,0,149423.43,0
1426,15726480,Muller,718,France,Female,47,7,137009.03,1,0,0,53751.65,0
1427,15683456,Schneider,764,France,Female,40,2,0.0,1,1,0,189647.58,0
1428,15652683,King,738,France,Male,65,5,165584.74,2,0,0,183201.39,0
1429,15746788,Jackson,424,Spain,Male,46,7,0.0,1,1,1,171244.6,1
1430,15799347,Wilson,637,France,Female,42,8,0.0,2,1,1,146347.95,0
1431,15785714,Anderson,693,Spain,Male,34,7,158833.47,1,1,1,153899.87,0
1432,15610639,Fournier,447,Germany,Male,40,6,190105.96,2,0,0,94780.74,0
1433,15788011,Williams,622,France,Female,53,6,0.0,2,1,0,58681.19,1
1434,15628654,Ruiz,642,France,Female,33,4,151768.81,2,0,1,104787.37,0
1435,15725523,Moore,531,France,Male,30,7,165662.23,2,1,1,152320.82,0
1436,15683174,Thompson,556,Spain,Male,33,3,0.0,1,1,0,76159.27,0
1437,15621914,Wilson,780,France,Male,33,7,0.0,1,1,0,65545.41,0
1438,15620440,Green,350,Germany,Male,44,4,126031.95,2,1,1,29998.92,0
1439,15786616,Thompson,676,Spain,Female,62,6,0.0,1,1,1,152864.62,0
1440,15758742,Mitchell,763,Spain,Female,26,5,147611.89,2,1,1,132711.14,0
1441,15706596,Carter,647,France,Male,23,6,0.0,1,1,0,108661.54,0
1442,15740841,Schmidt,787,France,Male,38,7,0.0,1,1,0,61505.71,0
1443,15783583,King,609,France,Male,29,3,0.0,1,1,1,110867.87,0
1444,15756545,Fischer,562,France,Male,41,5,128332.77,2,1,1,10801.27,0
1445,15773462,Jones,649,France,Male,43,4,0.0,2,0,0,30363.38,0
1446,15708069,Brown,613,Germany,Male,33,0,137183.86,2,1,1,59232.02,0
1447,15813650,Flores,595,Spain,Female,44,9,103004.78,2,0,1,19712.93,0
1448,15801669,Baker,632,Germany,Male,31,7,81555.2,2,1,0,5914.67,0
1449,15572882,Allen,573,Germany,Female,31,0,95235.62,1,1,1,45203.29,0
1450,15600433,Torres,569,France,Male,30,0,141696.44,2,1,0,176345.0,0
1451,15706568,Castillo,541,Spain,Female,33,10,0.0,1,1,0,1270.34,0
1452,15728657,Clark,690,Germany,Female,37,9,114079.43,2,1,1,160155.21,0
1453,15765013,Wright,553,Spain,Male,36,8,113071.05,2,1,1,113984.69,0
1454,15640230,Ramirez,530,Spain,Male,39,7,0.0,2,1,1,9825.6,0
1455,15607469,Fischer,546,France,Female,43,9,87281.77,1,1,1,83710.58,0
1456,15629973,Adams,670,France,Male,39,6,0.0,2,0,0,126690.85,0
1457,15696359,Mitchell,715,France,Male,58,0,86824.17,1,0,0,16233.09,1
1458,15762774,Jackson,723,France,Male,38,4,0.0,1,1,1,21531.41,0
1459,15750113,Baker,671,Spain,Female,46,3,158188.8,2,1,0,21579.72,1
1460,15670603,Lopez,702,France,Male,26,1,118915.68,2,1,0,150858.42,0
1461,15637781,Anderson,645,Spain,Male,39,9,0.0,1,1,0,17269.98,0
1462,15623733,Wilson,694,Germany,Male,36,7,87957.93,1,1,1,125102.34,0
1463,15618066,Thompson,693,France,Female,35,9,0.0,2,1,0,59987.14,0
1464,15579039,Fournier,579,France,Male,52,1,0.0,1,0,1,119569.89,1
1465,15605035,Taylor,546,Germany,Female,66,10,142659.91,1,1,0,4902.89,1
1466,15800535,Wright,781,Germany,Female,44,6,60858.08,2,1,1,105080.81,0
1467,15775751,Baker,662,France,Male,25,6,167693.92,1,0,1,164198.51,0
1468,15635604,Thompson,752,France,Male,32,2,172009.47,2,0,1,155735.19,0
1469,15579823,Clark,543,Germany,Female,26,6,128002.58,2,1,1,106467.71,0
1470,15676019,Jones,611,France,Female,39,6,95727.95,1,1,1,42415.63,0
1471,15724250,Schneider,516,Spain,Male,42,7,64305.16,1,0,1,152400.88,0
1472,15737330,Fernandez,713,France,Male,25,1,0.0,1,1,0,108626.51,0
1473,15698198,Perez,590,France,Male,55,6,119500.35,2,1,1,57966.82,0
1474,15589615,Alvarez,596,France,Male,28,1,0.0,1,0,0,185675.14,0
1475,15800103,Allen,840,Germany,Male,41,0,136073.85,2,0,0,106453.43,0
1476,15775579,Wagner,715,Germany,Male,55,5,87170.38,2,1,0,180835.14,0
1477,15626287,Alvarez,713,France,Male,39,1,0.0,1,1,0,86074.43,0
1478,15721283,Fournier,533,Spain,Female,31,7,0.0,1,1,1,90713.81,1
1479,15574186,Green,470,France,Female,31,5,188377.34,1,0,1,71665.16,0
1480,15781173,Wilson,744,France,Female,39,2,0.0,2,0,1,75845.42,0
1481,15653160,King,433,France,Female,46,2,124486.77,4,1,1,68287.56,1
1482,15705297,Sanchez,601,France,Female,41,5,89612.54,3,0,1,151604.43,1
1483,15812731,Harris,571,Germany,Male,30,6,158378.27,1,1,0,56036.07,1
1484,15613447,Davis,560,France,Female,36,8,170764.96,2,1,0,44621.28,0
1485,15568670,Campbell,607,Germany,Male,29,6,74810.08,2,1,0,175306.1,1
1486,15808320,Scott,548,France,Male,29,6,64591.41,2,0,1,195620.18,0
1487,15742726,Moore,532,Spain,Female,29,6,0.0,2,1,0,103144.82,0
1488,15581907,Lewis,675,France,Female,34,6,114251.69,1,0,0,32583.53,0
1489,15751311,Jones,753,Spain,Male,37,3,162553.5,1,0,1,19884.71,0
1490,15630235,Schmidt,482,France,Female,38,2,86117.38,2,0,1,122673.62,0
1491,15663174,Mitchell,669,France,Male,40,5,91666.73,2,1,0,156131.35,0
1492,15651742,Rivera,703,Spain,Male,31,1,74151.11,1,1,1,142915.42,0
1493,15742874,Fernandez,693,Germany,Male,37,2,89954.19,2,1,1,179052.44,0
1494,15676869,Bernard,629,Spain,Male,38,1,124887.28,2,1,0,83053.03,0
1495,15599960,Gonzalez,592,France,Female,51,5,0.0,1,1,1,187821.97,0
1496,15761871,Dubois,724,Germany,Male,25,10,217122.25,1,1,1,136522.48,0
1497,15737930,Schmidt,683,Spain,Male,27,9,0.0,1,1,1,149468.28,0
1498,15760086,Jackson,466,Germany,Female,43,0,103609.62,2,1,0,127361.35,1
1499,15721134,Lewis,629,France,Male,44,9,126923.19,2,1,0,16377.08,0
1500,15694297,Adams,655,Germany,Male,43,1,158429.38,3,1,0,175216.25,1
1501,15691464,Martin,544,Germany,Male,43,10,89486.68,1,1,0,53053.4,1
1502,15693067,Moore,626,Spain,Male,26,2,0.0,1,1,0,19683.42,0
1503,15731560,Muller,698,France,Male,62,1,89155.43,1,1,0,181489.99,1
1504,15714869,Meyer,570,France,Female,49,8,174996.29,1,1,1,54968.74,1
1505,15778017,Nelson,673,Spain,Female,26,9,0.0,2,1,0,197753.47,0
1506,15569713,Garcia,554,Germany,Male,35,4,151320.67,2,1,1,171651.47,1
1507,15700892,Nelson,530,Germany,Male,34,6,128553.26,2,1,0,132357.87,0
1508,15777650,Gonzalez,710,France,Male,36,8,131990.66,2,1,1,177802.78,0
1509,15764021,Wright,764,France,Female,33,9,155975.55,1,1,1,162974.57,0
1510,15695200,Thompson,535,Germany,Male,28,4,97602.97,1,1,1,131252.29,1
1511,15654451,Perez,742,France,Male,38,8,0.0,2,1,0,116895.66,0
1512,15593996,Wright,649,France,Female,52,8,124731.45,2,0,0,147728.18,1
1513,15739293,Moreau,435,Germany,Female,33,8,80543.94,1,1,0,37906.22,1
1514,15653725,Meyer,511,Germany,Male,40,9,117194.6,2,0,1,132117.85,0
1515,15776241,Alvarez,709,Spain,Male,36,9,118694.17,2,0,0,11613.38,0
1516,15657187,Schmidt,492,France,Male,43,4,46467.95,2,1,1,174715.69,0
1517,15733383,Smith,590,France,Female,35,3,0.0,1,0,1,140760.06,0
1518,15643675,Nguyen,642,Spain,Male,32,10,0.0,1,1,1,24822.51,0
1519,15712496,Carter,693,France,Male,33,4,124382.29,2,1,1,192694.6,0
1520,15718874,Romero,668,France,Female,51,10,151525.56,1,1,1,192020.84,1
1521,15709217,Vargas,802,France,Male,38,10,158592.83,1,1,1,113195.11,0
1522,15770325,Schneider,571,Germany,Male,37,0,93212.31,2,0,1,1362.34,0
1523,15771652,Wagner,660,Spain,Female,51,1,0.0,1,0,1,173177.52,1
1524,15665717,Smith,694,Spain,Male,54,6,0.0,1,1,1,180029.55,0
1525,15720886,Muller,719,Germany,Female,23,0,135296.08,1,0,0,27734.3,1
1526,15749906,Sanchez,752,France,Female,27,7,0.0,1,0,1,96078.42,0
1527,15568707,Laurent,608,France,Male,46,0,155000.9,1,0,0,186347.13,1
1528,15732156,Roberts,713,France,Female,38,9,0.0,2,1,0,168788.36,0
1529,15608694,Adams,560,France,Female,54,4,0.0,1,1,0,190885.39,1
1530,15704232,Meyer,642,France,Female,25,7,106783.24,1,1,1,142309.64,0
1531,15634307,Wilson,699,France,Female,39,5,152774.49,1,1,1,50937.51,0
1532,15776986,Perez,745,France,Male,44,7,119926.69,1,1,0,142322.37,1
1533,15571455,Schmidt,705,Germany,Male,34,7,127200.48,1,1,1,86331.88,1
1534,15580450,Miller,659,Germany,Female,45,3,61950.09,1,0,1,141035.42,0
1535,15670469,Davis,642,France,Male,46,8,131368.04,2,1,1,94971.86,0
1536,15619030,Walker,703,France,Male,36,9,121293.5,2,1,0,170502.15,1
1537,15609162,Anderson,850,Spain,Male,36,3,0.0,1,1,1,122508.79,0
1538,15718715,Walker,733,Germany,Male,48,0,102392.57,1,1,1,75797.6,1
1539,15681320,Lopez,687,Spain,Female,39,4,0.0,2,0,1,53478.39,0
1540,15684829,Hill,517,France,Female,43,7,0.0,2,1,1,145060.63,0
1541,15802126,Bernard,568,Spain,Female,39,8,0.0,1,1,0,175564.86,0
1542,15605575,Sanchez,619,France,Male,39,2,0.0,2,0,1,188174.1,1
1543,15744351,Wright,738,France,Male,36,5,0.0,1,0,0,180204.02,0
1544,15623352,Hill,559,France,Female,43,8,0.0,2,0,0,5426.2,0
1545,15753949,Flores,712,France,Male,30,5,0.0,2,0,1,121662.21,0
1546,15606579,Campbell,662,France,Female,26,8,74267.38,2,1,1,143669.44,0
1547,15567821,Roberts,684,France,Female,37,7,143452.44,1,0,1,43555.87,0
1548,15669894,Garcia,629,Germany,Male,54,1,99913.25,1,1,0,61475.01,1
1549,15596621,Clark,592,France,Male,39,2,105634.02,1,1,1,144529.5,0
1550,15772409,Clark,556,France,Female,35,8,105103.06,2,1,1,186873.57,0
1551,15815529,Thompson,709,France,Male,34,7,158872.54,1,0,1,39225.03,0
1552,15678680,Hoffmann,643,France,Female,33,9,0.0,1,1,1,149166.88,1
1553,15691038,Torres,546,France,Female,21,3,0.0,1,0,1,85150.55,1
1554,15673483,Mitchell,672,France,Male,52,0,69753.31,1,0,0,62178.63,0
1555,15684134,Moreau,850,France,Female,32,2,0.0,2,1,1,58858.48,0
1556,15666952,Davis,630,Spain,Male,37,4,103248.25,3,1,0,164682.91,1
1557,15764366,Thomas,810,Spain,Male,34,1,119933.82,1,1,1,11621.63,0
1558,15805024,Young,399,France,Female,31,2,0.0,1,1,0,149667.03,0
1559,15635985,Campbell,624,Germany,Female,53,1,102327.62,2,1,1,52127.16,0
1560,15611593,Girard,743,Spain,Female,28,1,161944.57,1,1,0,63250.4,0
1561,15771307,Smith,652,Spain,Female,44,4,111659.7,1,1,1,142458.07,0
1562,15802877,Allen,588,Germany,Male,26,8,99172.78,1,1,0,98035.38,0
1563,15635036,Lee,647,Spain,Male,36,4,145754.47,1,1,1,11553.0,0
1564,15802767,Smith,746,Spain,Male,50,3,141147.85,1,0,0,158199.55,1
1565,15629724,Dubois,850,Spain,Male,33,6,0.0,2,1,1,90966.57,0
1566,15752641,Flores,753,France,Male,43,7,167470.47,2,0,0,78633.65,0
1567,15625459,Robinson,601,France,Male,33,3,0.0,2,1,1,110753.55,0
1568,15810368,Taylor,627,France,Female,34,0,113335.56,2,1,0,134642.03,0
1569,15710057,Alvarez,628,France,Male,46,3,0.0,1,0,1,189407.35,0
1570,15814300,Dubois,566,France,Female,43,0,106904.53,2,1,0,12889.08,0
1571,15757593,Martin,635,France,Female,54,1,0.0,2,1,0,134872.6,1
1572,15725694,Hoffmann,623,Germany,Female,33,6,128609.37,1,1,0,30872.14,0
1573,15677132,Adams,534,Germany,Male,41,1,100674.25,1,1,0,792.27,1
1574,15712407,Green,731,Spain,Female,38,4,110323.58,2,1,1,165595.76,0
1575,15776776,Gonzalez,691,France,Female,41,4,149199.05,2,1,1,190594.11,0
1576,15803829,Hoffmann,588,France,Male,49,9,0.0,2,0,1,61372.31,0
1577,15741233,Brown,664,Spain,Male,32,1,119408.04,1,0,0,92067.82,0
1578,15572372,Jackson,556,Spain,Male,40,0,0.0,1,1,1,117669.61,0
1579,15606573,Lopez,596,Spain,Female,52,5,0.0,2,1,1,120699.38,0
1580,15759764,Fischer,717,Spain,Female,38,6,121495.62,1,1,1,166723.54,0
1581,15566343,Alvarez,696,Spain,Male,46,5,157608.44,1,1,1,68798.3,1
1582,15769224,Bernard,600,France,Female,24,7,0.0,1,1,0,121709.61,0
1583,15738926,Laurent,680,France,Male,38,9,0.0,2,1,0,17470.67,0
1584,15587356,Romero,643,France,Male,33,6,97467.76,1,1,1,164443.85,0
1585,15749322,Jackson,553,Germany,Female,22,5,153645.43,1,0,1,132727.46,0
1586,15727814,Thomas,634,Spain,Female,43,7,105514.9,2,1,0,119985.01,0
1587,15626131,Jackson,692,France,Female,40,2,0.0,1,0,1,11495.28,0
1588,15709869,Lewis,680,Germany,Male,30,2,104977.7,1,1,0,10015.64,0
1589,15753681,Wilson,486,France,Male,27,4,119173.49,1,1,0,16870.7,1
1590,15630353,Carter,666,France,Male,63,8,0.0,2,1,1,46288.26,0
1591,15796122,Lewis,652,France,Male,41,9,108094.22,1,0,0,85589.32,1
1592,15725867,Meyer,466,France,Male,41,6,0.0,1,0,1,87456.59,0
1593,15717524,Lewis,572,Spain,Female,31,6,0.0,1,1,0,31343.91,1
1594,15806975,Davis,698,France,Female,34,8,123223.27,2,1,1,88776.74,0
1595,15568535,Flores,784,Spain,Male,53,2,80069.71,2,1,0,103196.21,0
1596,15807606,Navarro,491,Germany,Male,38,1,128096.21,1,1,1,20025.07,0
1597,15645863,Nelson,745,France,Male,53,8,0.0,2,1,1,24856.21,0
1598,15751298,Williams,468,France,Male,41,1,158751.31,2,1,0,148754.97,0
1599,15709856,Thomas,786,Spain,Female,49,1,141108.45,2,1,0,199479.98,0
1600,15763354,Fournier,627,France,Male,24,4,127852.56,1,1,1,37226.04,0
1601,15806145,Taylor,581,Spain,Female,31,8,98615.22,3,1,0,92757.53,1
1602,15761855,Wright,684,France,Male,38,4,105130.78,2,1,0,37525.16,0
1603,15596620,Muller,557,Germany,Male,35,1,145918.87,2,0,0,11877.9,0
1604,15703865,Hill,700,Spain,Female,43,1,115646.55,1,1,0,36057.08,0
1605,15787784,Castillo,638,France,Male,27,2,183396.16,1,1,1,71984.51,1
1606,15619970,Weber,350,France,Male,27,0,0.0,2,1,1,109661.0,0
1607,15623950,Miller,571,Spain,Female,42,3,113720.01,2,0,0,104771.72,1
1608,15645363,Moore,669,France,Male,49,0,103157.0,1,0,0,90078.52,1
1609,15762505,Hoffmann,753,France,Male,34,9,0.0,2,0,1,71885.81,0
1610,15595129,Green,682,France,Male,55,0,149671.75,1,1,0,76585.72,0
1611,15694947,Schmidt,752,France,Male,59,2,81375.01,2,1,1,456.43,0
1612,15676172,White,563,Spain,Male,37,0,79747.36,1,0,0,44673.04,1
1613,15672199,Becker,721,Spain,Male,34,3,96789.17,1,1,0,34837.26,0
1614,15772176,Thomas,722,France,Female,32,8,136474.63,1,0,0,116541.83,0
1615,15721749,Flores,492,Spain,Female,31,6,0.0,1,1,1,89372.4,0
1616,15614624,Torres,757,France,Male,45,10,71064.67,2,0,1,43796.64,0
1617,15794208,Thompson,682,France,Male,30,6,0.0,1,1,1,26324.46,0
1618,15614557,Miller,623,Germany,Male,29,4,124750.31,1,1,0,135167.84,0
1619,15790201,Rodriguez,621,Spain,Male,31,10,118237.46,1,1,1,180033.06,0
1620,15622312,Torres,549,France,Male,37,2,137658.08,1,1,0,51108.16,0
1621,15637738,Martin,711,France,Female,38,1,0.0,1,1,1,122911.69,0
1622,15644261,Schneider,679,Germany,Male,44,3,122426.84,2,1,1,32271.76,0
1623,15567287,King,707,Spain,Male,36,10,154990.65,1,1,0,48331.18,0
1624,15729969,Davis,658,France,Female,26,9,0.0,2,1,0,36683.1,0
1625,15763056,White,670,France,Female,34,5,0.0,1,1,1,108421.69,0
1626,15774083,Laurent,621,Germany,Male,37,10,118088.3,1,1,0,8493.8,0
1627,15755446,Young,754,France,Male,32,7,0.0,1,1,1,93022.84,0
1628,15698436,Campbell,709,France,Female,40,2,0.0,1,1,0,180193.24,1
1629,15704550,Ramirez,667,France,Male,22,0,0.0,1,1,0,27958.2,0
1630,15746512,Williams,637,France,Female,36,0,0.0,1,1,1,118153.11,0
1631,15758716,Muller,479,France,Female,52,9,143287.96,2,1,0,8348.14,0
1632,15723116,Laurent,457,Spain,Male,48,3,140133.52,1,1,0,110088.57,1
1633,15612340,Lopez,614,Germany,Male,38,4,117479.4,2,0,0,158588.69,1
1634,15756930,Garcia,773,Germany,Male,38,4,146902.39,1,1,0,38967.5,0
1635,15607118,Perez,582,Spain,Male,42,0,0.0,2,1,1,76606.64,0
1636,15709617,Alvarez,585,France,Male,29,0,189560.47,1,1,1,83311.83,0
1637,15749120,Baker,556,France,Female,47,7,64908.07,1,0,1,172493.47,1
1638,15756260,Lee,525,Spain,Female,54,7,0.0,1,1,1,8483.58,1
1639,15749590,Lopez,561,France,Female,36,2,0.0,3,1,1,63397.29,1
1640,15784602,Lopez,677,Germany,Female,38,1,186821.06,2,1,1,19469.23,0
1641,15743883,Gonzalez,602,Spain,Female,44,5,0.0,1,0,0,131810.2,1
1642,15727136,Perez,598,France,Male,31,0,123333.43,1,1,1,102606.51,0
1643,15686667,Ramirez,589,France,Male,55,3,106181.9,2,1,0,106667.99,1
1644,15663752,Green,673,France,Female,62,7,173323.65,2,1,1,35020.72,0
1645,15730157,Thomas,688,France,Female,43,1,0.0,1,1,0,74103.7,1
1646,15605298,Becker,469,France,Male,56,8,0.0,1,0,1,174862.03,1
1647,15632119,Becker,576,France,Female,28,9,76349.9,1,1,0,123638.15,0
1648,15602008,Fernandez,641,Spain,Male,40,2,36149.41,1,1,1,172313.2,1
1649,15571337,Fischer,693,Spain,Male,24,7,120204.24,1,0,1,126074.38,0
1650,15710127,Hill,662,Spain,Female,34,8,0.0,1,1,0,114818.81,0
1651,15638324,Thompson,730,France,Male,34,5,0.0,1,1,1,179711.19,0
1652,15648062,Weber,513,France,Male,32,3,0.0,2,1,1,100173.41,0
1653,15797053,Anderson,690,France,Female,28,10,143067.3,1,0,1,143598.33,0
1654,15631494,Fournier,849,France,Female,43,3,0.0,1,0,1,23828.42,0
1655,15686313,Wagner,655,Spain,Male,31,2,0.0,2,1,1,36955.75,0
1656,15697027,Allen,659,France,Female,43,1,0.0,1,0,1,90949.14,1
1657,15754457,Hill,700,France,Male,37,9,120102.36,1,1,1,68678.03,0
1658,15806869,Baker,597,Spain,Female,41,2,164829.98,1,1,1,46703.34,0
1659,15700166,Meyer,558,France,Male,33,1,0.0,1,1,0,65989.84,0
1660,15724169,Sanchez,656,France,Female,37,0,151084.99,1,1,0,136695.96,0
1661,15649586,Girard,490,France,Female,66,3,113822.62,1,1,0,128406.93,0
1662,15725049,Alvarez,688,Germany,Male,40,7,85885.5,1,1,1,23398.15,1
1663,15775037,Ramirez,705,Spain,Male,55,7,152157.48,2,1,0,196977.12,0
1664,15625151,Taylor,494,France,Male,54,9,0.0,2,1,0,139872.58,1
1665,15643982,Walker,666,Spain,Female,75,7,105751.07,1,0,0,44689.13,0
1666,15745488,King,629,Spain,Female,27,0,0.0,2,0,0,17425.45,0
1667,15590841,King,793,Spain,Female,54,9,136412.08,2,1,1,177801.39,0
1668,15627182,Mitchell,777,France,Female,37,2,0.0,1,0,0,72574.4,0
1669,15601469,Perez,732,France,Male,34,10,116210.76,1,1,1,46042.48,0
1670,15805328,Lewis,767,Spain,Female,29,3,0.0,1,1,1,56383.5,0
1671,15670410,Lewis,615,France,Male,27,0,177312.06,1,0,1,53640.4,0
1672,15592911,Brown,675,Germany,Female,42,4,119762.19,2,1,1,155163.04,1
1673,15705759,Anderson,626,Spain,Male,27,4,154488.11,2,0,0,128924.65,0
1674,15594283,Nelson,553,France,Female,43,9,0.0,2,1,0,69396.08,1
1675,15621266,Walker,658,Spain,Male,23,6,82953.9,1,1,0,66104.69,0
1676,15695150,Roberts,642,Spain,Male,30,0,0.0,1,0,0,191364.24,0
1677,15591834,Dubois,630,Germany,Male,35,0,114423.72,1,0,1,128826.49,1
1678,15737729,Nguyen,644,France,Female,38,6,151619.37,1,1,0,144796.3,0
1679,15636905,Taylor,656,Spain,Male,30,0,0.0,3,1,1,59616.19,0
1680,15727056,Miller,736,Germany,Male,28,5,116030.04,1,1,1,198043.06,0
1681,15752128,Wilson,593,Germany,Male,34,9,97192.84,1,1,1,149280.26,0
1682,15652485,Jones,526,Spain,Male,32,9,149346.1,1,1,0,48082.25,0
1683,15610213,King,716,Germany,Female,33,6,110036.35,2,1,1,184411.1,0
1684,15713152,Weber,733,France,Female,44,3,0.0,2,1,0,77721.82,0
1685,15600618,Navarro,685,France,Female,51,5,0.0,1,1,1,13602.01,0
1686,15569787,Lee,540,France,Female,34,1,113954.25,2,0,1,75037.6,0
1687,15673939,Clark,637,Germany,Male,44,8,117213.72,1,1,0,161970.83,0
1688,15772499,Anderson,678,Germany,Male,32,1,104519.39,2,1,0,86570.63,0
1689,15655917,Walker,546,Germany,Female,32,0,179556.95,1,0,0,104146.15,1
1690,15616976,Laurent,576,France,Female,34,6,0.0,2,1,1,96525.61,0
1691,15594507,Green,636,Spain,Male,49,6,0.0,2,1,1,191027.31,0
1692,15764981,Flores,765,Spain,Female,26,6,86621.59,1,0,1,8764.26,0
1693,15629919,Martin,672,France,Male,25,5,0.0,2,1,1,54966.81,0
1694,15662499,Adams,594,Germany,Male,58,6,106770.46,2,1,0,155697.04,1
1695,15809062,Wilson,630,Germany,Male,30,4,152871.27,1,1,0,12012.8,1
1696,15598070,Wilson,585,Germany,Female,35,1,111031.2,1,0,1,69184.65,0
1697,15685487,Meyer,610,France,Female,33,6,0.0,1,0,0,173583.37,0
1698,15635993,Fournier,720,Spain,Male,54,0,0.0,2,0,1,19865.34,0
1699,15632333,Rivera,464,Spain,Female,49,0,120859.27,2,1,1,32959.83,1
1700,15668254,Muller,778,Germany,Female,28,6,87419.18,2,1,1,65267.58,0
1701,15759375,Wagner,850,Spain,Male,38,7,0.0,1,1,0,144135.68,1
1702,15656281,Roberts,666,Spain,Female,40,0,103446.93,2,1,0,73587.59,0
1703,15615352,Davis,569,France,Male,43,4,128519.43,1,1,0,165693.67,0
1704,15568918,Martin,763,Germany,Male,24,10,133457.02,2,1,1,875.95,0
1705,15628562,Rivera,677,France,Male,25,8,0.0,2,1,0,12920.86,0
1706,15717259,Moore,599,Spain,Male,44,8,110206.71,1,0,1,168165.28,1
1707,15673509,Wilson,556,France,Male,27,7,102316.7,1,1,0,76720.12,0
1708,15661791,Moreau,611,France,Male,40,1,0.0,3,1,0,100704.84,1
1709,15595900,Smith,669,Spain,Male,28,4,116369.79,1,0,1,181166.89,0
1710,15573507,Miller,737,France,Female,26,6,0.0,2,1,1,26814.6,0
1711,15805910,Thompson,678,Spain,Female,30,7,0.0,1,1,1,125566.69,0
1712,15788196,Green,694,France,Male,36,1,123311.22,2,0,1,149255.19,0
1713,15612946,Anderson,618,Spain,Male,40,10,118546.39,1,1,1,92183.97,0
1714,15649212,Campbell,733,Spain,Male,41,10,168017.71,2,1,1,49742.71,0
1715,15679375,Weber,630,France,Female,46,0,109482.71,1,0,1,3952.26,1
1716,15583393,Romero,828,Spain,Female,30,6,0.0,1,1,1,114458.93,0
1717,15570716,Wagner,587,France,Male,45,1,0.0,2,1,0,37394.0,0
1718,15725912,Moore,688,Germany,Female,37,3,153740.34,2,1,0,48710.54,0
1719,15722999,Young,850,Germany,Female,39,9,113933.39,2,1,0,67269.52,0
1720,15642087,Smith,751,Spain,Female,68,7,0.0,1,1,0,117096.8,1
1721,15764724,Bernard,722,France,Male,43,3,0.0,1,0,1,177093.38,0
1722,15641334,Allen,679,France,Female,35,0,166756.09,2,1,1,148799.88,0
1723,15724389,Schmidt,655,Germany,Female,33,9,114434.24,2,1,1,111042.88,0
1724,15688813,Sanchez,633,Germany,Male,36,3,139513.78,2,0,0,20353.08,0
1725,15593645,Laurent,596,France,Male,26,6,0.0,1,0,0,36407.94,0
1726,15656392,Robinson,501,France,Male,40,2,182564.17,2,1,0,53684.96,1
1727,15576549,Robinson,712,France,Male,36,8,137064.08,2,1,1,118881.36,0
1728,15611773,Schmidt,501,Spain,Female,39,3,118640.65,1,1,1,135807.99,0
1729,15602611,Jackson,713,France,Female,37,8,0.0,1,1,1,57930.54,0
1730,15795330,Romero,620,France,Male,27,0,54823.32,1,1,1,112043.04,0
1731,15667764,Bernard,557,Spain,Female,43,6,0.0,2,0,1,147366.8,0
1732,15788640,Gonzalez,786,France,Male,32,10,0.0,2,1,0,115228.55,0
1733,15741753,Vargas,509,Germany,Female,47,5,198822.43,1,1,0,194204.97,1
1734,15703640,Dubois,585,France,Male,44,5,103186.37,2,1,1,39822.62,0
1735,15576280,Wagner,594,Spain,Female,57,7,113530.33,2,1,0,133073.0,1
1736,15681047,Rodriguez,665,Germany,Female,36,9,132743.04,2,1,1,9742.22,0
1737,15628504,Hoffmann,591,Spain,Female,46,8,167312.17,2,0,1,13371.22,0
1738,15814764,Sanchez,792,France,Female,59,0,95323.77,1,1,0,667.14,1
1739,15643692,Roberts,517,Germany,Male,31,3,106881.59,2,0,0,63475.67,0
1740,15650535,Brown,850,Spain,Female,49,9,0.0,2,1,0,5932.51,0
1741,15764251,Schmidt,547,France,Female,42,10,0.0,2,0,1,173058.24,1
1742,15652942,Rivera,850,France,Male,29,7,0.0,1,1,1,100759.01,0
1743,15712916,Martin,756,France,Female,35,0,0.0,2,1,0,142257.63,0
1744,15708072,Clark,639,Spain,Male,72,7,0.0,1,1,1,139483.14,0
1745,15689729,Adams,672,Germany,Male,48,10,131141.58,2,0,0,178208.04,0
1746,15740525,Anderson,613,Germany,Female,41,8,121116.64,2,0,1,20544.76,0
1747,15784762,Johnson,684,Germany,Male,31,7,79859.41,1,1,1,8724.07,0
1748,15659162,Laurent,579,Germany,Male,23,5,82170.72,1,1,0,142604.84,0
1749,15566130,Meyer,719,France,Male,27,9,98908.34,1,1,1,164285.55,0
1750,15653561,Gonzalez,668,France,Female,37,6,0.0,3,0,0,2378.56,0
1751,15677689,Garcia,554,Germany,Female,37,5,163954.06,2,1,1,108215.92,0
1752,15706822,Castillo,691,France,Male,52,9,81141.51,1,1,0,79810.31,0
1753,15810614,Castillo,685,Spain,Female,29,0,149797.03,2,1,0,182260.85,0
1754,15708888,Walker,580,Spain,Female,29,1,0.0,2,1,0,139556.25,0
1755,15728472,Castillo,609,France,Female,43,9,139972.68,2,0,0,196180.14,0
1756,15696307,Williams,700,Germany,Female,33,0,108195.86,1,1,1,70387.3,0
1757,15810266,Brown,756,France,Female,33,9,57384.13,2,1,0,28237.59,0
1758,15751157,Nelson,636,Spain,Male,50,10,0.0,1,1,0,149160.47,0
1759,15587029,Moore,740,Spain,Male,29,2,103884.16,1,1,0,150162.93,0
1760,15706106,Becker,763,Spain,Female,48,9,0.0,2,1,1,84129.65,0
1761,15628971,Rivera,776,France,Male,41,6,120283.19,1,1,0,38102.67,1
1762,15598352,Wright,690,France,Male,33,5,118007.6,1,1,1,15614.8,0
1763,15624983,Jackson,563,France,Male,36,10,0.0,1,0,0,128112.84,0
1764,15568536,Wilson,736,France,Male,30,8,151330.77,1,0,0,39744.05,0
1765,15733412,Harris,631,France,Female,35,9,0.0,1,0,0,14965.11,0
1766,15708887,Schmidt,699,France,Male,58,9,0.0,2,1,1,127407.62,0
1767,15751070,Castillo,589,Spain,Female,31,7,0.0,1,1,1,124813.58,0
1768,15631207,Hill,592,France,Female,25,5,137723.21,2,1,1,106094.71,0
1769,15773110,Weber,582,France,Male,37,2,0.0,2,1,0,151219.48,0
1770,15660128,Carter,521,Spain,Male,55,1,101648.85,2,1,1,71442.94,0
1771,15690328,Martin,593,Germany,Male,39,2,182604.54,1,0,1,103458.64,0
1772,15569178,Schneider,550,Spain,Male,34,5,97501.42,2,0,1,190769.18,0
1773,15703604,Schneider,705,Germany,Male,34,1,118827.07,2,1,0,53859.14,0
1774,15659415,White,547,Spain,Female,48,3,55816.38,2,1,1,25149.63,0
1775,15776944,Bernard,585,Germany,Male,40,8,101605.76,1,1,1,76745.48,1
1776,15623377,Clark,650,Germany,Male,28,0,143858.7,2,1,1,100723.52,0
1777,15631573,Rivera,826,Germany,Male,43,3,117071.48,2,1,0,161011.42,0
1778,15801853,Mitchell,583,France,Male,38,10,0.0,1,0,1,97408.73,0
1779,15601050,King,516,France,Male,46,3,127226.8,2,1,1,131708.04,0
1780,15739786,Flores,523,France,Female,58,7,0.0,1,1,0,119893.04,1
1781,15682715,Torres,567,France,Male,61,6,0.0,1,1,1,90442.49,0
1782,15617461,Wagner,586,Spain,Male,37,8,0.0,1,1,1,159674.39,0
1783,15745764,Muller,850,France,Female,40,8,0.0,1,1,0,23763.63,1
1784,15631261,Anderson,744,France,Female,57,6,0.0,1,0,1,150564.67,1
1785,15812264,Fischer,619,France,Female,38,10,106402.09,2,1,1,125204.98,0
1786,15588612,Rodriguez,830,Spain,Male,48,2,0.0,1,1,1,189085.12,0
1787,15812099,Williams,591,France,Female,30,3,0.0,1,1,1,57934.94,0
1788,15737339,Jones,610,Germany,Male,31,6,124786.87,2,0,1,34246.36,0
1789,15616435,Sanchez,604,Spain,Female,62,7,146101.03,2,1,0,58053.51,0
1790,15670750,Adams,750,France,Male,63,7,0.0,2,1,1,48445.55,0
1791,15810087,Hoffmann,643,Spain,Female,45,10,0.0,2,1,0,172342.85,0
1792,15734063,Fernandez,796,France,Female,35,6,135996.08,2,0,1,128426.32,0
1793,15611327,Schneider,692,France,Female,32,8,94139.03,2,1,1,101548.06,0
1794,15712976,Schneider,738,Germany,Male,34,1,150777.09,1,1,1,149332.25,0
1795,15671131,Vargas,474,Spain,Female,27,0,132303.1,2,1,0,12330.33,0
1796,15714822,Taylor,485,France,Female,44,8,0.0,2,1,1,75701.65,0
1797,15785345,Weber,488,Germany,Male,42,4,125578.92,1,1,1,69430.51,1
1798,15596321,Sanchez,608,France,Male,42,3,0.0,1,1,0,184198.23,0
1799,15659835,Baker,501,Germany,Male,53,8,140767.72,1,1,1,65119.54,0
1800,15628084,Adams,770,Germany,Male,37,4,100283.57,1,1,0,60140.15,1
1801,15642902,Wagner,631,Germany,Female,41,0,70310.79,1,0,1,188051.27,1
1802,15593784,Walker,710,Germany,Male,25,6,49229.58,2,1,1,165364.78,0
1803,15724542,Scott,602,France,Female,45,1,0.0,2,0,0,147782.67,0
1804,15756639,Lopez,730,Germany,Female,43,10,116083.09,1,1,1,11170.52,1
1805,15772929,Rivera,459,Germany,Female,28,3,110100.61,1,0,1,49581.49,1
1806,15673581,Meyer,645,Germany,Female,35,3,127500.56,1,0,0,39579.88,0
1807,15743327,Flores,699,France,Female,51,9,0.0,2,1,0,169865.89,0
1808,15674019,Bernard,707,France,Male,41,0,142160.89,1,1,1,186975.88,1
1809,15581855,Fischer,619,France,Male,32,7,119628.35,2,1,0,135447.31,0
1810,15693923,Hall,484,France,Female,43,10,105773.82,1,0,1,170966.11,0
1811,15686911,Wagner,748,France,Female,61,0,0.0,2,0,1,95787.51,0
1812,15805605,Mitchell,612,France,Male,26,10,0.0,1,1,0,27111.52,0
1813,15810796,Carter,620,Germany,Female,44,6,133858.7,2,1,0,147766.31,1
1814,15796736,Laurent,850,France,Female,40,2,102197.15,1,0,1,176618.89,1
1815,15590929,Lopez,659,Spain,Male,27,9,0.0,2,1,0,173100.54,0
1816,15662176,Johnson,600,Germany,Female,41,9,127955.94,2,0,0,41040.85,1
1817,15627761,Fernandez,594,Spain,Female,32,10,0.0,2,0,1,192043.1,0
1818,15579695,Lee,713,France,Male,34,10,91940.12,2,1,1,88361.89,0
1819,15796189,Campbell,570,France,Male,43,6,0.0,1,1,1,98826.91,0
1820,15776172,Schneider,700,Germany,Male,42,0,121590.65,1,0,1,99043.24,0
1821,15660984,Nguyen,757,Spain,Female,42,8,0.0,2,1,1,44994.66,1
1822,15801257,Anderson,641,France,Male,72,8,0.0,2,1,0,98221.4,0
1823,15803503,Adams,746,Germany,Female,36,8,78122.86,1,0,1,115877.83,0
1824,15734196,Torres,643,Germany,Female,29,1,130004.21,1,1,0,187080.04,0
1825,15689793,Dubois,583,Germany,Female,45,8,145893.05,1,1,0,192051.07,1
1826,15588559,Mitchell,489,France,Male,40,9,107094.02,1,0,1,44714.66,1
1827,15636272,Hall,677,Germany,Male,33,0,100292.28,1,0,0,27697.13,0
1828,15773633,Perez,679,France,Male,32,0,0.0,2,1,0,42131.0,0
1829,15784644,Flores,745,Spain,Male,54,0,0.0,1,1,1,61572.57,0
1830,15773513,Diaz,736,France,Male,24,7,0.0,1,1,1,108069.95,0
1831,15626672,Romero,850,France,Male,40,3,0.0,1,1,1,90418.66,0
1832,15780845,Robinson,594,Spain,Male,32,8,87272.76,1,1,0,1866.89,0
1833,15578872,Davis,685,France,Female,42,10,132992.78,2,0,1,9813.82,0
1834,15761921,Allen,583,France,Male,31,0,0.0,1,1,1,145931.22,0
1835,15764556,Ruiz,740,France,Male,42,8,0.0,2,1,1,164644.36,0
1836,15640085,Adams,560,France,Female,50,8,0.0,1,1,1,157379.96,1
1837,15793541,Martinez,739,France,Male,33,0,157356.37,2,1,0,963.01,1
1838,15589393,Nguyen,579,France,Female,34,1,0.0,1,0,0,92531.64,0
1839,15729165,Nguyen,724,Spain,Female,41,8,215096.76,2,0,0,186988.88,0
1840,15714425,King,767,Germany,Male,46,0,162686.95,2,0,1,198815.62,1
1841,15586654,Bernard,499,France,Female,67,2,0.0,1,0,0,195990.2,0
1842,15690832,Lopez,519,Germany,Female,34,10,58731.8,2,0,1,175559.12,0
1843,15700226,Romero,673,France,Female,34,7,116245.67,2,1,0,127731.44,0
1844,15801110,Schneider,662,Spain,Male,29,10,0.0,1,0,1,175023.3,0
1845,15746935,Nelson,622,France,Male,23,3,0.0,2,1,0,182036.17,0
1846,15658850,Schneider,604,Germany,Male,50,8,118338.81,2,0,0,115684.81,1
1847,15606214,Perez,567,France,Female,36,6,0.0,2,1,0,26917.57,0
1848,15712950,Adams,682,Germany,Male,29,9,88517.37,1,1,1,35017.33,0
1849,15760961,Robinson,556,France,Male,48,2,0.0,2,1,1,137060.42,0
1850,15687609,Davis,686,Spain,Male,49,0,121146.99,2,1,1,127240.99,0
1851,15569484,King,594,France,Male,45,4,0.0,2,1,0,83546.3,0
1852,15797513,Gonzalez,609,Spain,Male,34,5,143622.32,1,1,0,22273.58,1
1853,15607552,Navarro,768,France,Male,40,6,134652.91,1,1,0,44007.5,0
1854,15621032,Romero,743,Spain,Female,30,9,146156.8,1,1,1,199499.15,0
1855,15577688,Dubois,553,Spain,Male,45,7,0.0,1,0,0,1723.92,0
1856,15799026,Miller,565,Spain,Male,32,9,0.0,1,1,1,166327.04,0
1857,15753960,White,725,France,Male,52,8,0.0,1,1,1,122713.31,1
1858,15623883,Taylor,511,France,Male,43,4,0.0,2,1,1,8316.89,0
1859,15596323,Thompson,791,France,Female,28,8,0.0,2,1,0,84898.17,0
1860,15567522,Hall,663,France,Male,50,3,0.0,1,1,1,162915.85,0
1861,15665364,Schneider,594,Germany,Female,49,8,133384.94,1,0,0,123410.28,1
1862,15686796,Nelson,651,Spain,Female,47,7,0.0,2,1,0,185154.91,0
1863,15611653,Moreau,782,Spain,Female,48,2,143801.79,1,1,0,192339.65,1
1864,15659276,Davis,443,Germany,Female,37,0,112120.19,1,1,0,165396.75,0
1865,15669115,Perez,750,Germany,Male,40,9,115769.53,2,1,0,145096.54,0
1866,15653107,Wright,766,Spain,Female,36,8,119431.19,2,1,0,21667.44,0
1867,15594292,Martin,619,Spain,Male,25,0,0.0,2,1,1,153074.16,0
1868,15789358,Thompson,643,France,Female,43,2,0.0,2,1,1,127395.12,0
1869,15752152,Hoffmann,663,Germany,Male,26,5,117000.0,2,1,1,75831.5,0
1870,15808784,Fournier,721,Spain,Male,29,5,0.0,2,1,1,157518.51,0
1871,15704755,Harris,579,France,Male,32,4,0.0,2,1,1,88737.1,0
1872,15597319,White,649,France,Female,38,2,0.0,1,1,0,140560.64,0
1873,15585053,Jackson,640,Spain,Female,62,7,0.0,1,0,0,141839.49,0
1874,15746525,White,716,Spain,Male,32,8,0.0,2,1,0,152281.84,0
1875,15742162,Williams,850,Spain,Male,64,7,129371.03,1,1,1,69537.12,0
1876,15787752,Laurent,579,Spain,Male,48,10,84596.84,2,1,1,36887.12,0
1877,15609951,Romero,658,France,Female,41,4,155810.97,2,1,0,145577.82,0
1878,15804109,Ramirez,576,France,Male,31,5,0.0,4,1,0,79464.65,1
1879,15799659,Moreau,603,Germany,Male,38,3,78531.25,1,1,0,194730.0,0
1880,15785408,Thomas,546,Germany,Female,39,10,138717.37,1,1,1,199432.76,1
1881,15719266,Girard,502,Germany,Female,45,4,164890.35,1,0,1,188965.31,0
1882,15773966,King,765,Germany,Female,31,4,105829.99,1,0,1,94054.29,0
1883,15795581,Young,685,France,Female,49,8,0.0,1,0,0,189067.57,1
1884,15703239,Torres,659,Germany,Female,37,3,101903.5,1,1,1,7566.02,0
1885,15649888,Wilson,565,France,Male,43,4,157082.46,2,1,1,129230.0,0
1886,15668178,Lee,643,France,Male,36,9,159867.82,1,1,0,195553.95,0
1887,15596879,Wagner,538,France,Female,54,0,112212.95,2,0,1,2420.67,0
1888,15739018,Fournier,647,France,Male,29,0,165592.66,1,1,1,152206.01,0
1889,15598868,Schneider,682,Spain,Female,41,9,83858.81,1,1,0,118755.19,0
1890,15598626,Allen,597,France,Male,27,3,135314.27,2,1,1,13647.11,0
1891,15601074,Taylor,577,France,Male,44,8,0.0,2,1,0,42293.37,0
1892,15628495,Miller,602,Spain,Male,29,7,124960.5,1,0,1,27125.64,0
1893,15802091,Miller,729,Germany,Female,35,2,109447.64,1,1,0,148722.35,0
1894,15764535,Fernandez,670,France,Female,34,2,0.0,1,1,0,156467.96,0
1895,15585015,Jackson,494,France,Male,70,10,0.0,2,1,0,194657.66,0
1896,15617617,Green,720,France,Male,31,9,83605.85,2,1,0,154685.35,0
1897,15584402,Martin,703,Germany,Male,49,2,141586.25,2,1,0,156463.56,0
1898,15613171,Williams,668,France,Male,22,5,142021.25,1,1,1,87816.37,0
1899,15618469,Baker,810,France,Male,38,9,123411.23,1,0,1,30820.17,0
1900,15569991,Moreau,652,France,Female,55,2,110895.71,1,1,1,84662.45,0
1901,15632116,Martin,692,Germany,Male,25,7,141765.83,2,1,0,21112.05,0
1902,15650457,Garcia,696,France,Male,48,4,0.0,3,0,0,169398.91,1
1903,15628953,Sanchez,735,Spain,Male,36,9,105413.87,1,1,1,88970.3,0
1904,15657842,Bernard,628,France,Male,23,3,0.0,1,0,1,158803.57,0
1905,15642838,Fournier,587,Germany,Male,50,4,107865.65,2,1,1,190571.42,1
1906,15735776,Girard,744,France,Female,44,7,133797.96,1,1,0,70667.19,0
1907,15600676,Thomas,739,France,Female,30,7,0.0,2,0,0,41496.7,0
1908,15782638,Fournier,774,France,Female,45,1,0.0,2,1,0,49042.51,0
1909,15567677,Brown,690,Spain,Male,26,0,0.0,2,1,0,148644.74,0
1910,15632871,Muller,490,Spain,Female,32,9,146716.89,2,0,1,48261.52,0
1911,15606868,Nguyen,666,France,Female,38,8,103672.6,1,0,1,66972.85,0
1912,15721203,Mitchell,653,France,Female,37,1,0.0,1,0,1,122078.0,0
1913,15669492,Martin,769,Spain,Female,42,7,0.0,2,1,1,89181.73,0
1914,15625686,Walker,753,Germany,Male,69,3,74108.0,1,0,0,42615.53,0
1915,15740646,Martin,709,France,Female,29,4,0.0,1,0,0,96524.48,0
1916,15625683,Moreau,449,France,Female,40,6,138896.13,2,1,1,88948.06,1
1917,15766249,Roberts,570,Germany,Female,40,7,139856.31,1,1,0,130953.77,1
1918,15720751,Garcia,615,Germany,Female,52,3,101404.88,2,1,0,80800.91,0
1919,15607177,Allen,617,Germany,Female,37,9,149476.0,2,1,0,161733.96,0
1920,15814857,Adams,666,Spain,Male,24,5,158171.26,1,1,1,47204.19,0
1921,15632299,Harris,794,France,Female,39,8,0.0,1,0,1,101093.55,1
1922,15628590,White,726,France,Female,24,6,124026.01,1,1,1,160276.18,0
1923,15680726,Garcia,561,France,Female,50,3,151928.24,1,0,1,53693.01,1
1924,15784194,Jones,570,France,Female,38,2,0.0,1,1,1,47318.66,0
1925,15603671,Harris,561,France,Male,42,0,0.0,2,1,0,114626.04,1
1926,15732940,Schneider,639,France,Male,29,5,153355.97,2,0,0,107799.08,1
1927,15608659,Perez,728,France,Male,30,6,0.0,1,0,0,190444.93,0
1928,15796715,Diaz,744,Germany,Female,44,10,137163.92,2,1,0,161001.97,1
1929,15728765,Baker,614,France,Female,35,2,0.0,1,0,0,61439.91,0
1930,15616679,Jones,647,France,Female,31,0,0.0,1,0,0,28411.33,1
1931,15765938,Campbell,812,Germany,Female,55,9,99869.69,2,1,0,50196.06,1
1932,15699376,Roberts,506,Germany,Female,39,6,101495.64,1,1,0,80913.22,0
1933,15649294,Torres,712,Spain,Male,32,0,0.0,3,1,1,18047.96,1
1934,15608756,Alvarez,701,Spain,Female,40,3,0.0,1,1,0,53425.81,1
1935,15579266,Adams,621,Germany,Female,34,10,151774.45,2,1,1,160445.87,0
1936,15676729,Wilson,648,France,Female,43,9,0.0,2,1,1,115503.22,0
1937,15802123,Adams,691,France,Female,29,6,105773.03,2,1,1,7742.77,0
1938,15666237,Meyer,621,Germany,Female,51,1,101773.91,2,0,1,1819.45,0
1939,15687789,Alvarez,588,France,Male,34,7,0.0,1,1,1,76937.65,0
1940,15654589,Weber,581,France,Female,27,0,119696.69,2,1,0,8429.46,0
1941,15606754,Thomas,831,France,Male,28,4,139410.2,1,0,0,61463.17,0
1942,15700866,Navarro,607,France,Male,36,4,120770.75,1,1,1,46006.88,0
1943,15694897,Lopez,670,France,Male,31,8,0.0,1,1,0,96621.93,0
1944,15727698,Sanchez,726,France,Male,26,7,121336.39,2,1,0,111146.74,0
1945,15711252,Wagner,629,Spain,Male,27,5,0.0,2,1,0,136757.02,0
1946,15714772,Hoffmann,653,Spain,Female,38,0,90444.94,1,0,1,84755.77,0
1947,15722967,Vargas,699,France,Male,40,0,0.0,2,1,1,119969.39,0
1948,15576867,Wilson,568,Spain,Male,39,8,0.0,1,0,1,123304.24,0
1949,15750316,Laurent,501,France,Male,54,7,133245.18,2,0,0,66195.04,1
1950,15779149,Young,579,Spain,Male,42,3,71056.76,2,1,1,58523.0,0
1951,15698944,Perez,818,Spain,Female,32,8,0.0,1,1,1,133442.64,0
1952,15651615,Wright,594,France,Male,85,10,0.0,2,0,1,45184.0,0
1953,15796875,Ramirez,663,Spain,Male,30,0,0.0,2,1,1,12354.74,0
1954,15698677,Hoffmann,521,Spain,Female,26,9,0.0,2,1,0,10734.42,0
1955,15590872,Weber,780,Spain,Female,45,2,79070.46,3,0,0,67029.55,1
1956,15638986,Thompson,621,Spain,Female,62,8,0.0,1,1,1,195355.64,0
1957,15725791,Brown,606,Germany,Female,48,6,207839.36,1,1,0,98852.61,1
1958,15671610,Brown,637,France,Male,35,8,109873.94,2,1,1,62864.48,0
1959,15669022,Rivera,850,Spain,Female,31,1,0.0,1,1,0,133777.46,0
1960,15775259,Lopez,693,Germany,Male,44,6,89483.29,1,1,0,28374.4,1
1961,15758825,Ramirez,635,Germany,Male,36,10,116451.03,1,1,0,173769.93,1
1962,15644743,Fischer,370,France,Male,35,8,149212.69,2,1,1,198918.68,0
1963,15811277,Scott,781,Germany,Female,56,8,123072.18,2,0,1,124736.64,1
1964,15675575,Rivera,583,France,Male,25,1,0.0,2,1,0,24020.64,0
1965,15617929,Perez,567,Germany,Male,41,3,96841.99,2,1,0,185003.78,0
1966,15745865,Green,576,France,Male,31,8,0.0,2,1,1,22192.8,0
1967,15589199,Taylor,792,Germany,Female,37,4,132068.73,2,1,1,26585.56,0
1968,15791168,Dubois,646,Spain,Male,30,6,132571.65,1,1,1,143458.68,0
1969,15650352,Alvarez,502,France,Male,36,1,122014.48,3,1,0,144866.86,1
1970,15589328,Nelson,630,Germany,Male,74,8,79001.75,2,1,0,45204.65,0
1971,15807869,Vargas,569,France,Female,46,4,103552.64,2,1,1,136873.35,0
1972,15808070,Fernandez,685,Spain,Male,44,5,0.0,2,1,0,185388.7,0
1973,15753493,Gonzalez,613,Germany,Female,38,10,127472.81,2,1,1,166839.3,0
1974,15657903,Smith,498,France,Male,37,6,140128.93,1,0,0,53071.59,0
1975,15788658,Brown,642,France,Male,38,4,90258.42,2,1,1,68928.67,0
1976,15678660,Roberts,644,France,Male,43,3,0.0,1,1,1,195105.63,0
1977,15663368,Torres,528,France,Male,47,6,0.0,2,1,1,92807.97,0
1978,15664983,Wagner,460,Spain,Male,65,4,138698.67,2,1,0,171695.62,0
1979,15687041,Allen,677,Germany,Male,35,2,80340.87,1,0,1,6256.8,0
1980,15739208,Ruiz,623,France,Female,55,4,167616.29,1,1,1,6522.7,1
1981,15804695,Taylor,629,Spain,Male,65,3,0.0,1,1,0,33292.8,0
1982,15796046,Fischer,722,France,Male,48,8,154020.88,2,0,1,54507.88,0
1983,15780301,Anderson,462,Spain,Male,37,5,173171.63,2,1,1,176895.54,0
1984,15811904,Fischer,656,France,Male,48,2,71022.74,1,0,0,28676.19,0
1985,15738066,Carter,714,Germany,Male,26,1,134675.99,1,0,1,164195.32,0
1986,15735401,Bernard,632,Spain,Male,61,10,174329.62,1,1,1,138312.92,0
1987,15626755,Alvarez,513,France,Male,49,9,106448.72,1,1,0,93892.92,0
1988,15602279,Jones,586,Germany,Male,36,9,178564.3,2,1,0,104908.68,0
1989,15632273,Johnson,606,Spain,Female,36,8,0.0,2,1,0,116032.21,0
1990,15603224,Navarro,497,France,Female,27,9,0.0,1,1,1,60885.26,0
1991,15633444,Schneider,686,France,Female,51,7,118907.5,2,1,0,159407.62,1
1992,15590676,Fernandez,650,Germany,Male,36,10,72706.22,3,0,1,33568.16,0
1993,15647767,Adams,588,France,Female,63,10,0.0,2,0,0,33319.45,0
1994,15640201,Flores,746,France,Male,26,4,139987.91,1,1,0,123518.45,0
1995,15665581,Thomas,599,France,Male,30,2,111773.47,2,1,0,64072.55,0
1996,15671977,Dubois,794,Spain,Female,29,9,130387.69,1,1,1,2794.95,0
1997,15667972,Thompson,624,France,Male,22,9,154657.2,1,0,1,128542.11,0
1998,15594785,Fischer,557,France,Male,45,4,153523.31,1,1,1,161043.86,0
1999,15567395,Rodriguez,560,Spain,Female,28,9,131805.31,1,1,1,132933.46,0
2000,15589843,Fernandez,659,Germany,Female,30,1,103337.01,2,1,1,94849.17,0
2001,15784615,Wright,546,Spain,Male,29,9,125395.12,2,0,1,138163.62,0
2002,15729529,Harris,664,France,Male,34,0,127108.47,1,1,1,87994.74,0
2003,15652132,Allen,611,Spain,Male,59,1,0.0,1,1,0,128713.4,1
2004,15590585,Laurent,609,Germany,Female,43,0,131301.21,1,1,1,83392.43,1
2005,15766886,Ramirez,646,France,Male,39,0,0.0,2,0,0,146184.3,0
2006,15689855,Harris,747,Spain,Male,37,2,0.0,1,1,0,190979.5,0
2007,15766803,Muller,597,France,Male,33,3,102190.55,1,1,1,149242.62,0
2008,15592192,White,668,France,Female,33,3,105860.41,3,1,1,119266.87,1
2009,15568001,Fernandez,693,France,Female,39,4,0.0,1,1,1,29196.05,0
2010,15608209,Ramirez,533,Germany,Male,57,10,147331.0,1,1,1,18068.97,0
2011,15601581,Ramirez,701,France,Female,32,5,0.0,3,1,1,3401.33,1
2012,15797989,Davis,729,France,Male,50,2,0.0,1,1,1,98651.04,1
2013,15731432,Wagner,744,France,Female,29,1,0.0,1,1,1,54310.68,0
2014,15786035,Ramirez,542,France,Male,45,10,137859.02,1,0,1,33934.88,0
2015,15652233,Lee,549,France,Male,56,3,0.0,1,1,1,51707.01,0
2016,15679938,Campbell,645,Germany,Male,37,8,140044.93,2,1,0,193005.19,0
2017,15596596,Martinez,639,France,Female,33,8,0.0,2,0,0,44342.11,0
2018,15685526,Young,652,France,Female,45,9,0.0,2,1,1,105625.15,0
2019,15649009,Green,615,Germany,Female,61,1,157297.11,1,0,1,196162.21,0
2020,15693358,Green,668,France,Male,49,8,147757.65,1,1,0,27079.75,0
2021,15570460,Johnson,402,Germany,Male,64,8,102601.66,2,0,0,48367.83,1
2022,15740123,Schmidt,714,France,Male,38,10,0.0,1,0,1,118102.67,0
2023,15786724,King,793,France,Male,37,7,0.0,1,1,1,145295.98,0
2024,15649444,Dubois,596,France,Male,26,1,0.0,1,1,1,170647.94,0
2025,15741004,Martinez,670,France,Female,32,5,0.0,2,1,0,132201.84,0
2026,15646462,Muller,813,France,Female,36,5,96160.77,2,0,0,5541.81,0
2027,15599925,Hill,653,Spain,Female,37,5,129867.74,1,1,1,43224.02,0
2028,15775823,Muller,680,France,Male,45,3,0.0,1,0,0,109630.63,0
2029,15662835,Ramirez,829,Germany,Male,33,8,158826.22,2,0,0,24783.02,0
2030,15763946,Jones,848,Germany,Male,34,3,105455.57,1,1,1,26990.67,0
2031,15718587,Sanchez,547,France,Male,68,4,145413.72,1,1,1,162492.04,0
2032,15791202,Smith,610,Germany,Female,22,4,99204.74,1,1,1,150518.23,0
2033,15627643,Smith,737,France,Female,23,7,0.0,1,0,1,40194.61,1
2034,15567906,Walker,698,France,Male,30,5,120310.89,1,1,1,98646.1,0
2035,15598407,Wagner,718,France,Male,23,10,0.0,2,1,1,195828.46,0
2036,15591599,Ramirez,396,Spain,Female,24,10,149304.33,1,0,0,118277.34,0
2037,15672800,Anderson,460,Spain,Male,34,5,0.0,1,1,1,144738.11,0
2038,15793900,Bernard,823,France,Male,41,2,120202.06,2,1,1,130830.66,0
2039,15571339,Moore,725,Germany,Female,34,8,121142.35,2,1,0,83858.43,0
2040,15595183,Taylor,684,Spain,Female,42,10,171401.79,2,1,0,163420.15,0
2041,15795409,Lee,529,France,Male,47,9,192512.58,1,0,0,15660.56,1
2042,15583110,Fournier,610,Spain,Female,40,1,0.0,1,1,0,121200.61,0
2043,15774957,Wilson,705,Germany,Female,42,0,129828.33,1,1,1,82347.5,0
2044,15742238,Moore,516,Spain,Male,35,7,0.0,2,1,1,175094.38,0
2045,15666155,Flores,582,Spain,Male,33,3,0.0,1,1,0,123847.98,0
2046,15666988,Wright,686,France,Female,23,3,0.0,2,0,0,54423.49,0
2047,15741610,Davis,707,France,Female,47,0,0.0,2,0,1,152652.55,0
2048,15667660,Nguyen,599,Germany,Male,39,10,170461.26,1,0,0,79051.39,1
2049,15710309,Fernandez,745,France,Male,41,0,0.0,2,1,1,155378.7,0
2050,15761540,Alvarez,742,France,Female,26,6,101159.72,2,1,1,22672.45,0
2051,15752371,Robinson,476,Spain,Male,30,10,0.0,1,1,0,73189.03,0
2052,15800812,Miller,809,France,Male,34,0,72919.7,2,1,0,113644.43,0
2053,15767221,Roberts,763,France,Male,28,6,130060.23,2,1,1,25093.08,0
2054,15767595,Fernandez,670,Spain,Male,39,10,0.0,2,1,1,100825.66,0
2055,15679229,Sanchez,637,France,Female,39,4,0.0,1,1,0,176293.31,0
2056,15570618,Lewis,727,France,Female,38,3,0.0,2,1,1,12802.28,0
2057,15802765,Scott,702,Spain,Male,47,7,0.0,1,1,1,87427.91,0
2058,15740074,Thomas,624,France,Female,40,10,116587.35,1,1,0,158742.0,0
2059,15731852,Torres,806,France,Male,54,6,116789.71,1,1,0,23737.62,1
2060,15770216,Alvarez,446,France,Male,40,0,114291.62,2,0,0,10232.91,1
2061,15750481,Thompson,586,Spain,Male,32,7,0.0,1,1,0,96736.74,0
2062,15616561,Nelson,693,France,Female,37,2,141946.52,2,1,0,189152.56,0
2063,15581010,Brown,645,Germany,Female,22,10,69856.98,1,1,0,131518.22,0
2064,15804755,Wagner,718,France,Female,41,3,78514.35,2,1,0,171999.85,0
2065,15662141,Jones,515,France,Male,30,7,0.0,1,0,1,187746.83,0
2066,15638520,Meyer,625,Spain,Male,38,7,0.0,1,0,0,102536.0,0
2067,15689981,Wagner,762,Germany,Male,31,4,158254.53,1,1,1,14405.92,0
2068,15735206,Jones,505,Spain,Female,28,8,0.0,1,1,1,20555.08,1
2069,15790028,Smith,627,France,Male,60,9,111916.65,2,0,0,143121.52,1
2070,15797635,Becker,599,Germany,Female,31,6,125041.56,2,1,1,132207.02,0
2071,15654741,Thomas,685,Spain,Female,30,8,102650.64,2,1,1,45793.87,0
2072,15689396,Flores,688,France,Male,45,0,148846.44,1,1,0,151546.93,1
2073,15785724,Moore,659,France,Male,34,2,124234.12,2,1,0,48237.18,0
2074,15579175,Ruiz,622,Spain,Male,31,4,157010.48,1,0,0,112136.09,1
2075,15585340,Ruiz,656,France,Female,46,1,99944.18,2,1,0,74227.09,0
2076,15607849,Jones,634,Germany,Female,37,5,112150.53,1,1,0,140554.35,1
2077,15689472,Garcia,647,Spain,Male,47,0,103856.8,2,1,1,136633.83,0
2078,15675641,Garcia,791,France,Female,55,3,165441.96,1,1,0,164883.58,1
2079,15797978,Mitchell,533,France,Male,34,0,0.0,2,0,1,56262.24,0
2080,15738705,Lopez,683,France,Male,44,4,0.0,2,1,0,80260.78,0
2081,15815103,Hoffmann,559,France,Female,56,4,0.0,2,1,1,45264.54,0
2082,15740819,Flores,840,France,Female,61,5,155312.55,3,1,1,105390.98,1
2083,15768376,Nelson,659,Germany,Male,32,10,209514.59,2,1,0,8899.73,0
2084,15796855,Moore,527,France,Female,49,6,195353.38,1,1,1,178887.77,0
2085,15660164,Weber,628,Germany,Female,23,1,141430.62,1,1,0,67863.19,0
2086,15574521,Walker,508,France,Female,40,6,91488.39,1,1,1,65660.75,1
2087,15803125,Jackson,589,France,Female,27,10,102457.57,1,1,1,82496.13,0
2088,15588815,Weber,710,France,Male,34,2,129003.39,1,1,1,65580.74,0
2089,15684145,King,782,Germany,Male,70,0,50332.92,2,1,0,131928.25,1
2090,15626111,Miller,755,France,Female,48,9,100545.52,2,1,1,187305.2,1
2091,15744272,Girard,640,France,Male,27,1,146209.3,1,1,1,102039.53,0
2092,15577101,Martinez,705,Spain,Male,29,9,0.0,2,1,0,161891.51,0
2093,15597157,Garcia,728,Germany,Male,51,4,135924.8,2,1,1,65394.91,0
2094,15641394,Miller,850,France,Male,51,8,103429.72,2,1,0,83302.78,1
2095,15608360,Campbell,591,Spain,Male,51,7,0.0,2,1,1,180208.3,1
2096,15582584,Nguyen,796,France,Male,40,8,137507.95,2,1,1,10553.03,0
2097,15594183,Martin,544,France,Male,48,8,0.0,1,1,0,101171.43,0
2098,15738987,Lee,764,France,Male,34,5,0.0,3,1,0,166196.53,1
2099,15759029,Jackson,590,France,Female,34,2,161180.44,1,0,0,121513.14,1
2100,15609296,Becker,584,France,Female,39,10,0.0,1,1,1,20331.51,0
2101,15768500,Allen,622,Germany,Male,31,2,85999.3,2,1,0,12036.83,0
2102,15648762,Martinez,575,France,Male,30,4,153034.38,1,1,1,176316.99,0
2103,15667902,Green,691,Spain,Male,44,3,0.0,1,1,1,81219.2,0
2104,15763934,Carter,769,Spain,Female,45,4,0.0,1,1,0,92653.72,1
2105,15594148,Navarro,445,Germany,Female,30,2,81683.31,1,0,1,35920.8,0
2106,15666903,Bernard,633,Germany,Female,32,8,75621.27,1,1,0,93915.07,1
2107,15625584,Walker,545,Germany,Female,42,4,134158.35,1,1,0,83155.57,1
2108,15643278,Girard,738,Spain,Male,41,9,0.0,1,1,0,156238.36,0
2109,15769149,Dubois,788,France,Male,40,0,0.0,2,0,1,18666.41,0
2110,15716125,Miller,633,France,Male,30,4,54442.68,1,1,0,127571.92,0
2111,15756254,Fournier,582,Germany,Male,74,6,94022.18,2,1,0,194238.08,1
2112,15745205,Sanchez,493,Germany,Male,33,9,102803.64,2,1,1,57937.37,0
2113,15630025,Lee,839,France,Female,42,8,0.0,2,0,1,144868.98,0
2114,15753806,Muller,778,Germany,Male,28,6,120661.56,1,1,0,19062.84,0
2115,15628041,White,458,France,Female,37,9,0.0,2,1,1,96643.09,0
2116,15583537,Lopez,714,Spain,Male,30,4,0.0,1,1,1,72301.74,0
2117,15695275,Becker,542,France,Male,33,10,64557.31,2,0,0,143986.81,0
2118,15636206,Diaz,601,France,Female,40,9,0.0,1,1,0,191239.64,0
2119,15746698,Meyer,529,France,Male,54,9,113415.52,1,0,0,152787.98,1
2120,15693422,Laurent,456,France,Male,32,5,121580.09,1,1,0,38013.62,0
2121,15727662,Baker,646,France,Male,40,1,82753.15,4,1,0,163618.86,1
2122,15570809,Weber,834,France,Female,42,9,124186.61,1,0,1,6168.62,1
2123,15748591,Mitchell,560,France,Male,45,4,126359.02,1,0,0,136606.37,0
2124,15713934,Thomas,736,France,Female,24,8,0.0,1,1,0,9404.33,0
2125,15699699,Thomas,752,France,Female,47,0,140106.86,2,1,1,167978.72,0
2126,15732975,Wagner,720,France,Female,42,1,143669.47,1,1,0,178259.67,1
2127,15697318,Schmidt,844,France,Male,40,3,0.0,2,1,0,130055.83,0
2128,15708263,Laurent,743,France,Female,72,9,122214.54,2,0,0,48459.95,0
2129,15682563,Carter,825,France,Male,31,0,0.0,2,1,1,39948.78,0
2130,15792639,Alvarez,539,France,Female,41,1,81630.38,1,1,1,44142.97,1
2131,15666799,Davis,722,France,Male,66,5,0.0,3,1,1,62116.13,1
2132,15651476,Jones,797,Spain,Male,52,8,121427.41,1,0,1,100394.2,1
2133,15753955,Girard,575,Spain,Male,34,1,0.0,1,0,0,10815.98,0
2134,15596903,Diaz,350,Spain,Female,40,8,106760.7,2,1,0,155179.46,0
2135,15713170,Fernandez,527,Germany,Female,40,5,136560.64,2,1,1,99836.43,0
2136,15571971,Roberts,580,Germany,Male,35,8,175814.56,2,1,0,111613.08,0
2137,15586211,Schmidt,704,France,Male,27,7,159727.92,3,1,1,129553.33,1
2138,15667009,Muller,595,Spain,Female,34,10,147265.4,1,1,0,31974.8,0
2139,15684412,Dubois,650,Spain,Female,43,0,0.0,1,1,1,120570.16,0
2140,15699131,Williams,591,Spain,Female,34,6,169294.47,2,0,1,80435.38,0
2141,15585353,Davis,638,Spain,Male,37,5,132830.18,1,0,0,93728.41,0
2142,15669900,Fernandez,644,France,Female,54,3,88719.38,2,1,0,120331.5,0
2143,15638613,Thompson,589,Spain,Female,37,8,95733.37,1,1,1,48584.67,0
2144,15657917,Perez,730,Spain,Male,37,6,168710.03,1,0,1,17197.7,0
2145,15761966,Harris,784,France,Male,39,4,0.0,2,0,0,82717.21,0
2146,15589488,Wright,539,Spain,Male,33,7,158102.89,2,1,0,30556.31,0
2147,15680730,Martin,671,France,Male,48,6,0.0,3,0,0,15612.84,0
2148,15815124,White,511,Spain,Female,28,4,94513.25,2,0,1,145007.5,0
2149,15577727,Moreau,480,Spain,Male,33,3,0.0,2,1,0,122571.63,0
2150,15728093,Taylor,751,France,Male,40,2,0.0,1,1,1,31749.82,1
2151,15796607,Robinson,845,Germany,Male,34,3,75980.77,2,0,1,98352.63,0
2152,15581054,Garcia,618,France,Female,59,5,0.0,1,1,0,182818.27,1
2153,15726390,Davis,828,Spain,Female,38,1,103349.1,1,1,0,182163.72,0
2154,15760828,Gonzalez,587,Spain,Male,37,9,103365.65,2,1,1,88525.11,0
2155,15586851,Fournier,627,Germany,Female,30,6,103140.71,2,1,1,183093.09,1
2156,15633728,Baker,812,Spain,Male,34,6,0.0,1,1,0,169726.37,0
2157,15725180,Rivera,561,France,Female,47,6,0.0,2,1,0,24323.62,0
2158,15595938,Martinez,739,France,Female,31,9,0.0,1,0,0,55904.61,0
2159,15734569,Meyer,616,France,Male,25,9,0.0,1,1,0,52800.99,0
2160,15601986,Alvarez,580,France,Female,36,5,0.0,2,0,0,7774.87,0
2161,15710192,Navarro,601,France,Male,38,3,135548.71,1,0,0,109573.66,0
2162,15646652,Gonzalez,440,France,Female,34,10,83743.58,2,1,1,122244.0,0
2163,15766032,Nguyen,772,France,Male,54,6,0.0,2,0,1,10358.71,0
2164,15627236,Gonzalez,672,France,Female,70,8,120398.48,1,1,0,119875.89,1
2165,15665458,Fischer,636,Spain,Male,40,1,136311.81,1,1,0,42995.18,0
2166,15813127,Mitchell,583,France,Male,34,3,129084.51,2,1,0,52539.74,0
2167,15618562,Baker,680,Spain,Male,43,2,0.0,2,1,1,5561.64,1
2168,15685806,King,736,France,Female,55,4,149444.08,3,1,1,2336.61,1
2169,15606983,Meyer,623,France,Male,32,5,115898.97,2,1,1,132087.57,0
2170,15663013,Thomas,743,Germany,Female,46,10,151551.41,1,1,0,43255.99,1
2171,15802323,Adams,677,France,Male,36,1,111417.8,2,1,1,191825.85,0
2172,15598442,Romero,641,France,Female,51,10,0.0,1,1,0,180255.01,1
2173,15721844,Castillo,738,Germany,Male,30,8,151396.15,1,0,1,8055.11,1
2174,15671943,Lopez,601,France,Female,57,4,69491.17,1,1,1,165929.41,1
2175,15624633,Ramirez,529,France,Female,40,3,0.0,1,0,1,135226.15,0
2176,15669370,Clark,645,Germany,Male,43,9,55539.35,2,1,0,81841.56,1
2177,15687033,Weber,653,France,Male,29,1,74112.9,2,0,1,46315.23,0
2178,15772104,Green,628,Spain,Female,28,10,122128.13,1,0,1,113548.8,0
2179,15672404,Garcia,765,France,Male,41,10,116088.02,2,1,0,181888.72,0
2180,15746448,Carter,699,Spain,Male,44,2,0.0,2,1,0,23011.13,0
2181,15744950,Bernard,639,Spain,Male,35,6,139979.16,2,0,0,183902.89,0
2182,15694745,Campbell,649,Spain,Female,45,5,0.0,1,0,0,136215.77,0
2183,15795905,Baker,658,Spain,Female,29,8,0.0,1,1,0,14484.02,0
2184,15781014,Lee,701,France,Female,27,8,74119.85,1,0,0,98801.15,0
2185,15780743,Ruiz,655,Germany,Female,39,10,70383.2,1,1,0,11777.81,1
2186,15721909,Romero,635,France,Male,28,0,0.0,2,0,1,137955.24,0
2187,15812002,Vargas,521,Spain,Male,25,8,0.0,1,0,1,14284.21,1
2188,15809478,Miller,581,Germany,Male,30,8,162728.99,1,0,0,78325.45,1
2189,15595605,Baker,677,France,Male,43,8,125356.23,1,1,0,20636.94,1
2190,15724751,Sanchez,668,Spain,Male,40,2,89632.25,2,1,0,192080.07,0
2191,15596778,Jackson,506,France,Female,55,8,0.0,2,1,0,56254.23,1
2192,15808930,King,595,Germany,Male,41,5,144295.9,1,1,1,99373.7,1
2193,15778418,Rodriguez,560,Germany,Male,29,3,107190.9,2,1,0,47317.06,0
2194,15768800,Hill,782,France,Male,44,4,0.0,1,1,1,112454.3,0
2195,15721720,King,674,Germany,Male,32,4,151380.53,1,1,1,21921.6,0
2196,15725490,Fernandez,692,Spain,Male,35,8,0.0,2,1,1,139696.04,0
2197,15754550,Laurent,644,France,Male,32,2,118877.57,2,1,0,34553.11,0
2198,15672058,Castillo,589,Germany,Male,28,2,109795.68,1,1,0,190704.23,0
2199,15629135,Hill,607,France,Male,84,4,136628.48,1,1,1,116214.81,0
2200,15648549,Baker,698,Germany,Female,31,5,51346.42,2,1,0,181591.41,0
2201,15685802,Allen,625,France,Female,25,10,0.0,2,1,1,16926.7,0
2202,15801762,Nelson,699,Spain,Female,45,2,77353.49,2,1,0,61641.58,0
2203,15570447,Allen,664,Spain,Female,24,9,100864.14,1,1,0,110824.45,0
2204,15577802,Smith,679,France,Female,36,0,0.0,2,0,1,118088.28,0
2205,15713775,Bernard,684,France,Male,48,5,110716.83,2,1,1,160452.68,0
2206,15582941,Harris,599,Germany,Female,27,9,131402.74,2,0,1,3173.33,0
2207,15652191,Schmidt,620,Germany,Male,38,3,133620.77,1,1,0,141620.25,0
2208,15594666,Roberts,738,France,Male,35,2,131893.4,1,1,0,110477.83,0
2209,15691747,Hoffmann,827,France,Male,31,6,0.0,2,0,1,191788.29,0
2210,15682384,Thomas,739,France,Male,55,2,0.0,1,1,0,160912.02,1
2211,15804866,Perez,379,Spain,Female,35,0,119119.58,2,0,1,60363.14,0
2212,15768780,Carter,576,France,Male,45,0,0.0,1,1,0,3733.05,0
2213,15631861,Muller,661,Spain,Female,49,5,0.0,1,0,0,111136.74,0
2214,15636974,Nelson,543,France,Female,36,5,0.0,2,1,0,103616.5,0
2215,15707493,Hall,539,Spain,Male,29,0,136829.15,1,1,1,174530.23,0
2216,15732952,Flores,609,France,Male,49,2,137287.48,1,1,0,19901.96,1
2217,15762754,Taylor,683,France,Male,36,8,0.0,2,1,0,117335.65,0
2218,15775880,Adams,710,Spain,Male,37,6,121176.98,1,1,1,199293.23,0
2219,15682243,Meyer,614,Spain,Female,34,6,0.0,1,0,0,5018.92,0
2220,15782862,Jackson,607,France,Female,49,7,130868.77,1,1,0,10888.75,1
2221,15619921,Ruiz,568,France,Female,28,9,91910.14,1,1,1,625.42,0
2222,15731000,Torres,699,France,Male,37,0,122141.59,1,1,1,11731.34,0
2223,15590034,Castillo,693,France,Female,29,5,0.0,1,0,0,45247.74,0
2224,15634507,Fischer,738,France,Female,34,2,0.0,1,0,0,131824.3,1
2225,15663824,Thompson,663,Spain,Male,51,7,0.0,2,1,1,100628.0,0
2226,15773221,Walker,523,France,Male,50,4,90683.57,2,1,1,17231.95,1
2227,15566189,Castillo,616,Germany,Male,35,1,159222.7,2,1,0,71142.98,0
2228,15634540,Thomas,733,France,Male,41,9,0.0,2,0,1,81143.59,0
2229,15803906,Perez,482,France,Female,40,5,0.0,2,1,0,126802.97,0
2230,15644941,Nelson,642,Germany,Female,29,1,90111.51,2,1,0,52221.79,0
2231,15710895,Campbell,678,France,Male,43,2,69969.98,3,1,0,981.01,1
2232,15569090,Rivera,844,Germany,Female,30,8,70948.68,2,0,1,12895.83,0
2233,15774814,Dubois,592,France,Male,33,5,128896.48,2,0,1,10047.78,0
2234,15569316,Gonzalez,638,Spain,Male,25,10,0.0,1,1,0,164799.68,0
2235,15795459,Baker,814,Germany,Female,46,0,83207.34,2,1,1,3512.82,0
2236,15775818,Fernandez,593,Spain,Female,49,0,0.0,1,1,0,56410.55,1
2237,15686225,Green,754,France,Female,41,7,0.0,2,1,1,69806.28,0
2238,15658258,Alvarez,688,France,Male,38,3,0.0,2,1,0,162286.41,0
2239,15758098,Meyer,629,France,Female,33,9,142175.05,1,1,1,155116.69,0
2240,15589496,Alvarez,694,Germany,Female,46,8,74929.65,1,1,1,142862.17,1
2241,15597416,Moreau,636,France,Female,59,0,81319.56,2,0,0,129206.69,0
2242,15695790,Baker,850,France,Male,31,10,120642.78,1,1,0,118246.87,1
2243,15584238,Jones,450,France,Male,35,10,0.0,2,1,1,190776.41,0
2244,15629847,Romero,623,France,Female,29,2,180972.35,1,1,0,1055.23,1
2245,15704876,Smith,625,France,Female,38,6,0.0,2,1,1,99426.32,0
2246,15695301,Johnson,637,France,Female,34,7,0.0,2,1,0,132478.49,0
2247,15762132,Brown,755,France,Male,36,0,134167.45,2,1,0,125840.48,0
2248,15670256,Alvarez,607,Germany,Female,46,8,139583.47,1,1,1,195816.1,0
2249,15653780,Wilson,698,France,Male,50,10,129827.05,2,1,0,150286.04,0
2250,15681483,Green,672,France,Male,28,4,144518.32,1,0,0,119127.8,0
2251,15726929,Jones,731,Germany,Male,40,10,154913.18,1,1,1,54502.84,1
2252,15618017,Martin,637,Spain,Male,55,7,0.0,2,0,0,179153.82,0
2253,15721217,Bernard,681,France,Female,43,8,0.0,2,0,0,64591.44,0
2254,15705622,Becker,638,Germany,Male,29,6,82466.87,2,1,0,142853.28,0
2255,15764853,Young,554,Spain,Male,49,7,82403.02,2,0,1,67455.05,0
2256,15571726,Miller,805,Germany,Female,43,10,126171.28,1,1,1,119300.87,0
2257,15801574,Perez,576,Spain,Female,42,6,64852.15,1,1,0,85949.23,0
2258,15584131,Campbell,604,Spain,Male,35,5,0.0,1,0,0,93350.86,0
2259,15684868,Roberts,567,France,Male,42,1,135735.05,2,1,0,81896.12,0
2260,15679481,Lee,689,France,Female,82,5,105316.21,1,1,1,158028.94,0
2261,15608003,Campbell,604,Germany,Male,24,9,115551.7,2,1,0,117973.11,0
2262,15583582,Rivera,797,Spain,Male,33,7,167854.3,1,1,0,100804.45,0
2263,15780234,Romero,702,France,Male,34,7,150166.98,1,1,0,98800.78,0
2264,15651447,Martin,623,France,Male,22,1,0.0,1,1,1,93568.55,0
2265,15609113,Nelson,562,Germany,Female,67,9,88258.65,2,1,0,162288.77,1
2266,15762778,Lopez,639,France,Male,29,5,113932.45,1,0,1,99715.94,0
2267,15593525,Romero,700,Germany,Male,28,5,93396.11,1,1,1,98520.27,0
2268,15645336,Jones,646,Germany,Male,26,0,111474.47,1,0,0,26809.38,0
2269,15674579,Bernard,636,Germany,Male,33,9,91632.6,1,1,0,49085.05,0
2270,15607456,Wright,551,Spain,Male,42,6,121728.32,1,0,0,161840.85,0
2271,15683074,Allen,850,Germany,Female,37,3,109763.96,4,1,1,164944.44,1
2272,15569311,King,630,Germany,Male,30,5,91285.0,2,1,1,70103.28,0
2273,15789521,Young,517,Spain,Male,42,10,0.0,2,1,1,39486.57,0
2274,15780886,Perez,546,Spain,Male,37,9,167597.29,2,1,1,158010.16,0
2275,15596492,Lopez,617,Spain,Female,53,3,0.0,1,0,1,183021.22,1
2276,15655899,Hall,839,France,Male,32,8,0.0,2,1,0,140076.7,0
2277,15751073,Wilson,633,Germany,Female,31,0,115089.84,1,0,1,75651.54,0
2278,15714445,Johnson,614,France,Female,47,4,121582.7,1,1,1,98745.91,0
2279,15738498,Campbell,732,Spain,Male,29,6,122022.81,1,0,0,175317.01,1
2280,15720700,Nguyen,739,Germany,Female,26,7,109810.76,2,0,0,30369.87,0
2281,15581055,Alvarez,714,France,Male,37,0,118380.08,1,0,0,9536.72,0
2282,15802383,Anderson,669,France,Female,43,3,0.0,1,1,0,181482.06,0
2283,15637317,Martinez,543,France,Female,25,2,0.0,1,1,0,114466.5,0
2284,15574483,Lewis,577,Germany,Male,48,4,112952.23,1,0,0,127581.31,1
2285,15782813,Gonzalez,496,France,Female,25,7,119456.23,1,0,1,27628.12,0
2286,15698177,Moore,628,France,Male,32,0,138299.88,2,1,0,145284.33,0
2287,15633029,Walker,609,Spain,Female,37,8,106123.41,2,1,1,112726.41,0
2288,15744375,Schmidt,599,Spain,Female,54,1,112417.37,2,1,0,67274.74,0
2289,15764512,Campbell,677,France,Female,55,5,0.0,1,1,1,133957.75,1
2290,15809606,Rodriguez,586,France,Male,39,9,0.0,2,1,0,183614.03,0
2291,15788444,Schmidt,617,Spain,Female,33,9,0.0,3,1,0,183959.51,0
2292,15814517,Harris,603,Germany,Female,34,10,93016.4,1,1,1,7007.5,0
2293,15785698,Lopez,647,Germany,Male,64,4,150236.0,1,1,0,18456.72,1
2294,15628444,Scott,685,France,Female,51,5,156246.14,2,1,0,109257.16,1
2295,15670023,Meyer,520,France,Female,41,9,108048.73,2,1,0,125324.8,0
2296,15678630,Johnson,694,France,Female,39,1,0.0,2,1,0,186764.76,0
2297,15734469,Castillo,676,Germany,Female,38,10,107716.11,1,1,1,123236.08,0
2298,15748120,Lewis,691,France,Male,24,0,96963.02,2,1,1,159577.52,0
2299,15678888,Jones,663,France,Male,21,1,0.0,2,1,1,141461.37,0
2300,15698854,Dubois,685,Germany,Male,35,0,145001.01,2,1,0,86708.65,0
2301,15590081,Girard,610,Spain,Male,28,2,89826.9,1,1,1,67204.83,0
2302,15677455,Baker,693,Spain,Male,39,9,0.0,2,1,1,127733.55,0
2303,15737046,Bernard,761,France,Female,38,2,0.0,1,1,0,129080.87,1
2304,15695234,Clark,602,France,Male,26,4,0.0,1,1,1,71183.03,0
2305,15669162,Girard,605,France,Female,40,8,0.0,2,1,0,61294.66,0
2306,15624729,Davis,711,France,Male,40,9,157743.73,1,1,1,22458.67,1
2307,15611675,Fournier,596,Germany,Male,40,4,151975.13,1,1,1,19064.02,0
2308,15755587,Clark,580,France,Female,32,3,145811.38,2,1,0,17525.39,0
2309,15572412,Torres,691,Germany,Female,42,5,114242.18,2,0,1,139950.07,0
2310,15762358,Johnson,608,Spain,Male,43,6,0.0,2,1,1,106443.25,0
2311,15708709,Lopez,769,Spain,Female,42,3,0.0,1,1,1,174960.3,1
2312,15614284,Laurent,605,France,Male,34,7,84535.22,1,1,1,22612.03,0
2313,15671726,Mitchell,571,France,Male,57,8,144377.16,1,1,1,199812.28,0
2314,15670296,Ruiz,650,France,Male,53,0,107355.55,1,1,0,90487.1,1
2315,15688064,Garcia,692,France,Female,38,9,114652.01,1,1,0,157323.95,0
2316,15630849,Laurent,681,France,Male,31,7,0.0,2,0,1,45924.61,0
2317,15643550,Gonzalez,702,France,Female,30,0,0.0,1,0,1,63729.27,0
2318,15747657,Rivera,596,Spain,Male,43,8,103035.64,2,1,0,24421.96,0
2319,15790040,Thomas,760,France,Male,27,5,0.0,2,0,1,70588.12,0
2320,15809686,Allen,489,Spain,Female,44,0,85145.38,1,1,0,74542.63,1
2321,15806373,Ramirez,574,France,Male,26,0,86353.57,1,1,1,64952.41,0
2322,15751434,Moreau,654,France,Male,36,0,93354.28,2,1,0,181356.18,0
2323,15675002,Castillo,582,France,Male,43,4,121224.95,1,1,0,169890.03,0
2324,15644132,Garcia,620,France,Male,30,5,0.0,1,1,0,21283.25,0
2325,15706711,Perez,555,France,Male,48,2,0.0,2,0,0,78381.2,0
2326,15624586,Fischer,630,Spain,Male,33,10,0.0,1,1,0,63199.29,0
2327,15727145,Fernandez,695,France,Female,37,0,0.0,1,1,0,186066.82,1
2328,15720708,Muller,598,France,Male,23,10,106703.3,2,0,1,120394.38,0
2329,15673042,Becker,565,Germany,Male,26,1,128648.25,1,1,0,178017.26,0
2330,15592026,Thompson,605,France,Female,24,1,0.0,2,1,1,82775.29,0
2331,15595073,Allen,757,Germany,Male,45,5,118783.06,1,1,1,123725.98,0
2332,15671861,Smith,756,France,Female,33,8,0.0,2,1,0,27744.15,0
2333,15810493,Young,604,Spain,Female,50,7,154965.37,2,1,0,23381.33,0
2334,15610427,Rivera,699,France,Male,22,8,0.0,3,1,0,122582.6,0
2335,15797984,Bernard,648,France,Male,41,4,0.0,2,1,0,112773.66,0
2336,15578002,Baker,775,Germany,Male,23,9,160953.13,2,0,0,178684.22,0
2337,15686403,Nguyen,669,Spain,Male,30,8,0.0,2,1,1,137365.81,0
2338,15687103,Taylor,630,France,Male,36,0,0.0,1,1,1,42564.14,0
2339,15639966,Jackson,805,Germany,Female,33,5,148795.06,1,0,0,104175.93,0
2340,15572273,Martinez,560,France,Female,40,10,0.0,2,1,1,8460.32,0
2341,15647757,Jones,681,France,Male,32,7,0.0,2,1,0,131004.45,0
2342,15745376,Thomas,783,France,Female,35,9,123206.47,2,1,0,24497.36,0
2343,15709717,Green,715,Germany,Male,28,7,134910.0,2,0,1,83085.91,0
2344,15673333,Lewis,576,France,Female,44,6,126699.69,1,1,1,7711.98,1
2345,15627093,Lewis,571,Germany,Female,38,3,112020.13,1,1,1,133339.36,0
2346,15567826,Torres,513,France,Male,41,0,0.0,1,1,1,136811.12,0
2347,15638836,King,794,Spain,Male,37,3,0.0,2,1,1,29244.93,0
2348,15674477,Torres,540,Spain,Male,46,2,67284.73,1,1,1,35084.34,0
2349,15728063,Allen,719,France,Female,32,7,0.0,2,1,0,64503.02,0
2350,15612296,Moreau,512,France,Male,37,3,143180.34,1,1,1,199036.43,0
2351,15616715,Nguyen,850,France,Female,86,3,48547.87,2,0,0,177329.5,0
2352,15727531,Green,519,Spain,Male,27,9,0.0,1,1,0,92675.91,0
2353,15706656,Harris,654,France,Male,50,2,0.0,2,1,0,161313.2,0
2354,15807917,Thomas,768,Germany,Female,70,8,129253.55,2,1,1,822.22,1
2355,15685116,Miller,582,France,Male,42,3,103928.01,1,1,1,23321.64,0
2356,15573418,Meyer,705,Spain,Male,21,10,141189.7,2,0,1,145689.46,0
2357,15657436,Clark,623,France,Female,28,10,0.0,1,1,0,179101.73,0
2358,15586596,Walker,688,France,Male,24,4,0.0,1,1,0,22997.91,0
2359,15640053,Adams,755,Spain,Female,40,8,83042.0,1,1,1,156776.97,1
2360,15745975,Wagner,608,France,Female,37,10,0.0,1,1,1,11867.55,0
2361,15737212,Allen,795,Spain,Male,58,6,0.0,1,1,1,69718.93,0
2362,15633561,Hill,684,France,Male,58,9,111321.76,2,1,1,153408.14,0
2363,15574792,Harris,839,France,Male,36,7,0.0,3,1,0,95695.29,0
2364,15659101,Navarro,569,Spain,Female,37,0,145365.32,1,1,0,148939.13,0
2365,15786728,Allen,588,Germany,Female,32,6,145412.19,2,1,1,56723.76,0
2366,15757649,Anderson,627,Germany,Female,42,2,147429.59,1,1,1,133791.42,0
2367,15686907,Young,532,France,Female,29,6,95437.61,1,1,1,157891.72,0
2368,15722519,Harris,740,France,Male,36,8,0.0,1,1,0,39747.16,0
2369,15623269,Muller,643,France,Male,30,2,0.0,2,0,0,37221.73,0
2370,15758858,Mitchell,539,Germany,Male,39,7,139582.98,1,1,0,9013.02,0
2371,15784777,Flores,570,France,Female,49,5,0.0,1,0,0,76439.41,1
2372,15587136,Roberts,566,France,Male,26,2,125908.26,2,1,0,2805.63,0
2373,15635978,Bernard,740,France,Male,35,8,0.0,1,1,0,105471.13,0
2374,15790827,Flores,694,France,Male,54,8,91535.82,1,1,0,55497.94,1
2375,15702886,Rodriguez,637,France,Male,60,0,0.0,1,1,0,197803.88,0
2376,15581724,Allen,615,France,Male,32,3,0.0,1,1,1,174376.22,0
2377,15773013,Castillo,627,Spain,Male,30,0,0.0,1,1,1,109930.48,0
2378,15793434,Gonzalez,823,Germany,Female,21,6,76417.39,1,0,0,179819.06,0
2379,15577513,Williams,627,France,Female,51,9,90605.09,2,1,1,192550.49,0
2380,15720998,Ruiz,733,Germany,Male,50,10,190180.08,2,0,1,120033.15,0
2381,15785088,Clark,618,Spain,Female,38,4,94765.51,1,0,0,71578.52,0
2382,15672727,Romero,813,France,Male,73,2,127945.44,1,1,0,176545.5,0
2383,15762863,Fischer,532,France,Female,37,3,0.0,4,1,1,53332.97,1
2384,15651688,Carter,728,France,Male,52,0,110700.89,2,1,0,65619.97,0
2385,15677279,Meyer,576,France,Female,33,3,0.0,2,1,1,129986.22,0
2386,15663966,Ruiz,850,Spain,Male,35,7,0.0,2,1,1,6584.49,0
2387,15669848,Allen,718,Spain,Male,40,0,91500.47,1,1,0,23477.91,1
2388,15669427,Wilson,485,France,Female,30,8,0.0,1,0,1,110916.14,0
2389,15687567,Smith,560,Germany,Female,47,9,162797.2,1,0,1,27838.69,0
2390,15652241,Fischer,716,France,Female,38,3,0.0,1,1,1,171246.27,0
2391,15632720,Allen,714,Germany,Male,24,8,157211.18,3,1,0,174765.25,1
2392,15654747,Romero,707,Spain,Male,52,5,0.0,1,0,1,102575.72,1
2393,15675334,Gonzalez,665,France,Female,29,10,112879.55,1,1,1,18490.05,0
2394,15774485,Harris,619,France,Male,30,5,150716.09,2,1,1,56027.62,0
2395,15714710,Romero,755,Germany,Male,34,6,66962.39,2,0,1,116754.17,0
2396,15693922,Torres,566,Spain,Male,42,8,0.0,1,0,1,11010.21,0
2397,15669231,Martin,655,France,Male,41,3,0.0,1,1,1,70835.99,0
2398,15630598,Weber,590,France,Male,58,7,132520.3,2,1,1,35744.45,0
2399,15626494,Schneider,582,France,Male,40,9,101328.83,1,1,0,115246.61,1
2400,15773429,Scott,605,Germany,Female,26,3,80213.36,2,1,1,174408.65,0
2401,15631748,Lewis,579,Germany,Female,28,8,140147.65,1,1,0,179759.7,0
2402,15730328,Lee,703,Spain,Female,25,3,165667.29,1,1,0,19552.09,0
2403,15764675,Vargas,507,Spain,Female,25,6,131116.42,2,0,0,18944.29,0
2404,15684561,White,692,Spain,Male,33,3,139280.76,2,1,0,145171.04,0
2405,15661872,Ramirez,588,Spain,Female,51,6,140089.97,2,0,0,1248.0,1
2406,15585535,Romero,653,France,Female,38,1,0.0,2,1,1,99420.4,0
2407,15764400,Scott,634,Germany,Male,43,8,135091.34,1,1,1,131995.3,1
2408,15611686,Dubois,602,France,Male,47,1,0.0,2,1,1,77720.41,0
2409,15691573,Young,768,France,Female,52,3,137204.66,1,1,0,85356.98,1
2410,15740105,Roberts,614,Spain,Female,31,8,124188.08,1,1,1,88003.7,0
2411,15797091,Meyer,718,Germany,Female,50,1,96076.74,1,1,1,59189.32,1
2412,15737503,Vargas,719,Spain,Female,48,9,0.0,1,1,0,84140.69,1
2413,15714444,Flores,624,France,Female,33,4,0.0,1,0,1,160650.45,0
2414,15773921,Lee,528,Germany,Female,30,2,123101.41,2,1,0,167204.52,0
2415,15624135,Moore,564,France,Female,35,9,0.0,1,1,0,119608.11,0
2416,15689447,Dubois,774,France,Female,57,9,120833.89,1,0,0,60765.92,1
2417,15813905,Fischer,698,France,Female,52,9,0.0,1,1,1,81110.75,1
2418,15642954,Robinson,663,Germany,Male,33,6,125876.39,2,1,1,140711.4,0
2419,15642588,Smith,595,France,Female,50,2,0.0,1,1,0,94805.46,1
2420,15755205,Hoffmann,818,Spain,Male,45,7,146641.53,1,1,0,24425.6,1
2421,15770435,Hall,566,France,Male,42,7,0.0,2,1,0,132931.07,0
2422,15672473,Thomas,664,France,Male,56,9,137669.63,1,1,0,18700.35,1
2423,15588385,Diaz,699,Spain,Male,40,8,0.0,3,1,1,197472.95,1
2424,15658369,Fischer,523,France,Male,38,3,154515.4,3,0,0,64139.74,1
2425,15680965,Lewis,576,Spain,Male,24,4,65028.82,1,1,0,31670.28,0
2426,15697237,Rivera,606,Germany,Male,47,7,104062.65,2,1,1,119186.31,0
2427,15783921,King,734,France,Female,30,8,0.0,2,0,0,151129.07,0
2428,15782496,Lewis,608,Germany,Female,29,3,115857.64,1,0,1,143692.41,1
2429,15759235,Smith,511,Germany,Female,38,2,98647.41,2,0,0,53506.67,0
2430,15734526,Laurent,501,Spain,Male,28,9,0.0,1,1,0,108039.04,0
2431,15757845,Moore,576,Spain,Male,41,10,80489.93,1,1,0,138407.68,0
2432,15698204,Laurent,505,Germany,Female,39,3,122997.53,1,1,1,162842.0,1
2433,15599626,Allen,725,Germany,Male,38,0,101161.99,2,1,0,96848.94,0
2434,15680522,Bernard,728,France,Female,35,6,0.0,2,1,0,1603.7,0
2435,15621775,Rodriguez,651,Germany,Female,46,0,102671.49,1,1,0,84495.87,1
2436,15764045,Ruiz,624,Spain,Male,41,2,120176.09,2,1,1,122920.4,0
2437,15715807,Fournier,722,Germany,Male,41,5,110892.61,1,1,0,28169.55,0
2438,15734345,Ruiz,718,Germany,Male,30,4,118089.4,2,0,1,185158.84,0
2439,15636113,Castillo,554,France,Male,36,0,124491.14,1,1,0,35746.13,0
2440,15601677,Carter,568,Spain,Male,30,3,121237.41,1,0,0,30515.58,1
2441,15675845,Brown,719,Spain,Female,36,7,0.0,2,1,0,235.49,0
2442,15583402,Flores,676,France,Female,31,8,99058.09,2,1,1,50003.25,0
2443,15618958,Moore,709,France,Male,36,8,0.0,1,1,0,167188.3,0
2444,15607550,Jones,563,Germany,Male,36,3,84663.03,2,1,0,143877.31,0
2445,15636533,Schmidt,577,France,Male,36,7,0.0,2,1,1,30034.02,0
2446,15599388,Diaz,695,Germany,Male,47,3,119534.7,1,1,0,186705.73,1
2447,15698064,Williams,584,France,Female,43,7,0.0,1,1,1,127984.95,0
2448,15763110,Navarro,503,France,Female,27,0,0.0,1,1,0,101236.48,0
2449,15788538,Martin,585,Germany,Female,35,4,170947.51,2,1,0,25093.09,0
2450,15600081,Lopez,630,Germany,Male,38,3,117051.22,2,0,0,177876.42,0
2451,15787647,Fischer,815,Germany,Male,31,7,125397.03,1,0,1,120101.69,0
2452,15614122,Thompson,569,Germany,Female,39,2,98562.38,2,0,0,27523.78,0
2453,15701055,Rivera,644,Germany,Female,32,3,191201.2,1,1,1,96462.96,0
2454,15568360,Adams,848,Spain,Female,37,5,187325.79,1,1,1,7424.07,0
2455,15710611,Williams,544,Germany,Male,29,7,172029.02,2,1,1,15251.42,0
2456,15691014,Becker,714,Germany,Female,36,4,182975.48,1,0,0,37240.28,0
2457,15690307,Schmidt,581,Germany,Male,43,9,93562.14,2,1,1,85227.56,0
2458,15744227,Brown,689,France,Male,45,10,81921.23,2,1,1,163560.79,0
2459,15754784,Johnson,850,France,Female,37,6,0.0,1,1,0,134282.73,1
2460,15673906,Moore,727,Germany,Male,66,6,115172.58,1,1,0,136886.69,0
2461,15570271,Ruiz,665,Spain,Female,40,5,95148.05,1,1,1,15159.61,1
2462,15664043,Fischer,558,Germany,Male,46,0,133909.98,1,0,1,39760.4,1
2463,15672974,Fournier,633,France,Male,53,4,86461.73,2,1,1,88759.84,0
2464,15744926,White,595,Germany,Male,31,8,127932.7,1,0,0,187662.62,1
2465,15581892,Hoffmann,509,France,Female,43,7,0.0,1,0,0,125416.46,0
2466,15614561,Moreau,443,Germany,Female,39,0,147168.36,2,0,1,42005.73,0
2467,15705888,Nelson,569,Spain,Male,44,1,0.0,2,1,0,1147.09,0
2468,15812271,Schmidt,647,Germany,Male,49,9,84444.7,2,0,1,13016.89,0
2469,15794398,Davis,759,Germany,Male,30,8,91806.08,2,0,1,35304.91,0
2470,15666480,Jackson,578,France,Male,65,4,130085.94,2,0,1,125810.0,0
2471,15759822,Martinez,669,France,Female,38,10,101473.59,1,1,1,28764.86,0
2472,15745781,Ruiz,485,Spain,Male,34,0,146382.15,1,1,0,8345.06,0
2473,15777454,Vargas,572,Germany,Male,23,8,119037.37,2,1,1,114942.33,0
2474,15740925,Wagner,413,Germany,Male,52,10,138422.1,2,1,0,35511.43,0
2475,15605316,Smith,850,France,Female,48,4,0.0,1,0,0,44782.53,0
2476,15576551,Moore,669,France,Female,35,5,115077.75,2,1,0,193144.56,0
2477,15683168,Alvarez,666,France,Female,24,2,0.0,2,0,1,162820.46,0
2478,15655761,Campbell,702,France,Female,38,9,0.0,1,1,1,167029.67,0
2479,15707593,Sanchez,850,France,Female,26,7,0.0,3,1,1,6358.74,0
2480,15803545,Hall,608,Spain,Male,50,4,0.0,2,0,0,194123.69,0
2481,15657763,Jones,555,Germany,Female,35,2,69112.19,2,1,0,96228.37,0
2482,15776539,Moreau,844,France,Female,29,5,0.0,2,0,1,17481.58,0
2483,15574477,Rivera,531,France,Male,40,4,116248.16,2,0,0,62941.66,0
2484,15741858,Hill,776,France,Female,41,3,0.0,1,0,1,20372.99,0
2485,15805487,Becker,643,Spain,Female,43,9,0.0,1,1,1,65481.73,0
2486,15769199,Garcia,692,France,Female,30,4,117607.43,2,0,1,25537.58,0
2487,15779319,Muller,511,Spain,Male,48,1,89989.43,2,1,1,50019.48,0
2488,15686616,Hill,850,Spain,Male,35,8,0.0,2,1,0,13543.06,0
2489,15752694,Anderson,613,France,Female,23,8,0.0,1,1,1,51261.93,0
2490,15738357,Miller,582,Germany,Male,36,0,127453.05,2,1,0,68146.13,0
2491,15747672,Meyer,703,Spain,Male,36,7,131756.48,1,1,0,182834.63,0
2492,15618801,Thomas,587,France,Male,36,5,112692.82,2,0,0,37830.01,0
2493,15585021,Diaz,691,France,Male,40,7,0.0,1,1,1,165592.6,0
2494,15584923,Williams,528,Spain,Female,60,2,0.0,2,1,1,163538.32,0
2495,15742670,Young,664,Spain,Female,36,1,0.0,2,0,0,112214.81,0
2496,15736845,Schmidt,591,Germany,Female,38,6,101986.99,2,0,0,87526.19,0
2497,15618824,Girard,574,Germany,Male,32,0,55993.31,2,0,0,80191.71,0
2498,15786111,Green,559,France,Male,36,2,0.0,1,0,1,182080.39,0
2499,15681694,Carter,736,Spain,Male,43,0,105402.1,2,0,1,190751.8,0
2500,15665729,Green,616,France,Male,43,3,185217.2,2,1,1,140213.91,0
2501,15581626,Fournier,632,France,Female,54,9,0.0,1,1,1,172747.25,0
2502,15576967,Campbell,691,Germany,Male,24,5,113823.56,1,1,1,156810.58,0
2503,15639211,Ramirez,761,Spain,Male,47,8,136994.83,2,1,0,142863.04,0
2504,15619177,Gonzalez,560,Spain,Female,45,8,173157.74,1,1,0,48240.49,1
2505,15764207,Schmidt,671,France,Female,26,1,177926.71,1,1,0,82895.63,0
2506,15605933,Clark,562,France,Male,54,10,0.0,2,0,0,49787.45,1
2507,15744771,Jones,630,Spain,Female,27,1,117326.25,1,1,0,150663.89,0
2508,15678273,Williams,753,Spain,Male,43,2,101978.65,1,0,1,60232.88,0
2509,15760464,Jones,422,Germany,Female,23,7,175780.96,1,1,0,140738.02,0
2510,15592480,Mitchell,560,Germany,Female,29,5,140048.48,1,1,1,66159.72,0
2511,15739479,Nelson,628,France,Male,44,2,101269.1,1,0,1,12508.14,0
2512,15589194,Williams,687,France,Male,44,3,148150.22,2,1,1,178422.02,0
2513,15589728,Vargas,768,France,Male,36,4,0.0,1,1,0,82989.32,0
2514,15733661,Moore,485,France,Female,55,6,99233.17,1,1,1,46015.13,0
2515,15590464,Brown,787,France,Male,43,8,104167.5,2,1,1,107049.44,0
2516,15587830,King,701,Spain,Female,49,4,0.0,2,1,0,26606.44,0
2517,15766909,Thomas,627,France,Male,36,4,154343.96,1,1,0,2251.55,0
2518,15627944,Diaz,508,France,Male,28,1,103554.99,2,1,0,4866.24,0
2519,15693806,Martin,594,Germany,Male,28,10,83424.95,1,0,1,198124.95,0
2520,15692897,Clark,749,France,Male,34,6,164024.4,1,1,0,159153.37,0
2521,15579882,Schneider,653,France,Male,30,2,0.0,1,1,1,168962.11,1
2522,15764659,Weber,632,Germany,Female,29,0,55172.35,2,1,1,98395.71,0
2523,15805828,Wright,556,France,Female,25,10,141056.12,2,1,1,106214.95,0
2524,15607597,Lee,721,Germany,Male,34,0,61307.03,1,1,1,36845.39,0
2525,15659396,Flores,635,Spain,Female,25,2,0.0,1,1,0,99605.95,0
2526,15635531,Gonzalez,627,France,Male,34,9,0.0,2,1,0,116017.66,0
2527,15642979,Baker,641,Spain,Female,24,3,0.0,1,1,0,164513.1,0
2528,15666158,Thompson,587,Spain,Male,33,9,0.0,2,1,0,170673.55,0
2529,15681413,King,571,Spain,Female,43,6,0.0,2,1,0,163846.46,0
2530,15590608,Miller,503,Germany,Male,29,6,173578.2,2,1,0,190596.82,0
2531,15787200,Jones,590,Germany,Male,40,10,164435.51,2,0,1,180972.04,0
2532,15734940,Romero,475,Germany,Female,39,0,110853.24,1,1,1,55521.54,0
2533,15791079,Campbell,697,Germany,Male,31,3,117884.46,2,0,0,39358.33,0
2534,15617658,Nguyen,585,France,Male,25,3,97483.36,1,1,1,75099.47,0
2535,15665878,Rodriguez,612,Spain,Male,56,8,0.0,2,1,1,16740.26,0
2536,15656740,Gonzalez,646,Germany,Female,47,3,119373.7,1,1,1,166096.95,1
2537,15690937,Brown,572,Spain,Male,31,9,142122.82,2,0,0,93090.96,0
2538,15702555,Martin,536,France,Male,58,7,68639.93,1,0,1,24036.36,0
2539,15728582,Martinez,672,France,Female,46,9,131358.69,1,1,1,91097.8,0
2540,15596762,Scott,833,Germany,Female,44,8,165680.94,1,1,1,110334.18,1
2541,15716132,Lopez,738,Germany,Male,27,8,108490.45,1,1,1,72298.1,0
2542,15639791,Davis,774,France,Female,44,3,89036.94,1,1,0,63016.39,1
2543,15582625,Clark,524,France,Male,51,8,151858.85,1,1,0,88498.52,0
2544,15799907,Brown,631,France,Male,38,4,85838.64,2,1,0,50028.82,0
2545,15630412,Lee,631,Germany,Male,40,3,79270.82,2,1,1,75336.53,0
2546,15619879,Campbell,789,France,Female,43,2,63606.95,2,1,0,141140.43,0
2547,15618835,Walker,739,Spain,Female,53,9,133797.2,2,1,0,180668.76,1
2548,15706880,Diaz,634,France,Male,41,8,0.0,1,1,1,10586.41,0
2549,15759350,Ramirez,428,France,Male,43,0,0.0,2,0,1,194013.93,0
2550,15757386,Diaz,538,France,Male,40,3,122882.7,2,1,1,84478.44,0
2551,15775114,Hall,711,Germany,Male,58,6,86251.19,1,0,1,168850.87,1
2552,15698656,Alvarez,619,France,Male,38,7,0.0,2,1,0,131848.48,0
2553,15750915,Castillo,639,Germany,Female,43,3,134016.2,3,1,0,164717.93,1
2554,15783490,Anderson,710,Spain,Male,54,7,0.0,1,1,1,31006.03,0
2555,15745504,Bernard,760,France,Female,33,2,95120.03,1,1,1,25114.56,0
2556,15733051,Rodriguez,574,Germany,Male,62,1,142866.4,2,1,1,9423.17,0
2557,15637877,Robinson,707,France,Male,32,0,0.0,1,1,1,43543.8,0
2558,15716453,Flores,806,France,Male,29,9,0.0,1,0,1,129048.58,0
2559,15702273,Gonzalez,789,France,Female,43,7,111491.16,1,0,0,100598.13,1
2560,15735472,Harris,599,France,Male,32,9,0.0,1,1,0,133100.18,0
2561,15676031,Baker,679,Germany,Male,57,5,129675.3,2,1,0,194495.51,0
2562,15643582,Jackson,723,Germany,Male,69,6,157433.88,2,1,0,32245.77,0
2563,15713112,White,652,Germany,Female,30,3,127794.07,2,1,0,44351.5,0
2564,15639757,Martinez,626,Germany,Female,29,0,105010.88,2,1,0,44946.12,0
2565,15700943,Fernandez,482,Germany,Male,29,7,136283.19,1,1,1,144842.85,0
2566,15715976,Perez,566,France,Male,23,1,152795.61,1,1,0,6314.59,0
2567,15753870,Castillo,583,France,Male,32,9,149550.54,1,0,1,67374.77,1
2568,15806003,Brown,528,France,Male,50,1,0.0,1,1,0,109807.92,1
2569,15658103,Johnson,661,Germany,Female,44,10,126054.46,2,0,1,2724.0,0
2570,15807788,Young,734,Spain,Male,35,5,0.0,2,0,1,186399.9,0
2571,15738808,Ramirez,609,France,Female,42,3,0.0,1,1,0,192315.36,0
2572,15800411,Perez,436,Germany,Female,25,2,115153.52,2,0,1,164304.23,0
2573,15714986,Harris,639,Germany,Female,27,7,124439.24,2,1,1,94243.47,0
2574,15755229,Alvarez,677,Spain,Male,38,9,123572.99,1,1,0,116944.96,1
2575,15621037,Hall,670,Germany,Female,40,5,77176.57,2,1,0,5090.82,0
2576,15727973,Young,580,Germany,Male,39,4,100790.95,1,1,0,160972.44,0
2577,15613399,Rodriguez,533,Germany,Male,31,9,149565.91,2,1,0,2545.36,0
2578,15769953,Bernard,736,Spain,Female,31,4,0.0,2,1,1,125757.09,0
2579,15723362,Johnson,684,France,Male,45,3,0.0,2,0,0,17911.02,0
2580,15650552,Wright,584,Spain,Male,44,10,116105.59,2,1,1,158342.46,0
2581,15709652,Flores,504,France,Male,24,8,103199.72,2,1,1,105924.35,0
2582,15625453,Baker,672,Spain,Male,23,6,47287.45,1,0,0,31431.56,0
2583,15682802,Fernandez,563,France,Female,67,0,0.0,2,1,0,13419.72,1
2584,15595472,Laurent,687,France,Female,40,4,0.0,1,0,0,49128.81,0
2585,15596982,Mitchell,665,France,Female,39,10,0.0,2,0,0,193832.33,0
2586,15713601,Hill,850,France,Male,30,10,0.0,2,1,1,24220.72,0
2587,15624338,King,642,France,Male,34,7,119759.24,1,1,1,91129.24,0
2588,15589778,Nguyen,844,France,Male,32,5,0.0,1,1,0,54459.34,0
2589,15654411,Martinez,658,France,Male,50,9,0.0,1,0,1,132429.74,1
2590,15691663,Lopez,585,France,Female,49,6,0.0,1,1,1,153351.98,0
2591,15658884,Flores,548,Spain,Female,40,0,0.0,2,1,1,187623.39,0
2592,15734118,Carter,565,Spain,Female,39,4,0.0,2,1,1,93133.25,0
2593,15581917,Green,692,Germany,Female,42,3,195478.68,1,1,0,92465.67,0
2594,15646910,Moreau,663,France,Male,39,7,168933.26,2,1,1,55830.6,0
2595,15794630,Jones,472,France,Female,45,2,137353.67,2,1,1,149491.01,0
2596,15714101,Moreau,749,Spain,Female,55,8,0.0,2,0,0,198437.95,0
2597,15647022,Girard,793,France,Female,36,2,0.0,2,1,1,71310.91,0
2598,15602335,Miller,471,France,Male,30,6,0.0,2,0,0,140556.16,0
2599,15726080,Davis,748,Spain,Female,39,3,134903.84,1,1,0,154219.33,0
2600,15638339,Wright,813,Spain,Male,32,2,0.0,2,1,1,162808.55,0
2601,15660623,Alvarez,476,France,Female,26,7,157262.22,2,1,1,120921.44,0
2602,15643320,Sanchez,605,Germany,Female,28,10,120033.83,2,1,1,81128.5,0
2603,15685785,Mitchell,568,France,Female,53,8,0.0,2,0,0,118223.77,1
2604,15717038,Alvarez,744,Spain,Male,38,5,73145.04,2,0,1,20099.76,0
2605,15624958,Baker,610,France,Male,34,10,0.0,1,1,0,193955.28,0
2606,15654688,Ruiz,606,France,Female,40,9,138898.0,2,1,0,31215.51,0
2607,15651139,Rodriguez,691,Germany,Female,33,10,132622.12,2,1,0,43630.03,1
2608,15650955,Thomas,801,France,Female,53,0,0.0,1,1,0,119741.68,1
2609,15714668,Campbell,644,Germany,Male,67,8,100235.45,1,1,0,107891.3,1
2610,15566792,Fournier,604,France,Female,33,5,147379.78,2,1,0,13176.91,0
2611,15592572,Schmidt,622,Spain,Female,36,7,0.0,2,0,1,112011.89,0
2612,15790243,King,714,Spain,Male,41,10,0.0,2,1,1,132974.6,0
2613,15668849,Perez,521,France,Male,28,5,0.0,2,1,0,95908.49,0
2614,15711789,Gonzalez,648,Spain,Female,24,7,0.0,2,0,0,115442.9,0
2615,15794026,Nguyen,559,France,Male,51,10,0.0,1,0,0,23172.4,1
2616,15585861,Garcia,533,France,Female,34,1,0.0,1,0,1,179459.24,0
2617,15684036,Flores,461,France,Female,33,8,0.0,3,1,1,198764.65,0
2618,15573639,Hill,600,Spain,Male,42,7,105952.68,1,1,1,122874.75,1
2619,15679150,Rodriguez,755,Spain,Male,30,2,0.0,2,1,1,110034.36,0
2620,15592329,Miller,458,Spain,Female,33,0,103664.6,2,0,0,140152.87,0
2621,15658707,Wilson,703,Spain,Female,28,6,156709.26,1,1,1,176973.56,0
2622,15771800,Davis,587,Spain,Female,25,4,0.0,2,0,0,36896.43,0
2623,15741978,Jackson,547,France,Female,33,3,72105.42,2,1,1,99338.97,0
2624,15794644,Flores,683,Spain,Female,30,2,0.0,1,1,1,80932.09,0
2625,15593156,Roberts,777,Germany,Female,29,5,128034.44,1,1,0,32034.36,0
2626,15603137,Rodriguez,795,France,Female,38,2,0.0,2,1,0,82390.11,0
2627,15578919,Miller,678,Germany,Male,46,0,120669.47,2,1,0,175600.65,0
2628,15590998,Miller,643,France,Male,47,0,0.0,1,1,0,22750.64,0
2629,15706349,Moreau,688,France,Male,46,2,98643.85,1,1,0,36247.89,0
2630,15669787,Navarro,850,France,Female,31,6,0.0,2,1,0,128306.71,0
2631,15595997,Thomas,622,France,Male,37,5,0.0,2,1,0,42500.6,0
2632,15772859,Robinson,760,France,Female,32,8,57390.34,2,0,0,34688.5,0
2633,15680874,Young,593,Spain,Female,31,6,95181.24,2,0,1,184753.72,0
2634,15700810,Young,569,Germany,Male,31,3,57436.39,2,0,0,88001.53,0
2635,15580401,Williams,822,Germany,Male,29,10,105368.66,2,1,1,42862.39,0
2636,15581125,Miller,650,France,Female,40,6,0.0,2,1,1,101244.75,0
2637,15790037,Vargas,672,France,Male,50,6,115115.33,2,1,0,13432.52,0
2638,15665991,Weber,703,France,Female,32,5,108184.84,3,1,0,46575.8,0
2639,15645945,Alvarez,563,Spain,Male,31,4,0.0,1,1,0,113981.88,0
2640,15681253,Mitchell,607,France,Male,24,10,126615.67,2,1,1,36329.13,0
2641,15717817,Girard,588,Germany,Female,44,4,109378.65,1,1,1,184690.63,1
2642,15647672,Hall,682,Spain,Male,23,8,0.0,2,1,0,48925.08,0
2643,15674425,Navarro,686,Germany,Male,38,0,143464.6,2,1,0,57277.08,0
2644,15800703,Clark,592,Spain,Male,30,10,0.0,1,1,1,141498.97,0
2645,15748748,Schmidt,847,France,Male,35,8,0.0,2,1,1,173207.58,0
2646,15617741,Wright,647,Spain,Female,39,9,97542.47,2,1,0,16530.31,0
2647,15762092,Gonzalez,660,Germany,Male,38,3,157954.71,2,0,1,111387.89,0
2648,15577897,Weber,780,Spain,Male,48,7,0.0,2,0,0,146718.55,0
2649,15804371,Ruiz,565,Germany,Male,23,8,76385.44,2,1,0,173004.05,0
2650,15778275,Scott,599,Spain,Male,47,0,0.0,1,1,1,17532.66,0
2651,15646082,Lewis,678,Spain,Male,39,7,0.0,3,1,1,198942.79,1
2652,15577707,Allen,507,France,Female,50,9,122385.37,2,0,1,19830.89,0
2653,15755394,Lewis,627,Spain,Male,37,9,157296.34,2,1,0,160633.73,0
2654,15792546,Jackson,849,Germany,Female,26,8,124273.94,2,0,1,29566.33,0
2655,15566238,Girard,827,France,Male,36,9,0.0,2,1,1,123441.95,0
2656,15624409,Moreau,737,Spain,Male,43,3,0.0,2,1,0,68041.86,0
2657,15602144,Rodriguez,765,France,Male,46,7,0.0,1,0,1,68044.42,0
2658,15775664,Roberts,698,Germany,Female,36,2,105793.21,1,0,0,74068.73,1
2659,15795573,Weber,608,France,Female,35,9,157067.43,1,1,1,143889.05,1
2660,15776295,Young,809,France,Male,39,5,0.0,1,1,1,77586.81,0
2661,15675213,Green,558,Spain,Female,48,9,0.0,1,0,0,186703.58,0
2662,15709468,Garcia,744,France,Male,33,3,0.0,2,0,0,39868.56,0
2663,15753773,Torres,601,France,Female,41,3,52192.72,2,0,1,1012.51,0
2664,15734342,Romero,606,France,Female,60,10,98059.93,2,1,1,35098.35,1
2665,15680058,Brown,702,France,Male,74,9,0.0,2,1,0,191816.15,0
2666,15747302,Moreau,847,Spain,Male,48,2,0.0,1,1,1,128219.61,0
2667,15786122,Castillo,789,Spain,Male,35,4,0.0,2,1,0,122919.5,0
2668,15653841,Roberts,683,France,Female,28,1,0.0,2,1,0,195508.59,0
2669,15738667,Miller,656,Germany,Male,41,6,107037.22,2,1,0,90670.89,1
2670,15593767,King,726,France,Female,56,0,107895.66,1,1,0,62567.67,1
2671,15657485,Ramirez,782,Germany,Male,36,0,140340.31,2,1,0,2036.14,0
2672,15783517,Walker,479,France,Female,50,6,78555.21,1,0,1,55823.3,1
2673,15814532,Johnson,638,France,Male,48,9,156437.93,2,1,0,95485.62,1
2674,15678898,Rivera,548,France,Female,37,8,0.0,1,0,1,329.08,0
2675,15760573,Walker,629,Germany,Male,47,7,109193.9,2,1,1,172204.25,0
2676,15632843,Bernard,528,France,Male,28,6,0.0,2,0,0,109385.4,0
2677,15598523,Muller,475,France,Male,35,1,84315.97,2,1,1,175832.16,0
2678,15792824,Brown,522,Spain,Female,42,2,150633.67,1,1,1,141823.59,1
2679,15741476,Smith,596,Germany,Male,37,6,94833.72,1,0,0,125283.0,0
2680,15724734,Rivera,707,France,Female,29,10,0.0,3,1,0,142130.65,0
2681,15577047,Moore,571,Spain,Female,47,0,0.0,2,1,0,147983.63,0
2682,15746070,Allen,566,Spain,Male,42,4,0.0,2,0,1,80162.97,0
2683,15727963,Taylor,688,France,Male,39,2,153817.47,2,1,1,143487.07,0
2684,15637443,Rodriguez,678,Germany,Male,53,1,123021.51,1,1,1,173411.71,1
2685,15744396,Mitchell,815,France,Male,47,3,54039.91,2,1,0,150282.3,1
2686,15808586,Wilson,741,Germany,Male,22,2,100599.58,1,1,1,134938.42,0
2687,15689105,Lopez,550,France,Female,39,2,203805.38,1,0,0,167020.55,0
2688,15806190,Schmidt,585,Germany,Male,39,4,121416.85,1,0,0,41998.63,0
2689,15579172,Wright,722,France,Male,34,8,117529.21,1,1,0,64832.33,0
2690,15709887,Nelson,564,Germany,Female,23,5,150759.56,2,1,1,115295.06,0
2691,15672928,Smith,619,Spain,Male,31,5,163856.24,2,1,0,40696.49,0
2692,15715330,Brown,484,France,Female,23,6,0.0,1,0,1,138910.24,1
2693,15630277,White,523,Spain,Female,67,2,0.0,2,1,0,150801.25,0
2694,15723981,Bernard,772,Spain,Male,37,0,0.0,1,1,0,5165.87,0
2695,15802540,Jackson,666,Spain,Male,43,0,76036.83,2,0,0,132015.04,0
2696,15702286,Girard,589,France,Female,29,9,113638.2,1,0,1,6106.94,0
2697,15595139,Romero,603,Spain,Female,24,9,0.0,1,0,1,9465.53,0
2698,15794376,Clark,816,France,Female,33,3,113944.05,2,1,0,29810.02,0
2699,15729909,Bernard,586,France,Female,32,8,181207.22,1,1,1,45859.51,0
2700,15729716,Roberts,696,Spain,Male,40,2,0.0,2,1,0,172674.36,0
2701,15675782,Vargas,735,Germany,Male,34,3,130394.16,2,1,0,111476.17,0
2702,15576780,Meyer,790,Germany,Female,73,7,120940.68,1,0,0,11011.67,1
2703,15700958,Brown,567,France,Female,50,10,143059.65,2,0,1,192281.17,1
2704,15707708,Romero,514,Spain,Female,57,6,0.0,2,0,0,93384.56,1
2705,15732865,Fournier,543,Germany,Male,37,10,72715.46,1,1,1,110094.48,0
2706,15707617,Johnson,721,France,Female,40,10,0.0,2,1,1,141451.89,0
2707,15794599,Roberts,843,Spain,Male,55,0,127662.57,2,0,0,167762.09,1
2708,15660235,Bernard,724,France,Male,33,4,158910.5,1,1,1,117909.08,0
2709,15799690,Green,586,France,Male,42,5,0.0,1,1,0,125057.49,0
2710,15658110,Weber,765,Germany,Male,34,2,147657.62,1,0,1,17168.08,0
2711,15583385,Adams,604,Spain,Female,43,2,0.0,2,1,0,10794.16,0
2712,15660181,Young,569,France,Male,27,10,0.0,3,1,0,51954.47,0
2713,15661204,Wagner,618,France,Female,32,1,85992.33,2,1,1,109701.31,0
2714,15607313,Girard,594,France,Male,40,5,0.0,2,1,1,179354.38,0
2715,15572444,Campbell,582,Spain,Male,41,5,0.0,1,0,1,34729.84,0
2716,15752934,Thomas,769,France,Male,46,7,67253.07,2,1,0,187978.85,0
2717,15605205,White,600,Germany,Male,28,6,131634.12,1,1,1,52853.77,0
2718,15598602,Campbell,496,Spain,Female,39,0,168228.18,1,0,0,163910.28,0
2719,15679785,Campbell,707,France,Male,25,4,132882.47,1,1,0,57045.83,0
2720,15707698,Clark,557,Germany,Male,34,3,163477.46,2,1,0,81000.13,0
2721,15622200,Ruiz,561,Germany,Male,38,1,160856.43,2,1,0,140513.47,0
2722,15789273,Anderson,718,Spain,Male,36,10,145216.73,2,1,0,176426.6,0
2723,15776174,Carter,580,France,Male,60,5,131292.84,1,1,1,49172.66,1
2724,15583999,Sanchez,606,France,Female,38,10,85754.64,1,1,0,154430.66,0
2725,15799873,Lee,654,France,Male,44,10,76271.31,2,0,0,198686.21,0
2726,15680652,White,622,Germany,Male,40,10,113406.88,1,1,0,79880.12,1
2727,15577728,Garcia,608,Spain,Female,37,2,0.0,1,1,0,19558.04,1
2728,15783537,Carter,423,France,Female,43,9,0.0,2,1,0,114232.69,0
2729,15740351,Williams,633,France,Male,39,0,193352.79,2,1,0,47661.64,0
2730,15804300,Smith,807,Spain,Female,38,5,121344.85,2,1,0,18494.08,0
2731,15599814,Anderson,711,France,Female,35,9,0.0,2,1,0,120772.42,0
2732,15687500,Smith,614,France,Male,33,6,83417.1,2,1,0,70364.76,0
2733,15611626,Scott,696,Germany,Male,32,2,115993.15,1,1,0,60505.42,1
2734,15611622,Muller,711,France,Female,38,0,0.0,2,1,1,181989.71,0
2735,15736991,Bernard,568,France,Female,37,5,0.0,1,0,1,22055.83,0
2736,15691204,Muller,772,France,Female,55,8,0.0,1,1,0,89304.66,1
2737,15704388,Schmidt,666,France,Male,26,10,99812.57,2,0,1,142682.25,0
2738,15697003,Flores,620,Germany,Female,61,8,123719.95,1,0,0,124107.27,0
2739,15672484,Hill,804,Germany,Male,28,4,134461.2,1,0,0,128153.39,0
2740,15716790,Alvarez,449,Germany,Female,37,7,162210.74,1,1,1,160997.93,1
2741,15569197,Martinez,536,France,Female,41,8,0.0,2,0,0,67869.16,1
2742,15607421,Romero,712,Spain,Male,29,4,0.0,1,1,0,90421.25,0
2743,15643502,Wagner,715,France,Male,28,2,115513.26,1,1,0,65746.76,0
2744,15602884,Lopez,810,Spain,Female,36,2,133998.71,2,0,1,51241.76,0
2745,15647116,Sanchez,431,France,Female,44,8,0.0,1,1,0,73269.08,1
2746,15635070,Davis,733,Spain,Male,47,8,97909.25,1,0,1,67501.65,0
2747,15761686,Smith,529,France,Female,27,2,123756.79,1,0,1,84651.16,0
2748,15681381,Weber,691,France,Male,35,10,0.0,2,1,1,171303.51,0
2749,15750544,Robinson,644,France,Male,25,0,115819.52,1,1,0,69737.51,0
2750,15642978,Becker,732,France,Male,29,4,0.0,1,0,1,88878.65,0
2751,15722976,Johnson,627,France,Female,52,5,0.0,1,0,0,86214.17,1
2752,15644939,Anderson,748,Germany,Male,41,0,93161.45,2,1,1,56649.74,0
2753,15752966,Young,570,Spain,Female,30,7,106493.31,1,1,0,96267.95,0
2754,15679760,Clark,642,France,Male,50,9,118574.79,2,0,0,173361.71,0
2755,15709726,Roberts,669,Spain,Female,31,2,0.0,1,1,1,55078.23,0
2756,15670884,Alvarez,813,Spain,Female,37,7,0.0,2,0,1,97349.11,0
2757,15803988,Adams,731,Spain,Male,24,10,99715.02,1,1,1,96630.21,0
2758,15636594,Ruiz,670,Germany,Male,30,7,55604.98,1,1,0,138486.97,0
2759,15776195,Gonzalez,712,Germany,Male,40,4,89456.37,1,1,0,100104.56,0
2760,15731241,Fernandez,755,Germany,Male,39,10,137541.12,2,1,0,45312.02,0
2761,15751458,Moore,686,Germany,Female,33,4,73118.25,1,1,0,73718.49,1
2762,15589049,Allen,551,Spain,Female,36,7,0.0,1,1,1,34760.32,0
2763,15656817,Garcia,711,France,Male,45,8,0.0,2,0,1,17566.02,1
2764,15686117,Young,647,France,Female,35,6,140414.28,3,1,0,32750.65,1
2765,15665117,Johnson,616,France,Male,41,3,81103.77,2,1,1,19739.02,0
2766,15705800,Baker,574,Spain,Male,32,7,99368.66,3,1,0,18382.48,1
2767,15730236,King,706,France,Male,36,3,0.0,1,0,0,28326.31,0
2768,15640455,Lee,700,Germany,Male,24,5,124075.78,2,1,0,74873.96,0
2769,15717695,Navarro,557,Spain,Female,32,5,0.0,2,1,1,28583.03,0
2770,15639191,Smith,543,Spain,Male,38,3,87249.74,1,1,1,97462.13,0
2771,15784024,Diaz,833,France,Female,36,8,99853.92,1,0,0,51226.77,1
2772,15711148,Laurent,733,Spain,Male,32,2,149815.89,1,0,1,167507.39,0
2773,15800893,Lee,658,Spain,Female,29,1,0.0,2,0,1,23134.54,0
2774,15735222,Flores,709,France,Male,38,7,136936.93,2,0,1,143110.79,0
2775,15753636,Campbell,605,Spain,Male,36,9,140207.5,1,0,1,14618.41,1
2776,15646431,Laurent,633,France,Male,40,2,0.0,2,1,1,193783.33,1
2777,15662459,Johnson,652,Germany,Male,31,5,107752.55,2,1,1,142324.85,0
2778,15582160,Davis,744,Germany,Male,43,10,86686.94,1,1,0,172505.55,0
2779,15795141,Anderson,513,France,Male,28,4,0.0,1,0,1,18432.66,0
2780,15671195,Garcia,551,France,Female,26,4,0.0,2,1,1,121887.79,0
2781,15626834,Moreau,531,France,Male,52,7,0.0,1,1,0,1420.21,1
2782,15716223,Bernard,733,France,Female,28,6,0.0,1,1,1,74192.92,0
2783,15713645,Moore,640,Germany,Female,38,1,145741.98,2,1,1,196471.33,0
2784,15814669,Nelson,561,France,Male,34,0,122654.82,1,1,0,73216.05,0
2785,15716438,Schmidt,629,France,Female,52,4,99390.82,2,1,0,115080.69,0
2786,15628944,Vargas,589,Germany,Male,43,4,122305.02,1,1,1,103336.61,0
2787,15663355,Wright,511,Germany,Female,26,6,68316.64,2,0,1,62450.82,0
2788,15630165,Weber,772,Germany,Female,57,4,65551.55,1,1,0,11645.23,1
2789,15695713,Lopez,636,Spain,Female,48,1,170254.86,2,1,1,174124.68,1
2790,15724381,Ramirez,774,France,Male,33,8,0.0,1,1,1,133205.74,0
2791,15594299,Lopez,509,Spain,Female,28,4,0.0,1,1,1,195405.86,0
2792,15682703,Bernard,699,France,Male,39,0,0.0,1,1,0,123641.56,0
2793,15729615,Jones,510,Germany,Male,39,6,118404.92,1,0,0,21213.18,1
2794,15770993,Brown,850,Spain,Male,24,4,0.0,1,0,0,88627.34,0
2795,15630129,Jones,482,Spain,Male,38,5,0.0,1,1,0,52941.15,0
2796,15637259,Martinez,824,Germany,Female,47,9,54417.21,2,1,1,187290.36,1
2797,15596857,Brown,648,Germany,Female,37,2,100042.83,2,1,0,42457.88,0
2798,15753101,Garcia,632,France,Male,36,7,0.0,2,1,1,88941.02,0
2799,15662461,Martin,707,Germany,Female,35,1,122524.32,1,1,0,188985.55,1
2800,15672805,Green,559,Spain,Female,30,8,0.0,2,1,1,17301.98,0
2801,15759086,Adams,726,Spain,Female,49,4,0.0,1,1,1,148931.33,0
2802,15634983,Ruiz,733,France,Female,33,8,0.0,1,1,0,128324.61,1
2803,15747638,Hill,651,France,Male,39,0,81910.6,1,1,0,86392.45,0
2804,15690947,Alvarez,674,Germany,Male,27,7,147023.0,1,0,1,20223.1,0
2805,15571422,Bernard,837,France,Female,36,2,0.0,2,0,0,167479.94,0
2806,15655375,Alvarez,713,France,Male,42,4,185813.78,1,1,1,5473.32,1
2807,15758659,Wagner,574,France,Female,33,2,109909.15,1,0,1,156984.5,0
2808,15756801,Meyer,723,Germany,Female,33,4,129879.35,1,1,1,120893.35,0
2809,15701686,Vargas,598,France,Female,36,8,169137.1,1,0,0,38565.15,0
2810,15763026,Gonzalez,579,France,Male,41,0,0.0,2,1,0,112140.09,0
2811,15714112,Romero,700,France,Female,38,6,77461.29,1,0,1,138800.1,0
2812,15733997,Lopez,552,Spain,Female,64,2,0.0,1,0,0,77644.5,0
2813,15616477,Moreau,655,Germany,Male,52,4,67429.98,2,1,0,160126.0,0
2814,15776742,Fournier,715,France,Male,32,6,0.0,2,1,0,191262.57,0
2815,15788732,Green,835,France,Male,49,1,87736.45,3,1,1,148540.91,1
2816,15711457,Perez,712,Germany,Male,24,9,111968.16,1,1,0,436.01,1
2817,15743630,Wright,507,France,Female,34,7,0.0,2,1,0,68415.1,0
2818,15627367,Brown,523,Germany,Female,26,6,169849.62,1,1,1,182553.87,0
2819,15608987,Schneider,817,France,Male,43,10,65879.24,1,1,0,67613.98,0
2820,15634858,King,588,Spain,Male,33,4,65374.53,2,1,1,38023.08,0
2821,15807130,Young,503,France,Male,27,1,0.0,1,1,1,28813.2,0
2822,15789740,Smith,553,Germany,Male,45,9,112463.03,1,0,1,160292.65,1
2823,15703388,Thompson,727,France,Male,28,6,0.0,1,1,0,48723.99,0
2824,15714341,Wilson,661,Spain,Female,44,4,0.0,1,0,0,91535.09,0
2825,15793397,Fournier,713,Spain,Female,39,0,0.0,2,1,0,100606.3,0
2826,15700651,Adams,647,Germany,Female,35,2,108065.64,1,1,0,192503.69,0
2827,15799000,Romero,543,France,Female,47,6,155269.01,2,0,0,129512.4,0
2828,15584653,Young,477,France,Male,29,0,150189.04,2,1,0,191921.39,0
2829,15630803,Becker,569,Spain,Female,25,6,113888.4,1,0,1,41757.31,0
2830,15694808,Rodriguez,662,Germany,Male,28,9,155827.34,1,0,0,172160.8,0
2831,15725519,Schmidt,535,France,Male,64,4,145019.07,1,1,1,41178.66,0
2832,15652672,White,745,France,Male,30,6,121236.25,1,1,1,55250.34,0
2833,15795425,Wilson,553,France,Male,33,2,40189.87,3,0,1,195666.43,1
2834,15603459,Fernandez,490,Spain,Male,55,6,0.0,3,1,0,99006.23,0
2835,15575063,Torres,650,Germany,Male,33,2,105257.31,1,1,0,72200.01,0
2836,15652907,Thompson,724,Germany,Male,43,7,132148.19,1,1,1,130561.58,1
2837,15739092,Martinez,795,Germany,Female,58,5,77418.79,2,0,0,155860.02,1
2838,15766113,Young,494,France,Male,41,6,0.0,2,1,0,90672.18,0
2839,15566999,Romero,788,France,Male,36,3,0.0,2,1,0,167193.0,0
2840,15597651,Jackson,668,France,Female,46,3,0.0,2,1,0,128121.99,0
2841,15694648,Walker,590,Spain,Female,23,7,0.0,1,1,1,171808.6,0
2842,15642809,Perez,716,France,Male,33,6,140030.16,2,1,1,189754.91,0
2843,15636947,Thomas,781,France,Female,52,7,0.0,2,1,1,128229.8,0
2844,15800160,Green,487,France,Male,30,1,0.0,1,1,1,142419.34,0
2845,15607833,Flores,608,France,Male,22,2,113702.54,1,1,1,16100.63,0
2846,15731825,Hill,597,Germany,Male,38,3,145757.15,1,1,1,158880.53,0
2847,15746742,Sanchez,711,France,Male,43,4,144647.95,1,1,0,195100.8,0
2848,15585311,Harris,792,France,Female,34,5,76036.24,2,0,0,94485.23,0
2849,15682322,Flores,657,Spain,Male,43,5,0.0,2,1,0,81204.77,0
2850,15575118,Walker,622,France,Female,39,0,132868.39,1,1,1,139835.63,0
2851,15808343,Schmidt,693,France,Female,82,0,73292.78,1,0,1,42410.93,0
2852,15770696,Moore,627,France,Female,46,9,0.0,1,1,0,23511.93,0
2853,15709889,Taylor,440,Spain,Male,39,6,0.0,2,1,0,185588.79,0
2854,15787454,Laurent,700,France,Male,24,0,177139.11,2,1,0,13488.58,0
2855,15811674,Lee,746,Spain,Female,31,9,140318.26,1,1,0,139088.23,0
2856,15667434,Navarro,754,Spain,Female,28,4,121368.9,1,0,0,60298.05,0
2857,15685474,Lewis,538,Germany,Male,55,7,131906.11,1,1,1,2126.54,1
2858,15613232,Young,709,France,Male,28,4,122024.59,2,1,1,47759.31,0
2859,15753799,Miller,799,Germany,Female,34,2,71687.88,2,1,0,165813.06,0
2860,15813178,Nelson,850,France,Female,40,7,0.0,1,0,1,4082.93,0
2861,15664388,Nguyen,696,France,Female,32,3,0.0,2,1,1,42558.75,0
2862,15571811,Perez,745,Germany,Female,33,1,108956.82,2,1,0,147475.73,0
2863,15758556,Wilson,554,France,Male,39,2,122826.66,1,1,1,196607.26,0
2864,15668887,Jones,541,France,Male,30,9,0.0,1,0,0,132867.75,0
2865,15799984,Mitchell,746,France,Female,38,5,0.0,2,1,1,106796.59,0
2866,15803984,Vargas,453,France,Female,45,4,163048.82,2,1,1,77932.45,0
2867,15581971,Laurent,665,France,Male,31,8,102088.68,2,0,1,146391.96,0
2868,15583549,Robinson,789,Germany,Female,28,2,89889.65,2,1,1,42652.83,0
2869,15805536,Vargas,719,Spain,Male,59,1,0.0,1,1,1,16447.17,1
2870,15742051,Rivera,718,France,Male,59,1,0.0,1,1,0,140295.41,1
2871,15608601,Diaz,645,Germany,Female,36,1,117608.52,1,1,0,181462.51,0
2872,15727959,Muller,610,France,Male,38,10,0.0,1,1,1,174430.03,0
2873,15612598,Brown,850,France,Male,37,9,0.0,2,1,0,75403.91,0
2874,15789419,Ramirez,770,France,Female,33,4,0.0,2,1,1,187687.04,0
2875,15741673,Bernard,732,France,Male,36,5,0.0,1,1,1,16174.14,0
2876,15672983,Taylor,653,France,Male,24,4,172453.15,1,1,1,13036.73,0
2877,15580622,Roberts,593,France,Female,26,6,0.0,2,1,0,108882.38,0
2878,15813287,Navarro,755,France,Male,33,1,165617.08,2,1,0,138378.88,0
2879,15679763,Taylor,620,Germany,Female,31,7,111393.58,1,1,1,54837.57,0
2880,15622819,Walker,658,France,Male,27,5,0.0,2,1,1,117370.82,0
2881,15671550,Roberts,710,France,Male,36,10,95096.22,2,1,0,11294.03,0
2882,15775525,Johnson,670,France,Female,44,3,0.0,2,1,0,179769.6,0
2883,15593605,Davis,800,Germany,Male,30,8,132834.39,3,1,0,111876.7,1
2884,15699789,Alvarez,522,France,Female,22,1,146818.22,2,0,1,188861.14,0
2885,15596984,Rivera,657,Germany,Female,39,1,150268.48,2,0,0,116302.57,0
2886,15730250,Nguyen,850,France,Female,33,8,0.0,2,1,1,169531.09,0
2887,15763772,Thompson,737,France,Male,46,9,98317.63,2,0,1,190004.8,0
2888,15647829,Wagner,631,Spain,Male,26,9,0.0,1,1,1,93988.42,0
2889,15755862,Wilson,727,France,Female,28,0,129849.03,1,1,1,65987.26,0
2890,15578055,Sanchez,645,France,Male,33,3,116557.37,2,1,1,64561.7,0
2891,15602729,Alvarez,792,France,Female,29,5,105157.32,1,1,0,73997.2,0
2892,15772447,Wilson,730,Spain,Female,50,3,0.0,2,1,1,52887.87,0
2893,15767575,Clark,566,Germany,Male,26,3,124873.85,1,1,1,188204.62,0
2894,15568324,Nguyen,673,Germany,Male,33,4,125917.38,2,1,0,105530.65,0
2895,15776277,Becker,691,Spain,Female,63,0,0.0,1,1,0,121160.08,0
2896,15573303,Scott,695,France,Female,26,10,0.0,2,0,1,13762.52,0
2897,15649015,Moore,681,Spain,Male,36,3,75715.31,2,1,0,176484.87,0
2898,15644834,Wagner,705,France,Female,34,6,98485.74,1,1,0,16071.87,0
2899,15583307,Ruiz,691,Germany,Female,41,8,126182.54,1,1,0,103082.25,1
2900,15738244,Lee,580,France,Male,40,1,0.0,1,1,0,173145.86,1
2901,15734130,Martin,606,France,Male,39,2,94007.38,1,1,0,20970.59,0
2902,15773695,Mitchell,625,Spain,Female,47,6,90385.8,1,1,0,166254.59,0
2903,15601560,Bernard,659,France,Female,46,10,115496.32,1,0,1,143055.63,1
2904,15797779,Bernard,626,Spain,Female,31,4,0.0,2,1,1,108104.4,0
2905,15743109,Girard,757,France,Male,31,10,161512.9,1,1,1,66899.51,0
2906,15721726,Taylor,557,Germany,Female,43,0,86274.85,1,1,1,144852.78,0
2907,15566263,Ruiz,482,Spain,Female,38,8,0.0,1,0,1,188154.69,0
2908,15764225,Alvarez,841,France,Female,40,10,113822.92,2,1,0,32722.9,0
2909,15661995,Moore,571,Spain,Male,37,8,129958.62,1,1,0,1217.6,0
2910,15615572,Brown,757,Germany,Male,32,1,110333.19,1,1,1,883.91,0
2911,15654465,Wright,709,Germany,Male,42,0,150291.05,1,0,1,197638.27,1
2912,15747630,Lopez,574,France,Male,30,4,138844.56,1,0,0,111452.37,0
2913,15704034,Meyer,637,Germany,Male,64,6,157871.26,2,1,1,101347.77,0
2914,15798708,Muller,623,Germany,Female,62,7,122319.84,2,1,1,38034.02,0
2915,15813198,Roberts,685,France,Male,69,10,118203.02,2,0,0,61162.38,0
2916,15677189,Moore,576,France,Female,39,6,106655.18,2,1,0,121620.06,0
2917,15798063,King,633,France,Male,33,2,0.0,1,0,1,29755.51,0
2918,15774019,Rivera,646,Spain,Female,54,0,129885.04,1,1,0,100075.8,1
2919,15784422,Wilson,757,France,Male,37,10,131973.76,2,1,1,3320.58,0
2920,15761630,Lee,610,Germany,Female,46,6,135299.55,2,1,0,148667.19,0
2921,15668332,Rivera,555,Spain,Female,46,7,0.0,2,0,1,40065.28,1
2922,15788234,Wright,597,France,Female,30,7,83676.47,3,1,1,195755.74,1
2923,15609311,Dubois,686,France,Male,42,8,94182.1,2,1,1,192396.42,0
2924,15781150,Rivera,478,Germany,Male,45,9,125319.02,1,0,1,18517.24,1
2925,15806597,Navarro,766,France,Female,36,9,0.0,2,1,1,95538.18,0
2926,15762089,Martin,652,Germany,Male,26,2,71159.45,1,1,1,57147.6,0
2927,15806536,Weber,692,Germany,Female,54,3,167082.61,1,1,0,110272.33,1
2928,15756432,Nguyen,671,Germany,Male,63,0,55275.69,2,1,0,114399.99,0
2929,15673315,Lee,585,France,Male,37,1,173735.83,2,0,1,151601.13,0
2930,15720758,Ruiz,545,Germany,Female,34,10,87456.18,1,1,1,128091.0,1
2931,15701818,Diaz,582,Germany,Female,25,4,162465.81,2,1,1,34163.94,0
2932,15661742,Thomas,504,France,Female,38,7,0.0,2,1,1,105431.08,0
2933,15695125,Davis,684,Germany,Male,33,6,161071.75,1,1,1,187594.15,0
2934,15572656,Romero,634,Spain,Female,25,5,0.0,1,1,0,6541.2,0
2935,15634973,Young,501,Germany,Female,47,1,136275.09,1,1,0,8709.23,1
2936,15580844,Lewis,590,France,Male,43,7,149457.54,1,1,0,49342.13,0
2937,15706680,Robinson,713,France,Male,32,8,0.0,1,0,0,152802.43,0
2938,15614988,Smith,775,France,Male,59,1,0.0,2,0,1,199822.81,0
2939,15672623,Allen,525,France,Female,36,3,150272.58,1,1,0,36249.36,0
2940,15812593,Wright,850,France,Male,38,10,124767.48,1,1,0,58189.96,0
2941,15631497,Becker,557,Spain,Female,35,9,105489.72,2,0,0,172433.43,0
2942,15796098,Castillo,485,France,Male,49,7,79859.16,1,1,1,130351.53,0
2943,15762730,Campbell,820,Spain,Female,42,10,147232.6,2,0,1,62262.74,0
2944,15810628,Lee,549,France,Female,24,9,152167.27,1,1,1,139750.24,0
2945,15708940,Williams,798,France,Male,37,6,0.0,1,0,1,35871.83,0
2946,15610095,Smith,586,France,Male,46,6,142461.32,2,1,0,142224.35,0
2947,15681389,Anderson,622,France,Male,25,7,127071.39,2,1,0,21932.08,0
2948,15699337,Lewis,523,Spain,Male,45,8,106057.35,2,1,1,114565.88,0
2949,15584385,Flores,774,Spain,Male,43,10,153772.74,2,1,1,97778.92,0
2950,15648845,Lewis,761,Spain,Female,29,3,0.0,1,1,0,87366.32,0
2951,15667655,Wilson,586,France,Male,34,3,123200.41,1,0,1,109311.95,0
2952,15751891,King,643,Spain,Male,27,1,136167.75,2,1,1,197695.56,0
2953,15570966,Clark,714,France,Male,32,0,161255.55,2,1,1,106930.85,0
2954,15678515,Becker,604,Spain,Male,34,3,0.0,1,1,1,30600.44,0
2955,15632984,Meyer,782,Germany,Female,44,2,145941.8,1,1,0,38201.0,1
2956,15602676,Mitchell,640,France,Male,46,9,106325.78,2,1,0,48124.55,0
2957,15587440,Alvarez,600,France,Male,39,5,134903.91,2,1,1,146206.88,0
2958,15741727,Miller,496,France,Male,34,7,0.0,2,1,0,36968.12,0
2959,15661816,Perez,525,France,Female,45,2,0.0,1,1,0,41443.84,1
2960,15803060,Rivera,707,Spain,Female,38,5,0.0,1,0,1,195595.88,0
2961,15698670,Clark,673,Spain,Male,40,8,0.0,2,1,0,151400.5,1
2962,15635249,Castillo,729,Spain,Female,47,2,114007.47,1,1,1,76045.54,1
2963,15712013,Castillo,595,France,Female,44,4,170864.27,2,1,1,116900.25,0
2964,15731687,Baker,491,Germany,Female,40,6,119659.21,2,0,0,93279.96,0
2965,15754741,Allen,602,France,Male,42,2,0.0,2,0,0,123415.5,0
2966,15699741,Adams,848,Germany,Female,31,6,94858.87,1,0,0,190746.12,0
2967,15650361,Wilson,556,France,Female,31,6,105975.21,2,0,1,157131.35,0
2968,15612508,Dubois,646,France,Male,63,5,132177.47,2,1,1,104628.6,0
2969,15639490,Adams,416,Germany,Male,30,1,50076.85,1,1,0,29320.74,0
2970,15651375,Clark,600,France,Male,47,8,0.0,1,1,1,12623.01,0
2971,15627598,Adams,610,France,Male,34,9,0.0,1,1,1,97412.47,0
2972,15739199,Girard,682,Germany,Male,44,2,119914.23,1,1,1,13216.77,1
2973,15647570,Fournier,619,France,Female,23,1,0.0,1,1,0,195993.72,0
2974,15642232,Sanchez,503,Spain,Female,27,5,0.0,1,1,1,101066.8,0
2975,15593573,Girard,586,Germany,Male,48,1,112674.17,2,0,0,32388.44,1
2976,15637866,Rivera,630,Spain,Male,25,3,0.0,2,1,1,46738.43,0
2977,15761913,Bernard,553,Germany,Female,32,7,110740.85,2,1,1,45495.32,0
2978,15774572,Jones,567,Germany,Male,55,2,114949.89,2,1,0,102556.74,0
2979,15629975,Smith,748,Germany,Male,46,4,103010.73,1,1,1,88021.99,1
2980,15767840,Adams,589,Spain,Female,33,3,153503.53,2,1,0,125498.72,0
2981,15779016,Brown,693,Germany,Male,30,7,161642.63,1,1,1,80324.37,0
2982,15784955,Wright,633,France,Male,58,8,0.0,1,0,1,135043.59,1
2983,15806134,Anderson,531,France,Female,31,9,0.0,2,0,0,75257.83,0
2984,15808717,Alvarez,618,Germany,Female,40,1,90554.41,2,1,1,61382.12,0
2985,15718783,Robinson,678,France,Male,53,8,0.0,1,1,0,8119.85,1
2986,15808420,Wright,818,France,Female,42,3,182343.86,2,1,1,159089.29,0
2987,15617380,Thompson,575,France,Female,53,9,113330.6,1,1,0,100449.69,1
2988,15803391,Robinson,642,Germany,Male,33,5,131548.58,2,0,1,39655.26,0
2989,15591939,Nguyen,738,France,Female,28,10,74883.35,1,0,1,91631.11,0
2990,15643508,Sanchez,772,Germany,Male,44,4,135989.63,1,1,1,65890.84,1
2991,15694569,Adams,587,Spain,Male,51,3,99521.17,1,0,0,43131.49,1
2992,15807241,Romero,635,Spain,Male,42,9,111837.09,1,1,0,132951.13,0
2993,15668015,Vargas,758,France,Male,29,3,0.0,2,1,1,92871.23,0
2994,15630268,Muller,700,Germany,Male,73,8,118222.78,2,1,1,86160.99,0
2995,15604819,White,750,Germany,Female,27,0,146731.0,2,1,1,93608.67,0
2996,15636892,Carter,764,France,Male,39,7,0.0,2,1,0,130420.37,0
2997,15702811,Laurent,704,Germany,Female,53,9,108018.46,1,1,1,159669.0,1
2998,15716779,Lopez,664,France,Male,38,3,142907.58,2,0,0,92518.96,0
2999,15616774,Wilson,585,Spain,Female,44,10,148689.4,1,1,0,108497.73,1
3000,15622635,Castillo,626,France,Male,25,0,96769.22,1,0,1,129092.18,0
3001,15668416,Laurent,633,Spain,Male,44,1,0.0,2,1,0,35020.79,0
3002,15580393,Anderson,766,Germany,Female,29,3,109862.0,2,1,0,154232.72,0
3003,15646738,Nelson,667,France,Female,39,3,80103.44,1,1,1,6625.53,0
3004,15706030,Dubois,668,Germany,Male,27,6,98919.37,2,1,1,47478.33,0
3005,15626939,Young,554,France,Male,45,9,126408.37,2,1,0,196982.75,0
3006,15676909,Romero,767,Spain,Female,42,1,74645.49,1,1,1,124895.81,0
3007,15777717,Ruiz,576,Germany,Female,39,8,58062.18,2,1,1,84393.11,1
3008,15599171,Anderson,622,France,Male,49,9,0.0,1,1,1,147252.42,0
3009,15748052,Roberts,777,France,Female,43,6,130362.66,1,1,0,78064.49,1
3010,15614633,Moreau,736,Germany,Male,27,10,111622.94,2,1,0,72284.44,0
3011,15747131,Walker,568,France,Male,48,1,122515.49,3,1,0,150071.92,1
3012,15788037,Young,545,Spain,Female,44,8,139435.98,2,1,1,93525.11,0
3013,15719271,Nguyen,630,Spain,Female,30,4,0.0,1,1,1,94201.41,0
3014,15719322,Ramirez,594,Germany,Male,37,4,39105.06,1,1,0,22308.66,0
3015,15735434,Davis,508,France,Male,33,6,144056.49,1,1,0,165027.58,0
3016,15650752,Jackson,577,Germany,Male,66,8,130866.45,1,1,1,69220.92,0
3017,15732151,Diaz,383,Spain,Female,28,5,0.0,1,1,0,112981.66,0
3018,15662625,Hall,738,France,Male,33,2,94609.63,2,0,0,81973.22,0
3019,15692994,Romero,732,France,Male,36,2,125311.4,2,1,0,121673.92,0
3020,15695134,Jones,787,France,Male,38,10,151386.76,2,1,1,105398.87,0
3021,15810231,Anderson,684,France,Female,33,4,125713.71,2,0,0,191703.91,0
3022,15738835,Flores,607,Germany,Male,38,4,103956.05,1,0,1,191542.66,0
3023,15753685,Wright,749,France,Female,42,6,126177.34,2,0,0,34119.4,0
3024,15666995,Vargas,582,Germany,Male,31,7,159770.36,3,1,0,178629.09,1
3025,15626162,Robinson,521,France,Male,33,0,0.0,1,1,0,87684.33,0
3026,15638784,Roberts,636,France,Male,61,0,0.0,1,1,1,93646.84,0
3027,15738955,Scott,690,France,Male,21,6,171063.12,2,1,1,147691.27,0
3028,15620132,Young,571,Spain,Male,48,6,110361.17,2,1,0,101347.84,0
3029,15682880,Scott,548,Germany,Male,48,5,98652.11,3,1,1,143958.05,1
3030,15605692,Jackson,610,France,Male,26,3,100827.73,1,1,1,83828.01,0
3031,15591283,Taylor,690,Spain,Male,64,8,134461.24,2,1,0,144780.3,1
3032,15727638,Muller,636,France,Male,36,1,0.0,2,0,1,98232.75,0
3033,15690082,Miller,850,France,Male,50,7,0.0,2,1,1,22391.05,0
3034,15757134,Campbell,637,France,Male,39,4,0.0,1,1,0,119734.91,0
3035,15637754,Harris,723,Spain,Male,25,4,125854.2,2,1,1,135036.12,0
3036,15667235,Smith,509,Germany,Female,34,1,122332.22,1,1,0,49447.2,0
3037,15731240,Ramirez,707,Germany,Female,49,7,88591.82,1,1,0,133243.75,1
3038,15653619,Carter,605,France,Female,49,2,107101.58,2,1,0,199054.06,0
3039,15671232,Mitchell,649,France,Male,39,5,132786.7,1,1,1,96623.5,0
3040,15806050,Schneider,814,Germany,Female,28,9,122530.33,1,0,1,62468.11,0
3041,15669835,Moore,614,France,Female,50,8,128980.11,1,1,0,34032.63,0
3042,15622817,Girard,523,Spain,Male,31,0,0.0,2,1,0,39460.31,0
3043,15705665,Laurent,538,Spain,Male,39,10,127342.61,1,1,1,45363.59,0
3044,15566925,Torres,667,France,Female,43,6,134331.81,2,1,1,72223.77,0
3045,15762890,Johnson,662,Germany,Female,44,9,91570.3,2,1,1,5116.01,0
3046,15693772,Adams,657,Spain,Female,43,0,0.0,2,1,0,95442.09,0
3047,15774521,Robinson,525,France,Female,30,10,139813.74,1,0,1,177218.07,0
3048,15757892,Young,847,Germany,Female,33,7,105363.48,2,1,1,93268.6,0
3049,15792579,Muller,792,Spain,Female,30,9,66991.3,2,0,0,101867.51,0
3050,15610051,Robinson,663,France,Male,45,10,0.0,2,1,1,114314.73,0
3051,15659405,Jackson,502,Spain,Male,44,9,150668.99,2,1,1,194975.34,0
3052,15596412,Lewis,804,France,Female,31,4,87854.48,2,1,1,58208.62,0
3053,15660957,Girard,760,Germany,Male,48,9,67996.92,1,0,0,191862.48,1
3054,15629046,Mitchell,660,Spain,Male,47,10,162609.93,1,1,1,152580.24,0
3055,15718000,Clark,766,Germany,Male,52,9,158786.88,1,1,0,88662.49,1
3056,15726102,Moore,602,France,Male,43,7,0.0,1,0,1,168448.92,1
3057,15667498,Moreau,557,Germany,Male,44,10,94950.38,2,0,1,191097.22,0
3058,15682216,Rivera,665,France,Female,34,6,111032.1,1,1,1,187955.58,0
3059,15763765,Lopez,499,France,Male,36,4,0.0,1,1,0,90274.95,0
3060,15650939,Rodriguez,542,France,Female,51,1,0.0,1,1,0,181878.34,0
3061,15590971,Baker,703,Germany,Male,32,5,115977.03,2,1,1,140796.01,0
3062,15656235,Bernard,673,France,Female,30,10,199438.65,1,1,1,15606.99,0
3063,15602904,Carter,516,France,Female,44,1,0.0,2,1,1,7342.39,0
3064,15710744,Hill,610,Spain,Female,24,9,123864.79,2,1,1,79877.32,0
3065,15712092,Alvarez,520,France,Male,31,7,0.0,1,0,1,128962.02,0
3066,15597075,Schneider,603,France,Male,53,1,0.0,1,1,1,178835.09,1
3067,15688472,Williams,592,France,Female,57,2,131614.16,1,1,0,7488.69,1
3068,15696775,Castillo,746,France,Female,49,0,86352.17,1,0,0,54051.92,1
3069,15615525,Smith,635,Germany,Male,38,8,84048.91,1,1,0,149512.1,0
3070,15791289,Fournier,626,France,Female,30,3,0.0,1,1,0,72671.23,0
3071,15710194,Alvarez,612,France,Female,27,2,110406.04,1,1,1,120597.41,0
3072,15777890,Jones,483,Spain,Male,34,1,124998.93,1,0,0,79685.02,0
3073,15624677,Moore,640,Spain,Female,27,5,0.0,2,1,1,41476.86,0
3074,15582707,Alvarez,697,Germany,Male,60,3,119261.09,2,1,0,12101.12,0
3075,15681102,Garcia,672,Spain,Male,63,9,77297.22,2,1,0,107501.79,0
3076,15644930,Nelson,717,Spain,Female,34,10,156299.66,2,1,1,37105.33,0
3077,15648076,Martin,722,France,Male,35,2,0.0,2,1,1,13885.74,0
3078,15657152,Robinson,850,Germany,Female,47,9,129212.97,2,1,1,61906.14,0
3079,15805591,Ramirez,541,Germany,Female,26,0,89370.76,1,0,0,185209.04,0
3080,15631305,Fischer,673,France,Female,35,4,131983.54,1,0,1,112025.54,0
3081,15625852,Wilson,684,France,Male,37,6,166765.84,2,1,0,48000.97,0
3082,15703341,Rodriguez,619,France,Male,27,3,0.0,1,1,0,123831.23,0
3083,15657976,Becker,589,Germany,Male,30,7,93377.21,2,1,1,154102.79,0
3084,15609350,White,698,Spain,Female,32,6,0.0,1,1,1,169996.08,0
3085,15785097,Green,689,Spain,Male,50,10,0.0,2,1,0,198085.03,1
3086,15645469,Lopez,548,France,Female,56,10,0.0,2,1,1,123486.75,0
3087,15810577,Romero,476,France,Male,42,8,0.0,1,0,1,86497.33,0
3088,15805795,Wilson,602,France,Male,37,8,0.0,1,1,0,135880.19,1
3089,15693637,Lee,585,Germany,Female,53,3,158819.76,1,0,0,22025.83,1
3090,15641203,Mitchell,708,Spain,Female,48,9,83489.88,2,1,1,147500.97,0
3091,15572884,Scott,560,Spain,Male,70,3,182279.97,2,1,1,55748.38,0
3092,15789414,Romero,633,Spain,Female,25,8,101437.66,2,1,0,133249.86,0
3093,15583551,Ramirez,484,Spain,Male,38,5,0.0,1,1,1,93191.93,0
3094,15721921,Becker,500,Spain,Female,32,5,0.0,2,1,0,50618.92,0
3095,15637086,Anderson,575,France,Male,26,8,124786.99,2,1,1,153937.68,0
3096,15755310,Allen,626,France,Male,38,1,58456.78,1,0,1,175477.63,0
3097,15796287,Schmidt,570,France,Male,68,9,0.0,2,1,1,114136.85,0
3098,15662511,Torres,664,France,Male,28,9,155122.6,2,0,0,167693.44,0
3099,15604323,Lopez,485,France,Female,80,5,197765.12,2,1,0,167955.51,0
3100,15813966,Johnson,629,France,Male,48,7,0.0,1,0,1,48537.18,0
3101,15652987,Hill,630,Spain,Male,54,2,0.0,1,0,1,121983.37,1
3102,15762333,Clark,510,France,Male,54,8,83771.08,1,0,0,198630.98,0
3103,15640669,Adams,672,Spain,Male,42,1,0.0,1,1,1,22958.88,0
3104,15729045,Lewis,440,Spain,Female,34,8,82040.29,2,1,0,129321.62,0
3105,15768920,Jones,584,Germany,Male,27,7,150052.28,1,1,0,73355.41,1
3106,15704344,White,726,Germany,Female,29,2,137199.0,1,0,1,77586.94,0
3107,15580871,Green,434,France,Female,44,8,0.0,1,1,0,12122.85,1
3108,15694355,Wright,715,Germany,Male,34,3,143294.99,1,1,1,56181.64,0
3109,15666790,Roberts,537,France,Female,29,5,138782.02,1,1,0,170986.82,0
3110,15708023,Laurent,593,Spain,Male,40,9,86025.95,1,1,0,11887.06,1
3111,15602629,Navarro,786,France,Male,42,0,0.0,2,1,0,61348.11,0
3112,15706664,King,589,France,Male,47,4,100995.53,1,1,1,197308.37,0
3113,15725789,Lewis,807,Germany,Male,31,6,97244.79,1,1,0,29106.22,0
3114,15689967,Flores,620,Germany,Male,37,1,135292.42,1,1,1,152447.79,1
3115,15792633,Campbell,642,France,Male,31,5,0.0,1,1,0,198879.54,0
3116,15662816,Williams,732,Germany,Female,28,7,117767.56,1,0,0,177931.78,0
3117,15618371,Martin,703,France,Male,51,9,0.0,2,1,0,171042.98,0
3118,15765881,Allen,665,Germany,Female,50,3,110230.97,1,0,1,199404.91,1
3119,15634211,Rodriguez,605,France,Male,25,9,69281.73,2,1,0,54463.78,0
3120,15610319,Becker,500,France,Female,38,7,79603.96,2,1,1,192123.2,0
3121,15715855,White,504,France,Male,53,5,72706.32,3,1,1,108189.59,1
3122,15605037,Rivera,777,France,Male,47,6,0.0,2,1,1,21285.98,0
3123,15717961,Wilson,815,France,Male,30,10,177920.58,2,1,1,173091.79,0
3124,15689671,Sanchez,663,France,Female,55,7,0.0,1,0,1,26174.2,1
3125,15665660,Robinson,478,France,Female,53,4,147438.93,1,0,1,35425.33,1
3126,15569133,Campbell,575,France,Male,41,10,169270.73,2,0,1,134.21,0
3127,15657400,Moreau,570,Germany,Female,35,7,140584.41,2,1,0,75575.19,0
3128,15617828,King,596,France,Female,30,3,0.0,2,1,1,83300.41,0
3129,15751281,Diaz,564,Germany,Female,38,6,123255.79,1,1,0,51825.71,0
3130,15679143,Schneider,700,Spain,Male,58,10,93635.63,1,0,0,164036.59,1
3131,15711993,Wagner,674,France,Female,30,7,0.0,2,0,1,176229.38,0
3132,15611009,Ruiz,803,Spain,Female,60,8,0.0,2,1,1,58915.63,0
3133,15623037,Vargas,612,France,Male,46,7,67917.68,1,1,0,103944.23,0
3134,15780768,Rivera,669,France,Male,38,9,109583.95,1,0,0,188368.63,0
3135,15716214,Wilson,722,Germany,Male,53,0,110319.12,2,1,1,36113.95,0
3136,15570151,Fournier,749,Spain,Female,37,8,0.0,2,1,1,43761.69,0
3137,15786548,Castillo,530,Spain,Male,36,9,0.0,1,1,0,75272.47,0
3138,15717199,Hill,689,France,Male,50,0,0.0,2,0,0,48363.81,0
3139,15620622,Johnson,664,Spain,Male,21,8,0.0,1,1,0,7365.94,0
3140,15567634,Vargas,679,France,Female,38,5,0.0,1,1,1,179701.42,0
3141,15769125,Hall,656,France,Female,37,4,0.0,1,0,1,10544.76,0
3142,15636942,Torres,816,France,Male,32,1,0.0,1,0,1,73019.99,0
3143,15720063,Hoffmann,564,Spain,Male,36,3,124328.49,1,1,0,19071.68,0
3144,15767338,Thomas,558,France,Female,62,7,102378.66,1,0,0,69593.98,0
3145,15590041,Lewis,570,Spain,Male,22,5,0.0,2,1,0,21658.27,0
3146,15711543,Muller,622,Germany,Male,30,0,121286.73,1,0,0,22253.26,0
3147,15766771,White,678,Germany,Female,31,3,146631.9,2,0,0,128205.43,0
3148,15809932,Navarro,606,Germany,Male,37,0,165497.66,1,1,1,88597.48,0
3149,15788411,Moreau,748,Spain,Male,35,3,133774.16,3,1,1,54582.08,1
3150,15705071,Sanchez,650,France,Male,40,9,0.0,2,1,1,190953.49,0
3151,15615923,Navarro,641,France,Female,24,8,114889.56,2,1,1,194077.65,0
3152,15776614,Clark,521,Germany,Female,40,10,105103.43,1,1,1,122540.14,1
3153,15604572,Thompson,827,France,Male,62,1,119627.45,1,1,1,40805.84,0
3154,15602959,Hoffmann,645,France,Female,38,6,130161.35,1,0,1,186130.37,0
3155,15729428,Hoffmann,809,France,Female,35,3,108609.57,2,0,1,73241.05,0
3156,15749415,Navarro,590,France,Female,37,5,0.0,2,1,1,96848.41,0
3157,15579046,Campbell,731,France,Male,34,10,0.0,2,1,1,147523.35,0
3158,15718885,Allen,595,France,Male,46,9,0.0,2,1,0,148338.8,0
3159,15657902,King,826,Spain,Female,41,7,0.0,1,1,0,91861.37,0
3160,15596714,Campbell,759,France,Male,41,10,0.0,1,1,0,107724.31,0
3161,15814662,Campbell,732,Spain,Male,53,5,125597.21,1,1,0,194557.5,1
3162,15750788,Martinez,580,Spain,Male,47,0,97482.15,1,0,1,99079.32,0
3163,15634372,Wilson,835,France,Female,22,10,104966.82,2,1,1,141247.92,0
3164,15592873,Wright,848,Germany,Male,34,1,74863.97,2,0,0,42469.39,0
3165,15682411,Hill,613,Germany,Male,27,2,96704.21,2,1,1,123849.74,0
3166,15618436,Nelson,666,Germany,Female,31,9,63902.86,1,0,1,35627.59,0
3167,15811046,Gonzalez,740,France,Male,32,9,0.0,1,1,0,73241.24,0
3168,15719867,Johnson,459,France,Male,31,1,133695.65,1,0,1,89716.01,0
3169,15727268,Davis,761,France,Male,47,9,0.0,2,1,0,134221.87,0
3170,15581814,Dubois,749,Germany,Male,45,7,52019.9,1,1,0,16301.72,1
3171,15686156,Thompson,595,Spain,Female,34,1,0.0,1,1,0,20066.58,0
3172,15687599,Carter,437,Germany,Male,44,6,126286.18,2,1,1,10423.48,0
3173,15623272,Taylor,682,Germany,Female,43,2,93765.89,1,0,1,76262.38,1
3174,15749717,Walker,540,Spain,Male,39,5,92419.8,2,1,1,40305.67,0
3175,15814124,Hall,496,Germany,Male,36,2,146884.38,2,1,0,153887.43,0
3176,15614244,Vargas,686,France,Male,25,1,0.0,2,0,1,165029.88,0
3177,15784477,Ramirez,778,Spain,Male,49,7,0.0,2,1,1,48939.75,0
3178,15746381,Jackson,629,France,Male,37,8,0.0,2,0,1,123011.4,0
3179,15630430,Davis,765,France,Male,40,2,136298.23,2,1,0,97914.5,0
3180,15703111,Allen,714,Germany,Female,40,6,88435.44,1,0,0,40116.01,1
3181,15797633,Hall,517,Spain,Male,33,5,0.0,1,1,0,127240.07,0
3182,15648638,Walker,596,France,Female,32,10,119053.01,2,1,0,147416.01,1
3183,15687603,Johnson,755,France,Male,36,6,0.0,1,1,0,167499.56,0
3184,15573890,Young,595,France,Male,47,5,121006.34,1,1,1,60411.6,0
3185,15742374,Walker,729,France,Female,37,0,122370.55,1,1,1,30873.99,0
3186,15615495,Lewis,610,France,Male,24,10,84977.27,2,1,1,186346.52,0
3187,15578466,Wagner,720,Germany,Male,41,7,60775.92,2,1,1,186182.19,0
3188,15722535,Fernandez,692,Spain,Male,33,2,0.0,1,1,0,57201.53,0
3189,15579158,Young,626,France,Male,31,0,0.0,1,1,1,11274.81,0
3190,15697207,Rivera,717,France,Female,46,2,105198.89,1,0,0,141738.44,0
3191,15730832,Adams,440,France,Male,46,5,0.0,4,1,0,73013.95,1
3192,15802552,Thomas,545,France,Female,39,10,0.0,1,1,1,151723.83,0
3193,15631102,Miller,605,Germany,Male,35,6,107368.71,1,1,1,14342.04,0
3194,15729203,Nelson,764,Germany,Male,33,1,141090.97,1,1,0,91811.62,0
3195,15700566,Wilson,510,Germany,Male,27,2,142380.92,1,0,0,66482.16,1
3196,15789291,Romero,647,France,Male,22,2,0.0,2,1,0,128530.09,0
3197,15673572,Torres,681,Germany,Female,34,0,113149.52,1,1,1,141887.18,0
3198,15786958,White,674,France,Female,34,1,0.0,2,1,0,189740.2,0
3199,15607822,Flores,640,France,Male,57,1,0.0,1,1,1,69557.82,0
3200,15768298,Thomas,590,Spain,Male,30,7,0.0,2,1,1,25843.3,0
3201,15748871,Weber,626,Spain,Female,53,7,0.0,1,1,1,192223.95,0
3202,15596904,Garcia,745,Spain,Male,33,8,0.0,1,1,1,114037.01,0
3203,15813511,Young,583,Spain,Male,39,2,0.0,2,0,0,186677.16,0
3204,15800424,Robinson,441,Germany,Male,41,9,43578.74,2,1,0,166109.93,1
3205,15716872,Nelson,695,Spain,Male,43,4,140225.81,1,1,1,98166.33,0
3206,15793300,Bernard,795,France,Male,32,1,0.0,2,1,0,17721.7,0
3207,15774017,Allen,548,France,Male,35,1,0.0,2,1,1,59857.53,0
3208,15622014,Fernandez,782,France,Female,38,3,0.0,2,1,1,139838.16,0
3209,15591353,Green,701,France,Male,32,0,126626.03,2,0,1,146825.33,0
3210,15612968,White,538,France,Female,52,3,0.0,2,1,1,50309.96,0
3211,15698181,Navarro,582,France,Female,72,7,0.0,2,1,1,128131.57,0
3212,15642627,Taylor,577,Germany,Male,41,10,93827.21,2,1,0,20578.04,0
3213,15745882,Adams,666,Spain,Male,41,0,0.0,2,1,0,42710.54,0
3214,15583429,Fernandez,632,Germany,Male,51,6,149852.46,1,1,0,24517.12,1
3215,15620458,Green,757,France,Female,47,2,133898.26,2,1,1,40675.84,0
3216,15603273,Mitchell,732,Germany,Male,38,3,91265.71,1,1,1,33108.9,0
3217,15737442,Johnson,500,France,Female,61,7,0.0,2,1,0,143898.69,0
3218,15756543,Martin,512,France,Female,32,3,106968.89,2,1,0,183096.82,0
3219,15679688,Lee,710,France,Female,46,4,0.0,2,1,0,193275.06,0
3220,15733454,Martin,600,France,Male,35,3,161546.88,1,1,0,78243.82,0
3221,15645466,Fischer,633,France,Female,42,3,95002.84,1,1,1,171895.78,0
3222,15590085,King,703,Spain,Female,34,7,0.0,1,1,0,18298.65,0
3223,15745004,Castillo,733,Spain,Female,60,3,113230.22,2,1,0,113811.56,0
3224,15785647,Hall,530,Germany,Male,51,6,158703.24,1,1,0,121063.45,1
3225,15599718,Garcia,435,France,Female,42,8,153025.11,3,1,0,82028.28,1
3226,15688181,Torres,639,Spain,Male,47,6,0.0,3,1,1,4514.99,1
3227,15748136,Campbell,567,Germany,Female,30,8,132606.02,2,1,1,66057.55,0
3228,15723939,Young,656,France,Female,26,5,154898.72,1,1,0,1011.41,0
3229,15725982,Flores,641,Germany,Male,32,5,113611.53,1,1,0,161664.93,0
3230,15662005,Anderson,555,France,Female,59,0,0.0,2,1,0,199773.97,0
3231,15661225,Ramirez,850,France,Male,34,7,0.0,1,0,1,41597.04,0
3232,15636214,Miller,652,France,Female,48,7,161849.61,2,1,1,154306.48,0
3233,15702439,Carter,594,Germany,Female,35,5,134693.84,2,1,1,178290.82,0
3234,15722919,Young,660,France,Female,36,7,0.0,2,1,1,57692.31,0
3235,15741698,Rivera,701,France,Female,34,7,118930.35,4,1,0,129675.15,1
3236,15784291,Green,589,France,Male,33,1,0.0,2,1,1,49833.09,0
3237,15678857,Clark,850,Spain,Male,47,2,0.0,1,0,1,13249.31,0
3238,15744173,Gonzalez,502,France,Female,33,7,151627.92,3,1,1,115456.4,1
3239,15654568,Moreau,509,France,Male,33,1,0.0,1,0,1,58161.71,0
3240,15753162,Nelson,495,France,Male,38,9,0.0,2,1,0,172496.84,0
3241,15674476,Romero,650,Spain,Male,35,3,0.0,2,0,1,191605.29,0
3242,15763150,Lewis,696,Germany,Male,31,6,156953.79,1,1,0,35469.97,0
3243,15790566,Sanchez,618,Spain,Female,46,5,144049.92,1,1,1,30012.68,1
3244,15758473,Martin,696,France,Male,40,7,0.0,2,0,0,40059.33,0
3245,15761302,Taylor,694,France,Male,33,3,0.0,1,1,1,93069.02,0
3246,15686297,Miller,615,Germany,Female,31,7,60239.52,2,1,0,63627.06,0
3247,15645361,Wagner,691,France,Female,51,1,139605.14,1,0,0,128144.98,1
3248,15658845,Alvarez,631,Spain,Male,28,3,86825.36,1,1,0,92956.91,0
3249,15723761,Mitchell,610,Spain,Female,22,0,0.0,2,1,0,4394.77,0
3250,15774384,Moore,602,France,Male,44,1,0.0,1,1,1,149832.23,0
3251,15708687,Muller,673,Spain,Female,24,0,134344.17,2,1,1,70618.82,0
3252,15811623,Wagner,768,Germany,Male,39,5,123657.23,2,1,1,132753.36,0
3253,15811130,Alvarez,533,France,Male,39,0,112621.33,2,1,1,168015.03,0
3254,15813719,Taylor,603,France,Male,27,2,156722.96,2,1,1,21754.81,0
3255,15583266,Muller,666,France,Female,27,5,86588.41,2,0,1,119145.41,0
3256,15743281,Jones,820,Spain,Male,39,7,102376.26,2,0,1,186419.56,0
3257,15704846,Nelson,692,France,Male,27,0,0.0,2,1,1,26978.84,0
3258,15647935,Scott,571,France,Female,54,7,119253.87,1,1,0,121234.4,0
3259,15591771,Lee,560,Germany,Male,33,5,130989.56,2,0,0,43315.67,0
3260,15751727,Fournier,746,France,Female,57,0,101080.98,1,1,0,85405.23,0
3261,15779274,Fernandez,620,France,Male,53,1,0.0,1,1,1,146133.1,0
3262,15803539,Robinson,531,Germany,Male,36,10,103201.32,1,1,0,168317.4,0
3263,15679641,Hoffmann,748,France,Male,40,4,70877.38,1,1,1,185098.43,1
3264,15678351,Carter,680,France,Male,50,10,148891.15,2,0,1,160726.9,0
3265,15794036,Martinez,534,France,Male,29,5,92113.82,1,1,1,173781.26,0
3266,15607732,Hill,520,France,Male,34,1,0.0,1,1,1,18150.23,0
3267,15661908,Young,440,France,Female,57,8,89382.71,1,0,1,140166.06,1
3268,15567786,Weber,590,Spain,Male,48,5,0.0,2,1,0,139336.37,0
3269,15760088,Harris,680,Spain,Male,35,4,96690.26,1,1,0,17281.05,0
3270,15702536,King,743,France,Female,40,2,0.0,2,1,0,67243.66,0
3271,15611472,Wagner,691,Spain,Male,32,4,152465.72,2,1,1,70632.37,0
3272,15813424,Martinez,523,Germany,Female,34,10,122659.46,2,1,0,129415.16,0
3273,15664545,Hall,622,Germany,Female,44,2,91375.69,1,1,1,108654.21,1
3274,15776079,Lopez,789,Germany,Male,35,6,148068.09,2,1,0,187434.0,0
3275,15725195,Williams,600,Germany,Female,46,0,128729.0,1,1,1,28507.83,1
3276,15792178,Miller,725,Spain,Female,27,7,0.0,2,1,1,118570.14,0
3277,15672381,Davis,713,France,Male,43,9,126581.33,2,0,1,26470.78,0
3278,15712688,Harris,724,Germany,Female,30,10,125816.26,2,1,0,171829.28,0
3279,15632987,Schmidt,692,France,Male,36,8,96641.02,2,1,0,76275.38,0
3280,15658032,Wagner,723,France,Female,31,7,0.0,1,1,0,55944.33,0
3281,15661778,Harris,506,Germany,Male,43,6,155611.76,2,1,1,56776.38,0
3282,15583876,Rodriguez,797,France,Male,28,9,141243.76,1,1,1,23742.95,0
3283,15673490,Mitchell,475,France,Female,46,0,0.0,1,1,1,41741.4,0
3284,15593979,Martin,680,France,Male,38,2,135389.43,2,1,0,76853.68,0
3285,15790612,Navarro,645,France,Female,35,0,146371.66,2,1,1,6880.27,0
3286,15659631,Schneider,589,Germany,Female,32,2,107245.53,2,0,1,101229.29,0
3287,15814531,Miller,555,Germany,Female,34,2,109887.77,2,1,1,36978.35,0
3288,15700913,Meyer,703,France,Female,53,4,172072.13,2,1,1,110091.12,1
3289,15595097,Williams,728,France,Female,32,7,0.0,2,1,0,27280.1,0
3290,15745608,Moore,640,France,Female,53,9,0.0,2,1,1,51443.54,0
3291,15704878,Moreau,622,France,Female,58,6,0.0,1,1,1,158298.68,0
3292,15593078,Scott,774,Germany,Male,35,0,127887.99,1,1,1,198858.89,1
3293,15657332,Baker,609,Germany,Female,26,1,68400.07,1,1,1,69642.68,0
3294,15715674,Roberts,646,France,Male,49,4,116988.2,1,1,1,94546.4,0
3295,15763190,White,630,France,Male,49,6,122265.87,2,0,1,88216.49,0
3296,15638528,Ruiz,850,Spain,Male,53,9,0.0,2,1,0,71668.44,0
3297,15615401,Smith,569,Spain,Male,37,4,0.0,2,0,1,51669.75,0
3298,15743659,Diaz,731,France,Male,41,1,105464.28,1,1,1,128565.17,0
3299,15779774,Martin,485,France,Male,34,1,0.0,2,1,1,47069.99,0
3300,15746263,Dubois,557,France,Female,33,6,131954.41,2,1,1,89849.12,0
3301,15670571,Gonzalez,620,Spain,Female,40,10,132947.65,1,1,1,79115.84,0
3302,15715902,Thomas,637,France,Female,50,0,0.0,1,1,1,149362.1,1
3303,15755757,Martin,623,France,Female,47,0,147890.34,2,0,1,163444.13,0
3304,15738475,Adams,640,Spain,Female,38,0,89766.1,1,1,0,4408.09,0
3305,15636011,Nelson,583,Germany,Female,51,6,131808.61,2,1,1,113265.43,0
3306,15611607,Carter,775,France,Male,28,3,0.0,3,1,1,22913.45,1
3307,15777313,Fernandez,553,France,Female,75,9,0.0,1,1,0,17984.03,0
3308,15781674,Rodriguez,722,France,Male,28,8,0.0,1,0,0,67851.49,0
3309,15700957,White,716,Germany,Male,37,5,109377.39,2,1,0,14190.48,0
3310,15773569,Diaz,558,France,Male,40,0,0.0,1,1,1,185879.58,0
3311,15656173,Nguyen,614,Spain,Female,41,6,0.0,2,0,0,138601.1,0
3312,15576546,Fischer,650,Spain,Female,50,4,151363.46,1,1,1,129099.49,1
3313,15706073,Wagner,813,Germany,Male,30,9,153718.94,1,1,0,33721.03,0
3314,15706725,Smith,614,Germany,Female,41,8,142432.19,2,1,0,170144.42,1
3315,15728027,King,850,France,Male,45,10,118927.63,2,0,1,52156.3,0
3316,15606454,Nguyen,724,France,Male,52,4,22501.6,1,1,1,52725.0,1
3317,15701510,Smith,683,Germany,Male,35,3,140521.27,1,0,1,177996.46,0
3318,15708790,Alvarez,736,France,Male,39,5,0.0,1,1,1,125036.46,0
3319,15758648,Roberts,483,France,Female,38,9,97754.67,1,1,1,133573.41,0
3320,15651605,Fournier,764,France,Male,45,5,118846.67,1,1,0,194532.22,1
3321,15693628,Torres,522,France,Male,45,3,173331.69,1,1,1,79879.4,1
3322,15576645,Taylor,734,France,Male,35,9,135922.36,2,1,0,54834.57,0
3323,15705377,Diaz,593,Germany,Female,37,4,134151.39,2,1,0,53212.83,0
3324,15604327,Hall,572,Spain,Female,38,9,0.0,2,1,0,39796.14,0
3325,15791116,Bernard,822,Germany,Female,29,7,128507.23,2,1,0,167333.96,0
3326,15615833,Roberts,640,Spain,Female,42,0,125978.99,2,1,1,57639.19,1
3327,15753282,Weber,501,France,Female,41,5,0.0,2,0,1,23261.73,0
3328,15688866,Allen,745,Spain,Male,29,7,85570.71,2,1,1,154995.46,0
3329,15689231,Lopez,532,Germany,Male,43,10,192413.74,2,1,0,192623.82,0
3330,15663412,Martinez,782,France,Male,79,5,120517.96,1,0,1,153311.05,1
3331,15755930,Hoffmann,648,Spain,Male,31,0,89915.82,2,1,1,66483.06,0
3332,15621036,Jones,526,France,Male,29,3,0.0,2,1,1,34537.01,0
3333,15668384,Adams,730,France,Male,45,10,0.0,1,1,1,157401.56,0
3334,15626963,Moreau,701,France,Male,35,5,112378.9,1,1,1,132622.22,0
3335,15685568,Fernandez,444,France,Male,50,4,110345.71,1,1,1,39414.3,0
3336,15703677,Rivera,644,France,Male,37,9,149530.91,2,1,1,189498.58,0
3337,15704726,Becker,679,Germany,Male,33,4,81693.48,2,1,1,118428.25,0
3338,15663163,Fischer,673,Spain,Female,37,8,0.0,1,1,1,118336.25,0
3339,15686172,Davis,632,France,Female,45,0,0.0,1,0,0,79247.16,1
3340,15744061,Laurent,722,Germany,Male,44,6,130875.03,1,1,0,41049.52,1
3341,15785200,Fischer,705,France,Male,27,0,0.0,2,0,0,116765.71,0
3342,15575821,Allen,653,Spain,Male,45,1,0.0,1,1,1,84087.55,0
3343,15729463,Thomas,627,France,Male,39,5,132533.51,2,1,0,32730.6,0
3344,15715862,Fischer,664,France,Male,39,6,98576.58,1,1,1,3884.98,0
3345,15800267,Wagner,591,Germany,Male,42,1,151110.13,1,0,1,176915.98,0
3346,15644691,Laurent,551,Germany,Female,29,5,177645.36,1,1,0,186360.4,0
3347,15695618,Scott,541,Spain,Female,27,4,0.0,1,1,1,20135.8,0
3348,15663144,Diaz,640,Germany,Female,27,4,102639.81,4,1,1,58697.92,1
3349,15814987,Lee,567,Spain,Female,49,8,0.0,1,1,0,145109.49,0
3350,15785545,Vargas,635,France,Female,49,10,151099.79,2,0,0,129248.6,0
3351,15643546,Campbell,779,France,Female,23,0,115528.83,2,1,1,79546.03,0
3352,15648477,Baker,630,France,Female,37,10,147765.39,2,1,1,64606.73,0
3353,15624101,Rodriguez,663,France,Female,33,0,134173.73,3,1,0,197509.18,1
3354,15617794,Wagner,628,France,Female,30,10,0.0,1,1,0,22160.79,0
3355,15809117,Young,777,France,Female,52,6,151550.4,2,0,0,164370.74,1
3356,15706779,Girard,811,France,Female,55,8,116276.04,2,0,0,77023.84,0
3357,15642386,Walker,604,Germany,Male,40,2,145089.71,2,0,0,2570.16,0
3358,15661051,Wilson,721,France,Male,33,6,0.0,2,0,1,159721.14,0
3359,15667894,Hall,850,Germany,Male,34,6,146236.22,2,1,1,195072.56,0
3360,15596540,Clark,537,Germany,Male,29,3,97725.0,1,1,0,165978.15,1
3361,15760415,Dubois,745,France,Male,34,5,133391.16,2,1,1,124382.72,0
3362,15680471,Harris,481,France,Male,31,10,132732.85,2,0,1,149013.19,0
3363,15752080,Wright,653,Germany,Male,54,1,148466.9,1,0,1,55916.12,1
3364,15746799,Wagner,636,Germany,Female,25,5,116641.77,1,1,0,55599.52,0
3365,15621417,Clark,484,France,Male,47,3,0.0,1,1,1,171798.77,0
3366,15647803,Perez,756,France,Male,30,2,0.0,2,1,1,118097.73,0
3367,15648290,Davis,664,Germany,Male,45,5,76536.01,1,0,1,89434.14,1
3368,15610025,Hill,560,Germany,Male,36,1,107390.38,1,0,0,126237.69,0
3369,15703213,Meyer,682,France,Female,47,1,72828.67,2,0,1,76346.44,0
3370,15809654,Wilson,738,France,Female,28,9,122326.97,1,0,0,180157.48,0
3371,15687119,Sanchez,478,Spain,Male,32,3,0.0,2,0,0,58385.88,0
3372,15568367,Weber,350,France,Male,35,3,0.0,2,0,1,32068.31,0
3373,15710730,Laurent,646,Spain,Male,38,7,69125.32,2,1,1,36102.57,0
3374,15618786,Baker,575,France,Female,38,8,127513.98,1,0,0,184859.97,0
3375,15699989,Walker,780,Germany,Female,29,9,195272.69,1,1,0,61601.43,0
3376,15685945,Ruiz,614,France,Female,27,6,0.0,1,1,1,195443.54,0
3377,15792309,Fischer,680,France,Male,35,2,0.0,1,1,1,8123.72,0
3378,15707411,Lewis,632,Spain,Female,37,3,0.0,2,1,1,9875.06,0
3379,15648924,Lopez,500,France,Female,35,7,0.0,1,1,1,164082.33,0
3380,15620255,Rodriguez,653,Spain,Female,25,9,131092.35,4,1,0,80868.02,1
3381,15782776,Hall,521,France,Male,38,10,0.0,2,1,0,140768.94,0
3382,15594288,Moreau,517,Spain,Male,43,9,0.0,1,1,1,118545.35,1
3383,15769585,Nguyen,544,Spain,Male,40,6,76059.67,2,1,1,137429.78,0
3384,15709604,Muller,535,Germany,Male,36,1,157888.24,1,0,0,105071.79,0
3385,15568051,Smith,630,France,Female,39,4,0.0,1,1,1,140660.08,0
3386,15776711,Schneider,612,Germany,Male,31,1,52090.83,1,0,1,113974.04,0
3387,15700212,Girard,678,Germany,Male,52,4,77130.95,1,1,1,80644.01,1
3388,15585010,Sanchez,497,Spain,Female,33,6,107469.14,2,0,0,139581.85,0
3389,15719220,Jackson,626,France,Male,43,7,0.0,1,0,0,24316.47,0
3390,15762284,Diaz,603,France,Female,57,2,83819.32,1,1,0,53586.64,1
3391,15593865,Adams,670,France,Female,36,7,0.0,2,1,1,37519.67,0
3392,15795082,Muller,674,Germany,Female,48,3,159827.15,1,1,0,168043.17,1
3393,15700018,Bernard,665,Spain,Female,33,7,0.0,1,1,0,124459.45,0
3394,15725140,Adams,554,France,Male,48,10,126894.35,1,1,1,308.54,0
3395,15760092,Green,652,Germany,Male,54,3,169721.12,2,0,0,165027.26,1
3396,15677092,Campbell,600,Spain,Female,31,1,171449.65,2,0,0,55079.98,0
3397,15567501,Schmidt,777,France,Male,47,10,91500.39,1,1,1,2195.11,0
3398,15717568,Martinez,661,France,Male,58,5,0.0,1,1,1,16090.71,0
3399,15722227,Thompson,658,Germany,Female,41,2,100577.08,2,0,1,110822.9,1
3400,15653639,Roberts,526,Germany,Male,51,3,127724.87,1,1,0,36468.67,1
3401,15606729,Roberts,593,France,Male,54,5,0.0,1,1,0,125806.08,0
3402,15697850,Hill,675,Spain,Male,49,3,0.0,2,1,0,171104.94,0
3403,15771606,Sanchez,642,Germany,Male,31,9,117561.31,1,1,1,81803.86,1
3404,15670690,Hill,641,Spain,Female,42,4,115941.6,1,1,0,174231.42,1
3405,15638081,Diaz,480,Spain,Male,44,5,164125.63,2,0,1,42773.82,0
3406,15610901,Robinson,571,Spain,Male,25,2,0.0,1,0,0,128201.46,0
3407,15695145,Muller,623,Germany,Male,36,7,88068.98,1,1,0,178485.36,0
3408,15672686,Hall,767,France,Female,39,8,145066.48,2,0,1,109998.6,0
3409,15721585,King,467,Germany,Male,43,6,111110.75,1,1,1,156002.08,1
3410,15708875,Gonzalez,549,France,Male,30,8,0.0,2,1,1,121007.33,0
3411,15660098,Carter,466,Germany,Female,36,3,81142.02,1,1,0,32044.24,1
3412,15722932,Walker,682,France,Male,40,5,58282.44,2,1,1,183827.35,0
3413,15599757,Roberts,765,Germany,Female,34,8,110837.57,2,0,0,40960.76,0
3414,15639526,Flores,685,France,Male,25,9,0.0,1,1,1,157008.84,0
3415,15792900,Fournier,706,France,Male,53,3,114074.15,1,0,0,18661.56,1
3416,15596843,Hall,550,France,Male,65,1,99540.67,2,0,0,97869.62,0
3417,15720169,Gonzalez,686,Germany,Female,41,8,121437.37,3,0,1,116472.09,1
3418,15583626,Wright,575,Spain,Male,41,5,127487.3,2,0,0,135042.64,0
3419,15734302,Taylor,656,France,Male,37,0,0.0,2,0,0,140368.77,0
3420,15568101,Ruiz,699,Spain,Male,27,9,0.0,3,0,1,11014.64,0
3421,15684956,Hoffmann,622,Spain,Male,26,5,160068.32,1,1,1,64580.37,0
3422,15723546,Lopez,730,France,Female,22,6,123011.88,1,1,1,133616.92,0
3423,15774868,Walker,634,Germany,Female,51,3,82149.55,2,0,0,74945.47,1
3424,15719480,Adams,677,France,Male,62,10,150497.56,2,1,0,89315.13,0
3425,15633071,Thomas,833,France,Male,42,4,0.0,1,1,0,19627.36,0
3426,15604676,Harris,698,Germany,Male,34,6,143874.43,1,0,0,120099.47,0
3427,15735086,Perez,577,France,Female,36,5,145173.22,1,0,1,65537.03,0
3428,15669031,Hoffmann,603,Spain,Male,44,10,111716.35,2,1,1,22703.41,0
3429,15706813,Bernard,735,Spain,Male,50,6,0.0,2,1,1,100932.23,0
3430,15652947,Wilson,751,Spain,Female,37,1,0.0,2,1,0,80412.21,0
3431,15677093,Davis,646,Germany,Female,35,9,80109.94,2,0,1,126023.61,0
3432,15592726,Williams,502,Germany,Male,29,0,105946.75,1,0,1,45788.85,0
3433,15770976,Walker,558,Spain,Male,33,5,0.0,2,0,0,30374.86,0
3434,15635403,Anderson,668,France,Female,43,3,114080.02,1,1,0,68481.77,1
3435,15711190,Campbell,706,France,Female,41,5,0.0,1,1,0,183824.51,0
3436,15732404,Girard,747,Germany,Male,40,9,144615.94,2,1,0,42794.11,0
3437,15597836,Thompson,453,France,Male,30,1,0.0,2,1,0,59167.78,0
3438,15652777,Rodriguez,735,France,Male,35,0,0.0,2,0,1,156875.97,0
3439,15761683,Nelson,788,France,Male,47,9,0.0,2,1,0,151962.45,0
3440,15758984,Ramirez,418,Germany,Male,56,2,123686.56,1,1,0,78994.73,1
3441,15772463,Wright,649,France,Female,46,4,0.0,1,1,1,162323.81,0
3442,15657079,Rodriguez,724,France,Male,50,10,88812.38,1,1,0,149521.22,1
3443,15748016,Muller,513,France,Male,25,7,0.0,1,1,0,56939.26,0
3444,15686076,Garcia,602,France,Female,53,7,136725.63,2,0,1,124122.27,0
3445,15666910,Mitchell,704,Spain,Male,42,0,0.0,2,1,1,52265.32,0
3446,15575564,Becker,599,France,Male,40,4,0.0,1,1,1,104239.81,0
3447,15779748,Flores,615,Germany,Female,41,5,136732.37,2,0,0,88691.15,0
3448,15813534,Martinez,671,Spain,Male,60,0,101208.14,2,0,0,95322.45,1
3449,15801102,Weber,537,France,Female,34,7,81465.69,1,0,1,190837.35,1
3450,15620164,Garcia,547,Spain,Male,41,8,111277.1,2,1,0,158489.77,0
3451,15587828,Allen,695,Germany,Male,36,4,100713.82,2,0,0,123701.46,0
3452,15595093,Diaz,742,Germany,Female,30,10,128099.95,2,1,1,10327.59,0
3453,15712769,Mitchell,689,France,Male,26,10,0.0,1,1,1,25556.15,0
3454,15607052,Carter,782,France,Male,30,8,135211.41,2,1,1,127952.38,0
3455,15674934,Jackson,691,Spain,Male,32,3,127197.36,1,1,1,183700.88,0
3456,15746003,Hoffmann,829,Spain,Female,37,1,0.0,2,0,0,9729.16,0
3457,15766427,Alvarez,656,Spain,Male,50,7,0.0,1,1,0,197948.88,1
3458,15576957,Lewis,675,Spain,Female,30,5,150843.43,1,1,0,94159.99,1
3459,15793256,Moore,689,France,Female,31,7,0.0,1,1,1,76239.56,0
3460,15627956,Bernard,589,Spain,Male,59,4,0.0,2,1,0,136416.35,0
3461,15700912,Allen,575,France,Male,34,1,0.0,1,1,1,197895.12,0
3462,15630712,Schneider,563,Spain,Male,32,9,157608.46,1,0,1,40816.76,0
3463,15707718,Hill,596,France,Female,33,10,74549.08,2,0,1,192560.94,0
3464,15726025,Brown,850,France,Male,39,8,170564.79,2,0,0,24820.67,0
3465,15629217,Romero,827,Germany,Female,37,0,143723.63,2,1,1,162087.6,0
3466,15628202,Alvarez,618,Spain,Male,32,8,151302.09,2,0,1,140703.74,0
3467,15570981,Harris,609,Germany,Male,34,10,95415.4,2,1,1,97516.75,0
3468,15795360,Williams,442,France,Female,47,4,75647.02,3,1,1,109387.31,1
3469,15626157,Hall,554,France,Male,40,5,0.0,1,1,1,195367.98,1
3470,15573087,Laurent,571,Spain,Male,54,0,0.0,1,1,1,153109.51,1
3471,15619893,White,607,France,Female,35,6,0.0,1,1,0,197913.45,0
3472,15574229,Ruiz,595,France,Female,47,8,0.0,2,1,1,22719.54,0
3473,15768683,Miller,671,Germany,Male,48,2,67020.79,2,1,0,79378.89,0
3474,15641096,Meyer,725,France,Male,31,6,120018.72,1,0,0,49744.85,0
3475,15763884,Mitchell,579,Germany,Male,42,2,147804.94,2,0,0,65235.75,0
3476,15777875,Ramirez,789,France,Female,38,1,0.0,1,0,0,193395.18,0
3477,15604535,Schneider,684,Spain,Male,25,0,0.0,2,0,0,110788.71,0
3478,15811412,Campbell,736,Spain,Female,27,8,160966.35,1,1,1,166760.74,0
3479,15590123,Weber,607,Spain,Female,39,2,165181.96,2,1,0,1865.37,0
3480,15801078,Lopez,703,Germany,Female,25,1,91892.16,2,0,1,104437.43,0
3481,15572371,Brown,694,France,Male,24,10,125784.02,1,1,1,191270.01,0
3482,15591723,Wright,792,Germany,Male,38,8,123835.28,2,0,1,68331.13,0
3483,15674284,Nguyen,713,Spain,Male,23,2,110613.04,1,1,0,98802.92,0
3484,15596941,Harris,733,Germany,Male,29,7,134036.29,2,1,1,59969.6,0
3485,15630086,Anderson,599,Germany,Male,38,5,164728.06,1,1,1,142267.88,1
3486,15704364,Perez,766,Germany,Female,36,0,59397.23,1,0,1,1784.76,0
3487,15634630,Fournier,526,Germany,Male,36,2,127030.88,1,0,1,114102.78,0
3488,15651329,Dubois,594,Germany,Male,44,8,124476.19,2,1,0,22325.75,1
3489,15667068,Rodriguez,677,France,Male,49,7,0.0,2,1,0,90573.92,0
3490,15756155,Flores,538,France,Female,51,4,0.0,1,0,1,100854.7,0
3491,15685958,Becker,560,Germany,Male,61,10,111987.67,2,1,1,81561.99,0
3492,15745143,Fernandez,561,France,Female,23,5,98152.02,1,1,0,10143.76,1
3493,15731190,Meyer,687,Spain,Female,31,0,0.0,2,1,1,111567.7,0
3494,15671788,Girard,635,Germany,Male,29,10,82006.59,3,0,1,50138.26,0
3495,15620399,Young,743,France,Female,62,0,0.0,2,0,1,88210.08,0
3496,15802763,Robinson,832,Spain,Male,38,10,94693.04,2,0,1,18149.39,0
3497,15570011,Hill,676,Germany,Male,37,0,170930.91,1,1,0,32623.97,0
3498,15632062,Wilson,600,Spain,Male,33,4,0.0,2,1,0,123144.83,0
3499,15786705,Hoffmann,686,France,Male,33,0,0.0,2,1,1,198714.04,0
3500,15760931,Young,563,Spain,Female,33,7,127613.39,2,1,0,196211.64,0
3501,15759632,Lee,644,France,Female,34,3,0.0,2,1,0,22977.08,0
3502,15616270,Thomas,850,Germany,Male,33,5,128536.49,2,1,1,115972.7,0
3503,15581191,Garcia,630,France,Female,57,2,79824.47,2,1,1,180751.08,0
3504,15779176,Rodriguez,679,Germany,Male,69,9,74043.11,2,1,1,79825.66,1
3505,15682906,Carter,634,Germany,Male,68,5,141405.44,2,1,0,160829.26,0
3506,15582141,White,610,Germany,Female,25,3,101141.75,2,0,0,28475.27,0
3507,15595985,Diaz,697,France,Male,32,0,0.0,1,1,0,197166.11,0
3508,15601184,Alvarez,527,Spain,Female,22,5,53788.3,2,1,0,128611.15,0
3509,15777224,Mitchell,634,Germany,Male,24,7,137337.47,2,1,1,123509.08,0
3510,15803025,Davis,518,France,Female,69,1,0.0,2,1,1,116205.04,0
3511,15696880,Young,800,Spain,Male,41,5,142023.6,1,0,0,180521.33,0
3512,15786884,Thompson,746,Germany,Male,47,10,107363.86,1,1,0,61774.77,1
3513,15814998,Nelson,575,Spain,Female,36,9,0.0,2,1,0,42782.61,0
3514,15612316,Clark,470,Spain,Male,37,9,0.0,2,1,1,106856.11,0
3515,15588479,Flores,698,Spain,Male,53,9,122926.45,2,0,0,196928.49,0
3516,15605004,Lopez,646,Spain,Female,38,3,159343.76,1,1,0,196576.39,0
3517,15767752,Scott,850,Germany,Male,38,1,121730.46,1,1,0,18338.52,1
3518,15726781,Dubois,786,France,Male,46,6,0.0,2,0,1,9591.59,0
3519,15723110,Laurent,712,Germany,Male,44,7,91333.4,3,0,1,161645.76,1
3520,15696529,Jones,599,Spain,Female,38,4,134650.26,1,0,1,128593.94,0
3521,15646171,Rivera,625,Germany,Female,33,2,153698.84,1,1,0,125022.43,1
3522,15617071,Romero,679,Spain,Female,33,1,0.0,2,0,0,139862.04,0
3523,15799478,Williams,684,France,Male,51,5,0.0,1,1,0,6271.68,0
3524,15784366,Anderson,581,France,Male,39,0,0.0,1,1,1,82081.14,0
3525,15633003,Allen,518,Germany,Male,31,7,103158.39,3,1,1,95891.72,1
3526,15681922,Lopez,837,France,Male,48,9,0.0,2,1,0,131782.54,0
3527,15761958,Nelson,653,France,Female,37,9,79598.23,1,1,1,116063.25,0
3528,15581769,Weber,691,France,Male,25,3,95819.39,2,1,0,151105.81,0
3529,15701949,Robinson,567,Spain,Female,31,1,122339.96,2,0,1,108548.04,0
3530,15719824,Davis,783,France,Female,37,5,89286.54,3,1,1,126475.62,1
3531,15602537,Muller,751,France,Female,26,8,0.0,1,1,1,1025.14,0
3532,15798097,Roberts,656,France,Male,41,9,0.0,2,1,0,127377.62,0
3533,15774559,Carter,670,France,Male,43,1,0.0,1,0,0,102308.31,1
3534,15814949,Adams,678,France,Female,50,0,0.0,1,1,0,82651.89,1
3535,15585081,Gonzalez,660,Germany,Female,40,1,176839.02,2,0,0,139358.38,1
3536,15573746,White,704,Spain,Male,32,6,0.0,1,1,0,430.56,0
3537,15680278,Clark,687,France,Female,25,1,134171.68,1,1,0,153820.09,0
3538,15584805,Becker,633,Germany,Female,25,10,123967.2,2,1,1,177338.89,0
3539,15740847,Williams,537,France,Male,36,3,0.0,1,1,1,22610.8,0
3540,15721623,Dubois,648,France,Female,36,8,107485.36,3,1,0,70914.49,1
3541,15678727,Robinson,723,Spain,Male,25,3,129798.17,2,1,1,173718.81,0
3542,15589276,Smith,715,Germany,Female,40,2,60871.57,1,1,1,12439.49,1
3543,15664076,Sanchez,777,Spain,Male,33,0,59871.37,2,0,0,45452.44,0
3544,15805394,Torres,788,France,Male,29,2,0.0,4,0,0,161139.88,1
3545,15719565,Walker,718,France,Male,27,8,0.0,2,1,0,71431.62,0
3546,15677023,Ruiz,668,France,Female,57,8,0.0,2,1,0,67799.87,0
3547,15639706,Schmidt,683,France,Female,24,7,89955.11,1,1,1,79691.05,0
3548,15568831,Wright,594,Spain,Male,62,0,0.0,2,0,0,193401.74,0
3549,15725794,Vargas,728,France,Male,29,3,0.0,1,1,1,11578.61,0
3550,15791205,Fischer,778,Spain,Male,64,6,0.0,2,1,0,73438.01,1
3551,15624245,Nelson,751,Spain,Male,25,10,0.0,1,1,1,72358.97,0
3552,15636413,Nguyen,704,Germany,Female,42,2,105157.14,2,1,0,195816.13,0
3553,15619270,Gonzalez,627,France,Male,53,2,117382.44,2,1,1,57579.05,0
3554,15606991,Taylor,615,Germany,Female,54,9,103965.74,1,0,1,188802.8,1
3555,15611678,Fernandez,635,France,Female,41,5,147301.84,2,1,0,80674.05,0
3556,15775485,Mitchell,579,Spain,Male,40,4,79092.66,1,0,1,91314.87,1
3557,15711105,Clark,677,France,Male,26,4,0.0,1,1,0,135370.16,0
3558,15676226,Miller,379,Spain,Female,48,4,165273.19,2,0,1,96043.26,0
3559,15661406,Wright,598,Germany,Female,52,5,133408.69,1,1,1,43380.7,1
3560,15673696,Vargas,657,Germany,Female,38,8,101237.46,1,1,1,167890.63,0
3561,15608247,Rivera,850,Germany,Male,39,7,129239.24,1,1,1,56434.19,0
3562,15566883,Robinson,650,Germany,Male,82,0,99530.98,1,1,0,171436.5,0
3563,15655377,Nelson,654,Spain,Female,27,1,0.0,2,1,0,193615.09,0
3564,15667462,Wilson,569,France,Male,42,6,0.0,2,1,1,106760.52,0
3565,15726201,Davis,817,Spain,Female,48,9,124130.51,1,1,0,34892.34,1
3566,15616985,Mitchell,571,Spain,Female,25,10,161509.43,2,0,0,32524.25,0
3567,15629799,Garcia,847,Spain,Male,25,9,0.0,2,1,1,170353.02,0
3568,15688175,Schneider,578,France,Male,31,7,0.0,2,1,0,56734.08,0
3569,15703545,Miller,741,Spain,Male,31,2,0.0,2,1,1,98823.92,0
3570,15785283,Romero,645,France,Female,30,0,110819.22,1,1,1,156810.86,0
3571,15600532,Campbell,595,Spain,Male,32,8,0.0,4,1,0,11120.81,1
3572,15620181,Hill,748,France,Male,32,9,0.0,1,1,1,86668.26,0
3573,15786959,Martinez,779,France,Female,38,4,140124.84,2,1,1,134133.93,0
3574,15591854,Garcia,632,France,Female,29,1,86616.31,1,1,1,114956.25,0
3575,15683271,Smith,648,France,Male,35,8,119725.47,2,1,1,81332.45,0
3576,15589312,Taylor,610,France,Female,37,4,0.0,1,0,0,70565.02,0
3577,15604390,Lee,672,Spain,Male,33,7,125537.06,2,1,0,15913.03,0
3578,15596847,Lee,544,France,Female,42,1,0.0,1,0,1,121069.04,0
3579,15745996,Moore,389,Germany,Female,56,3,117116.97,2,1,0,11625.56,1
3580,15813516,Perez,469,France,Male,26,7,82602.87,2,1,0,104270.98,0
3581,15716055,Castillo,629,Spain,Male,29,9,0.0,1,1,0,26773.77,0
3582,15590623,Miller,546,Spain,Male,46,2,154141.35,1,0,0,7999.55,0
3583,15814209,Carter,639,France,Female,40,8,0.0,2,1,0,97437.86,0
3584,15770492,Davis,600,Germany,Female,47,2,160010.88,2,1,0,61201.48,1
3585,15804468,Moreau,581,Spain,Male,45,8,0.0,2,1,1,97683.02,0
3586,15682910,Taylor,587,Spain,Female,31,4,0.0,2,1,0,32760.14,0
3587,15787241,Gonzalez,744,France,Male,57,7,0.0,2,1,0,193296.77,0
3588,15658045,Miller,673,France,Female,58,3,118464.89,1,0,0,2807.45,1
3589,15582766,Weber,802,Spain,Female,29,0,140935.11,2,1,1,27146.98,0
3590,15651418,Fernandez,660,France,Male,55,8,147200.18,2,0,1,142228.58,0
3591,15683176,Fischer,465,Spain,Male,57,0,0.0,2,0,0,186029.69,0
3592,15764806,Fischer,549,France,Female,64,5,72521.71,2,1,1,9163.88,0
3593,15756156,Smith,661,Spain,Female,45,0,92628.76,1,0,0,4476.29,1
3594,15608526,Roberts,673,France,Male,34,6,101768.95,2,1,0,111684.51,0
3595,15756450,White,593,France,Female,31,1,0.0,2,1,1,88161.16,0
3596,15716203,Campbell,573,Spain,Male,34,1,131681.68,1,1,0,40909.29,0
3597,15742645,Navarro,591,Spain,Male,27,10,0.0,2,0,0,26469.44,0
3598,15763653,Sanchez,636,Spain,Female,42,10,0.0,2,1,1,170619.7,0
3599,15810975,Davis,645,Spain,Male,36,4,0.0,3,1,0,24802.27,1
3600,15795804,Lee,544,France,Female,26,3,0.0,2,0,0,139068.31,0
3601,15697631,Vargas,674,France,Female,31,7,0.0,1,1,1,165398.06,0
3602,15601185,Lewis,673,France,Male,53,4,0.0,3,1,0,4476.49,1
3603,15669548,Clark,639,Germany,Male,42,1,81820.11,1,1,1,148907.29,0
3604,15604639,White,583,France,Male,30,2,0.0,2,0,0,136652.89,0
3605,15653768,Ramirez,715,Spain,Male,63,6,0.0,2,1,1,108608.41,0
3606,15570562,Miller,778,France,Female,41,10,103246.09,1,0,0,15886.95,0
3607,15672253,Fernandez,607,France,Male,28,7,0.0,1,0,1,181567.65,0
3608,15738888,Fischer,589,France,Female,34,6,0.0,2,1,0,181687.83,0
3609,15587235,Young,695,France,Male,26,8,110688.98,2,0,0,68294.85,0
3610,15739274,Moore,536,France,Male,57,0,135641.66,2,1,0,67255.34,0
3611,15798878,Girard,526,Germany,Female,48,6,110336.6,3,1,0,109444.38,1
3612,15759660,Young,587,France,Male,31,2,0.0,1,1,0,175103.03,0
3613,15693088,Anderson,680,Germany,Female,24,4,139580.39,1,1,1,186439.22,0
3614,15733791,King,565,Spain,Female,47,5,0.0,1,1,0,49873.4,0
3615,15679192,Becker,648,Germany,Female,40,8,141143.31,3,1,1,111270.41,1
3616,15624957,Rodriguez,455,Germany,Male,54,2,107943.79,1,1,0,72891.91,1
3617,15687462,Johnson,710,France,Male,22,10,0.0,2,1,0,43627.59,0
3618,15574783,Green,790,France,Female,46,6,0.0,2,1,0,588.61,0
3619,15702213,Hoffmann,562,France,Male,37,3,105252.24,2,1,0,58699.72,0
3620,15663463,Gonzalez,693,Spain,Female,73,3,112582.39,1,1,1,65619.81,1
3621,15617788,Moore,630,Germany,Female,27,1,59017.93,1,1,0,130913.28,1
3622,15781917,Scott,660,France,Female,49,3,83282.54,2,0,1,128780.21,0
3623,15700976,Green,626,France,Female,46,1,153165.46,1,1,0,195693.17,1
3624,15783210,Wagner,621,Spain,Female,26,8,0.0,1,0,1,132612.43,0
3625,15794130,Laurent,569,Germany,Male,34,8,152923.54,1,1,0,30631.54,0
3626,15722894,Allen,544,Germany,Female,44,5,115628.4,2,0,0,117927.26,0
3627,15606704,Carter,757,Spain,Female,31,10,0.0,2,0,0,33113.14,0
3628,15721863,Wright,487,Germany,Male,31,1,168465.88,2,1,0,30796.94,0
3629,15593379,Muller,648,Germany,Female,51,9,131336.76,1,1,1,185438.84,1
3630,15626614,Meyer,644,France,Male,66,4,167947.04,1,1,0,35736.71,0
3631,15570990,Thompson,645,France,Male,49,8,0.0,1,1,1,95424.94,0
3632,15626208,Thomas,714,Spain,Female,26,9,111133.15,2,1,0,181457.69,0
3633,15774090,Thompson,614,Germany,Female,21,1,95571.33,1,0,1,121371.89,0
3634,15644822,Taylor,713,France,Male,28,9,135242.9,1,0,0,91917.16,0
3635,15668055,White,843,Germany,Female,46,10,91656.16,2,1,0,67015.58,0
3636,15623933,Taylor,635,France,Male,48,8,169350.6,3,1,0,25167.16,1
3637,15647997,Muller,453,Spain,Male,34,1,0.0,1,1,1,171754.25,0
3638,15682788,White,636,France,Male,28,9,0.0,2,1,0,160581.17,0
3639,15683301,Thomas,627,Spain,Female,34,3,101322.38,4,0,1,183665.56,1
3640,15748277,Jones,689,Germany,Male,24,1,126555.68,1,1,1,154910.97,0
3641,15798555,Gonzalez,457,France,Male,20,7,0.0,2,1,1,98008.73,0
3642,15686711,Jones,681,France,Female,41,1,0.0,1,0,1,38769.29,1
3643,15751112,Roberts,609,Spain,Male,40,6,130988.84,2,0,1,176209.78,0
3644,15619112,Ruiz,728,France,Male,28,0,135331.05,1,1,1,40850.72,0
3645,15625245,Mitchell,600,France,Male,50,8,0.0,1,1,0,93657.72,0
3646,15798428,Schmidt,734,Spain,Female,38,1,0.0,2,1,0,131735.25,0
3647,15650289,Meyer,503,France,Female,30,7,110570.67,1,0,1,169723.78,0
3648,15687578,Roberts,652,France,Female,42,9,0.0,2,1,0,168751.39,0
3649,15749531,Becker,556,France,Male,72,1,0.0,1,0,1,72920.86,0
3650,15749989,Alvarez,603,Spain,Male,25,0,0.0,2,1,0,24363.62,0
3651,15739173,Carter,850,France,Female,74,9,0.0,1,0,0,97960.33,0
3652,15628375,Becker,558,France,Male,38,5,150747.91,2,1,0,174583.48,0
3653,15656874,Fournier,614,France,Male,44,5,92601.17,1,1,1,57860.63,0
3654,15630985,Walker,539,France,Male,46,2,69115.73,2,1,0,107622.2,0
3655,15604442,Miller,620,France,Male,30,5,46834.53,1,1,0,31578.75,0
3656,15754025,Thomas,635,France,Male,33,9,0.0,1,1,1,148630.84,0
3657,15602233,Hoffmann,579,France,Female,56,9,157768.69,1,0,0,121387.76,1
3658,15580935,Carter,803,France,Male,60,8,130424.15,2,1,1,147942.15,0
3659,15646029,Lewis,762,Spain,Female,36,3,0.0,1,1,1,58002.22,0
3660,15761840,Green,558,France,Male,67,8,83914.26,2,1,1,135285.59,0
3661,15684334,Miller,729,France,Female,37,4,105433.79,1,0,1,34188.25,0
3662,15676391,Schneider,603,Spain,Female,48,4,146535.99,4,1,1,83838.67,1
3663,15773838,Wright,531,Spain,Female,31,3,110912.52,1,1,1,168247.12,0
3664,15764461,Williams,580,Germany,Male,47,10,74982.25,1,1,0,102270.9,1
3665,15724101,Harris,528,France,Female,35,1,92489.9,2,1,1,179858.63,0
3666,15722695,Rodriguez,741,France,Male,80,9,125066.54,1,1,0,163398.58,0
3667,15653712,Walker,565,France,Female,42,10,155500.63,2,1,0,105490.38,0
3668,15765576,Harris,775,France,Female,64,7,138280.92,2,1,0,68047.24,0
3669,15678895,Hoffmann,664,France,Female,40,0,0.0,2,1,1,149501.11,0
3670,15625698,Lopez,611,Germany,Female,38,6,118390.97,1,1,0,150110.34,1
3671,15719613,King,601,France,Female,40,1,149782.48,1,1,0,103847.42,1
3672,15794108,Young,820,Germany,Female,70,3,117798.44,1,1,0,27467.55,0
3673,15780264,Castillo,651,France,Male,33,0,0.0,1,0,0,64002.18,0
3674,15720675,Wilson,601,France,Male,79,8,0.0,2,0,0,95781.73,0
3675,15809483,Laurent,733,Spain,Female,51,5,0.0,2,1,0,188780.76,0
3676,15795659,Thomas,707,Spain,Female,69,10,128565.28,2,1,0,154750.11,1
3677,15623995,Schneider,554,France,Male,28,7,158842.8,2,1,1,155458.02,0
3678,15750545,Walker,651,Germany,Male,48,3,163766.43,2,1,0,40877.07,1
3679,15758819,Mitchell,475,France,Male,57,8,117530.27,2,0,0,31009.22,0
3680,15784863,Diaz,647,France,Male,58,3,0.0,1,0,0,194398.52,0
3681,15778684,Navarro,680,Germany,Male,48,2,113004.67,1,1,1,57504.56,1
3682,15731235,Sanchez,693,France,Male,34,2,0.0,1,1,1,131054.79,0
3683,15652223,Romero,553,France,Male,33,7,0.0,1,1,0,150658.13,0
3684,15578568,Brown,578,France,Female,33,10,130502.29,2,1,0,104537.65,0
3685,15809386,Flores,674,France,Male,41,9,69232.87,2,1,0,14895.63,0
3686,15761738,Lopez,771,France,Male,39,5,143698.72,1,1,0,67155.47,1
3687,15797366,Girard,659,France,Male,34,0,0.0,1,1,0,186306.33,0
3688,15652398,Martinez,596,Spain,Male,36,10,0.0,2,1,1,111562.88,0
3689,15713080,Meyer,744,Germany,Male,38,4,170022.77,2,0,1,190168.42,0
3690,15603151,Diaz,663,France,Male,23,6,70801.84,1,1,1,32350.01,0
3691,15735429,Jackson,667,France,Male,35,4,115965.38,2,1,0,13619.27,0
3692,15697148,Diaz,727,Germany,Female,32,3,117665.68,2,0,1,131906.44,0
3693,15780970,Davis,641,France,Male,28,3,0.0,1,1,0,55658.69,0
3694,15597370,Rodriguez,559,Germany,Male,28,6,144343.78,2,0,0,114360.87,0
3695,15719789,Fischer,635,Germany,Male,35,4,99384.37,2,0,1,73277.02,0
3696,15653961,Fernandez,758,France,Male,42,1,139932.33,2,0,1,49847.0,0
3697,15706537,Fernandez,834,France,Male,43,4,111680.44,2,0,0,17669.14,0
3698,15640649,Meyer,532,France,Male,45,4,123557.8,1,1,1,110430.38,0
3699,15683430,Becker,809,France,Male,43,6,77692.06,2,1,0,10809.43,0
3700,15571036,Girard,614,France,Male,33,4,151934.5,2,0,1,143634.82,0
3701,15748635,Roberts,652,Spain,Female,28,2,124638.72,1,0,1,52604.25,0
3702,15566640,Thompson,815,France,Male,30,6,0.0,1,1,0,28320.46,1
3703,15776649,Jones,610,Germany,Male,37,9,153560.2,2,1,1,166045.89,0
3704,15744639,Schmidt,623,Germany,Male,40,4,111346.93,2,1,0,180350.22,0
3705,15793593,Moreau,588,France,Male,49,6,112375.77,2,1,0,25342.98,0
3706,15621163,Hill,654,France,Female,58,5,66320.14,2,1,1,190267.53,1
3707,15674904,Hoffmann,680,France,Male,34,3,0.0,2,1,1,93869.36,0
3708,15691995,Anderson,583,Germany,Male,40,9,161025.15,3,1,0,23918.65,1
3709,15570422,Miller,791,France,Female,45,10,118244.06,2,1,0,73848.43,0
3710,15650095,Meyer,578,Germany,Male,38,1,95029.46,1,1,1,109872.91,0
3711,15709303,Fischer,698,Spain,Male,30,6,146536.69,1,1,0,52535.18,0
3712,15809516,Roberts,653,Spain,Female,31,10,76883.34,1,0,0,156160.61,0
3713,15726815,Castillo,771,Spain,Female,50,5,101661.33,1,1,1,23504.29,1
3714,15686580,Thomas,572,Spain,Male,34,5,99810.3,1,1,1,176889.21,0
3715,15773236,Garcia,706,Spain,Female,35,10,146656.34,1,1,0,83475.05,0
3716,15761032,Diaz,850,Spain,Male,23,6,0.0,4,1,1,195386.35,1
3717,15775183,Lee,510,Germany,Female,55,9,102308.93,2,0,1,89559.63,0
3718,15745848,Garcia,563,Spain,Male,46,1,104642.5,2,1,1,3298.14,0
3719,15601175,Robinson,850,Spain,Female,26,6,0.0,1,0,1,78029.32,0
3720,15744204,Becker,637,France,Male,44,1,0.0,1,1,1,78828.38,0
3721,15581788,Baker,661,Germany,Male,45,2,124468.26,1,1,0,71712.14,0
3722,15733988,Rivera,618,Germany,Male,64,8,99936.47,1,1,0,150538.87,1
3723,15634363,Ruiz,810,Spain,Female,30,9,0.0,1,0,0,117061.7,0
3724,15756170,Lewis,493,France,Female,43,9,0.0,1,1,1,181063.71,1
3725,15690768,Brown,770,Spain,Female,33,8,162468.93,1,1,0,125052.56,0
3726,15794439,Moore,507,Spain,Female,32,5,156671.53,2,1,0,116906.51,0
3727,15584364,Scott,498,Spain,Male,60,4,0.0,2,1,1,54404.77,0
3728,15714151,Laurent,545,France,Female,50,1,99042.02,1,1,1,132315.45,1
3729,15579180,Lee,638,Germany,Male,26,8,100918.51,1,1,1,140212.98,0
3730,15796011,Alvarez,581,Spain,Female,26,8,0.0,1,1,1,8910.72,0
3731,15760082,Muller,575,Spain,Female,44,1,112915.61,2,0,0,10388.1,0
3732,15604348,Thomas,560,Spain,Male,36,10,82849.59,1,1,1,41988.57,0
3733,15592955,Scott,562,Germany,Male,29,3,159733.77,1,1,0,116794.86,0
3734,15739098,King,560,Germany,Female,45,7,126705.75,1,1,1,127168.98,1
3735,15709310,Jones,673,France,Female,43,1,110234.67,1,1,1,71242.37,0
3736,15726281,Bernard,588,Spain,Female,38,2,87441.32,1,1,0,48916.05,0
3737,15681475,Nguyen,391,France,Male,39,6,0.0,2,1,0,32966.89,0
3738,15608016,Torres,646,Germany,Male,30,4,104467.33,2,1,1,60317.98,0
3739,15606457,Rivera,723,Spain,Female,43,0,0.0,3,0,0,90696.98,1
3740,15649246,Miller,623,France,Female,68,10,154519.61,1,0,0,119944.94,0
3741,15799434,Davis,528,France,Male,27,9,142877.9,2,0,1,174143.82,0
3742,15674038,Rodriguez,722,France,Female,50,2,54874.34,1,1,0,126895.75,1
3743,15664041,Gonzalez,517,Spain,Female,29,7,117207.86,1,0,0,109256.31,0
3744,15650718,Wilson,619,Germany,Female,47,1,112707.63,1,0,0,69163.44,1
3745,15703384,Rivera,648,France,Female,36,7,99186.08,1,1,1,86205.7,0
3746,15666564,Fournier,755,Germany,Female,47,7,121755.77,2,1,1,128961.47,0
3747,15650186,Robinson,706,France,Female,28,8,93030.18,2,0,0,127404.16,0
3748,15601866,Lee,673,Spain,Male,21,5,0.0,1,0,1,42261.39,0
3749,15749194,Allen,740,France,Male,39,0,94064.66,2,0,0,161979.13,0
3750,15777484,Wilson,538,France,Female,49,2,0.0,1,0,1,165944.77,0
3751,15782503,Moreau,803,France,Female,40,10,0.0,2,1,1,196314.42,0
3752,15570117,Allen,353,Germany,Male,46,6,122315.74,1,1,1,178795.55,0
3753,15578635,Ruiz,788,France,Female,33,3,138854.7,1,1,1,20313.4,0
3754,15595150,Laurent,568,Germany,Male,46,10,95963.6,2,1,0,86996.68,0
3755,15666026,Muller,687,France,Male,59,4,0.0,1,1,1,11502.92,0
3756,15698602,Rodriguez,791,France,Female,33,9,0.0,1,1,0,153758.12,0
3757,15575283,Roberts,704,France,Female,45,8,83414.26,3,1,0,174502.31,1
3758,15765531,Martinez,686,France,Male,31,0,151567.71,1,1,0,97893.27,1
3759,15794014,Johnson,734,Spain,Male,62,10,0.0,1,1,0,37198.78,0
3760,15600757,Garcia,506,France,Male,26,9,127051.02,1,0,0,91880.16,0
3761,15725428,Jones,521,Spain,Male,42,10,0.0,2,1,1,26224.0,0
3762,15693730,Martin,676,France,Male,38,6,115273.78,1,1,0,18086.43,0
3763,15576473,Castillo,631,France,Male,33,7,0.0,2,0,1,24484.4,0
3764,15698796,Schneider,620,France,Male,33,2,108637.36,1,0,0,20321.13,0
3765,15682286,Weber,770,France,Female,37,1,0.0,2,1,1,178554.29,0
3766,15668590,Allen,762,Spain,Female,59,1,125588.18,1,1,1,6152.33,0
3767,15655984,King,561,Germany,Female,41,1,123508.46,1,1,0,56506.45,1
3768,15793149,Girard,693,France,Male,24,10,0.0,1,0,0,41158.98,0
3769,15734930,Thomas,498,Germany,Male,26,3,60472.54,1,1,0,89031.81,0
3770,15587176,Adams,496,Germany,Male,41,0,165002.94,2,1,0,51011.84,0
3771,15571180,Sanchez,563,Spain,Female,52,7,113423.23,2,1,0,50020.47,0
3772,15656878,Martinez,645,Spain,Male,30,2,104389.32,2,1,0,178505.35,0
3773,15804511,Schneider,587,Germany,Female,40,5,130310.3,2,0,0,132234.68,0
3774,15790344,Anderson,694,Spain,Male,52,7,0.0,1,1,1,59241.97,1
3775,15799013,Muller,649,Spain,Female,42,6,123499.68,1,0,0,64283.38,1
3776,15605141,Dubois,758,France,Male,39,8,108742.33,1,1,1,73858.56,0
3777,15784727,Alvarez,703,Germany,Male,35,0,137155.43,1,0,0,79197.54,1
3778,15573662,Wagner,549,France,Female,36,2,71739.53,2,0,0,37576.79,0
3779,15646062,Muller,737,Spain,Male,46,4,127171.05,2,1,0,69998.18,1
3780,15743920,Lopez,566,Spain,Female,48,8,104713.78,2,1,1,174815.89,0
3781,15707465,Fischer,690,France,Male,48,5,0.0,1,1,1,143896.81,0
3782,15700543,Lee,602,Spain,Female,31,8,0.0,1,0,1,7696.83,0
3783,15750256,Vargas,778,Spain,Female,22,8,0.0,3,1,0,161940.82,0
3784,15682926,Alvarez,721,France,Male,34,8,150407.8,1,1,1,81279.83,0
3785,15760516,Campbell,583,Germany,Female,49,6,141808.7,3,1,0,144898.32,1
3786,15760406,Martinez,613,Spain,Female,63,8,97813.5,1,0,0,78627.03,1
3787,15762120,Hoffmann,850,Spain,Female,29,7,154971.22,1,0,0,155117.05,1
3788,15706959,Becker,528,France,Male,45,0,0.0,1,1,0,132766.1,1
3789,15701183,Campbell,580,France,Male,32,3,0.0,1,1,0,134459.86,0
3790,15738495,White,585,Germany,Female,57,9,90239.57,2,0,0,176330.04,0
3791,15623288,Brown,538,France,Male,49,1,95971.54,1,0,1,165105.29,0
3792,15645771,Ramirez,548,France,Female,41,6,0.0,1,1,1,98476.28,1
3793,15716173,Mitchell,639,France,Male,42,8,97900.07,1,0,1,132328.72,1
3794,15725338,Lopez,696,France,Female,55,4,0.0,1,0,1,75770.47,1
3795,15747345,Martinez,495,Germany,Male,25,1,104624.78,2,1,0,131988.99,0
3796,15762233,Taylor,601,Germany,Female,37,0,148520.9,1,1,1,53324.33,0
3797,15728270,Laurent,572,Germany,Male,28,7,108458.46,2,0,1,114480.9,0
3798,15804075,Gonzalez,536,Spain,Male,42,6,114375.7,1,0,0,162863.5,1
3799,15726207,Williams,747,France,Male,40,7,0.0,2,1,1,100999.5,0
3800,15813575,Anderson,576,France,Female,41,1,125503.99,2,1,0,136479.03,0
3801,15773994,Jones,517,France,Male,27,5,121103.67,2,1,0,57530.09,0
3802,15738976,Dubois,735,France,Female,52,6,91289.46,1,0,1,163902.61,0
3803,15659448,Taylor,771,France,Male,47,9,177119.18,2,1,1,94502.74,0
3804,15674393,Johnson,673,France,Female,33,2,0.0,2,1,0,79366.64,0
3805,15641366,Young,559,France,Female,48,7,147778.5,1,1,1,6061.15,1
3806,15715160,Jackson,623,France,Male,23,7,155310.29,1,0,1,19905.82,0
3807,15645418,Diaz,586,Germany,Male,28,6,113620.76,2,1,1,24880.77,0
3808,15770983,Fournier,645,Germany,Male,37,0,144784.39,1,1,0,97136.74,0
3809,15610167,Johnson,719,Spain,Female,35,1,0.0,1,1,1,15460.84,0
3810,15764986,Dubois,648,Spain,Female,56,6,162778.64,2,1,1,124080.45,1
3811,15614026,Bernard,650,Germany,Male,46,6,148086.82,1,1,1,31298.99,0
3812,15791017,Navarro,600,France,Female,60,7,113397.7,1,1,0,124515.45,1
3813,15637320,Thomas,714,Germany,Female,26,8,160469.65,1,0,0,102552.43,0
3814,15721174,Taylor,686,France,Female,35,4,81658.45,1,0,0,56877.97,0
3815,15676000,Perez,472,France,Male,28,3,100798.26,2,1,1,92850.47,0
3816,15655697,Muller,477,France,Female,41,10,0.0,2,1,1,92151.17,0
3817,15579670,Green,618,France,Male,26,7,0.0,1,0,0,26433.04,0
3818,15579724,Nguyen,744,France,Female,40,5,107527.61,1,1,0,92669.89,1
3819,15640181,Laurent,763,Germany,Male,23,6,105831.04,2,1,1,128239.87,0
3820,15694216,Hill,724,Spain,Female,31,8,113448.55,2,0,1,138784.32,0
3821,15715157,Smith,635,Spain,Female,48,3,0.0,1,1,0,178524.56,0
3822,15664136,Schneider,792,Germany,Female,37,4,138759.96,2,1,0,144549.36,0
3823,15713519,Torres,580,Germany,Male,25,0,113327.54,2,1,0,106782.1,0
3824,15811014,Wagner,617,France,Female,51,8,0.0,1,0,0,59832.94,1
3825,15648240,Garcia,512,Germany,Male,51,5,79780.29,2,1,1,93325.68,0
3826,15695402,Nguyen,617,Germany,Female,47,9,89372.78,2,1,0,195075.47,0
3827,15748075,Rivera,566,France,Male,33,3,91875.22,2,1,1,188959.39,0
3828,15694804,Flores,799,France,Female,44,4,0.0,1,1,0,147494.84,0
3829,15740506,Young,780,Spain,Male,53,0,202841.52,1,0,0,6646.91,1
3830,15772697,Laurent,656,Germany,Male,36,10,127210.89,1,1,0,12923.93,0
3831,15669985,Moreau,695,France,Male,37,3,143477.19,1,0,1,194998.25,0
3832,15629341,Adams,591,Germany,Male,39,1,145679.63,2,1,1,162068.65,0
3833,15652581,Smith,404,France,Male,48,6,0.0,2,1,0,97634.18,0
3834,15581759,Nguyen,576,France,Female,40,9,154507.2,1,1,1,80073.02,1
3835,15769718,Wagner,723,France,Female,45,1,0.0,2,0,1,36606.77,0
3836,15791545,Laurent,693,France,Female,36,5,0.0,1,1,1,103791.76,1
3837,15657335,Wilson,612,Germany,Female,36,5,89203.03,2,0,1,130142.62,0
3838,15791312,Harris,722,France,Male,46,1,128201.51,2,1,0,25717.87,0
3839,15732699,Nelson,604,Spain,Male,32,3,140806.32,1,1,0,94681.97,0
3840,15709902,Dubois,539,France,Male,29,6,0.0,2,1,1,71198.55,0
3841,15596925,White,722,Germany,Male,32,10,85393.88,1,0,0,177613.35,0
3842,15689090,Fernandez,591,Germany,Female,35,1,67651.56,1,1,1,142276.05,0
3843,15612349,Wilson,750,Germany,Female,38,6,141182.2,1,1,0,180602.06,0
3844,15598190,Allen,456,Germany,Female,33,9,137301.08,2,1,1,71441.36,0
3845,15776523,Carter,595,Spain,Female,34,8,0.0,2,1,0,32502.09,0
3846,15640833,Anderson,708,Germany,Male,42,8,144353.37,2,1,0,166097.97,0
3847,15775941,Romero,698,Germany,Female,31,10,103180.78,1,1,0,84738.36,0
3848,15750755,Adams,629,Germany,Male,47,7,90298.48,2,1,0,114613.78,1
3849,15810607,Flores,678,France,Female,30,0,0.0,2,1,0,144316.6,0
3850,15685280,Thomas,664,France,Male,38,2,0.0,2,0,0,124383.64,0
3851,15794738,Smith,506,France,Male,37,4,0.0,2,1,1,160522.08,0
3852,15716579,King,615,France,Male,56,10,69056.79,1,1,0,35254.92,1
3853,15581872,Lee,672,France,Male,36,2,84817.95,2,1,0,17471.91,0
3854,15602632,Rivera,699,France,Male,49,9,108295.77,1,0,0,67452.83,0
3855,15748177,Anderson,644,Germany,Male,46,6,140912.65,1,0,0,105370.73,1
3856,15677043,Rodriguez,596,France,Female,33,7,0.0,1,0,1,151076.24,0
3857,15766016,Schmidt,521,Spain,Female,54,1,141769.26,2,1,1,158131.36,0
3858,15599310,Sanchez,723,France,Male,33,4,155392.86,2,0,1,113606.77,0
3859,15808020,Martinez,712,Germany,Male,35,5,127141.81,1,1,0,154601.27,0
3860,15766497,Bernard,746,France,Female,43,5,0.0,1,1,0,114542.24,1
3861,15752145,Clark,545,France,Male,34,9,0.0,1,1,0,48765.04,0
3862,15664085,Diaz,662,France,Female,26,3,76774.35,1,1,0,149592.64,0
3863,15748775,Young,583,Germany,Male,35,9,118310.01,2,1,1,119330.97,0
3864,15602388,Moreau,655,France,Male,35,9,129139.72,2,1,0,113483.03,0
3865,15766410,Meyer,850,Spain,Male,29,7,230021.35,1,1,0,161826.12,0
3866,15768353,Martinez,738,France,Male,38,3,158414.58,1,1,1,7662.37,0
3867,15630871,Anderson,577,Germany,Female,38,1,114907.19,2,0,1,46387.51,0
3868,15773554,Baker,625,France,Female,42,2,89843.23,1,1,1,137176.22,0
3869,15679872,Schneider,615,Germany,Male,28,6,130074.22,2,0,1,43786.43,0
3870,15753735,Perez,662,France,Female,29,2,118147.99,2,0,1,38516.0,0
3871,15755026,Romero,502,France,Male,48,9,130816.49,2,1,0,190199.58,0
3872,15674685,Anderson,681,France,Male,30,4,88672.61,2,0,1,186368.74,0
3873,15673260,Torres,445,France,Female,41,3,0.0,2,1,1,93831.15,0
3874,15647444,Navarro,488,France,Female,36,6,0.0,2,0,0,20611.99,0
3875,15569968,Scott,844,Spain,Male,31,1,0.0,2,1,1,157041.65,0
3876,15639126,Scott,615,France,Male,56,9,0.0,2,1,0,156746.59,0
3877,15638167,Allen,788,France,Male,38,6,87362.91,1,0,0,71788.01,0
3878,15632694,Martin,571,Spain,Male,32,10,0.0,1,0,0,151368.92,0
3879,15699090,Hoffmann,446,France,Female,25,9,0.0,1,1,0,17816.47,0
3880,15698133,Martin,548,France,Male,45,0,0.0,2,1,0,91032.21,0
3881,15762012,Jackson,850,Germany,Female,30,9,117910.47,2,1,0,9767.02,0
3882,15674081,Wagner,513,Spain,Male,54,0,0.0,1,1,0,176346.75,1
3883,15796726,Moore,822,Germany,Male,37,8,124844.3,1,1,1,69850.87,0
3884,15814421,Fournier,683,France,Male,79,3,113360.95,1,0,1,33880.32,0
3885,15750465,Castillo,662,Spain,Male,35,3,0.0,1,1,0,29084.14,0
3886,15587747,Perez,577,France,Female,29,8,0.0,2,0,1,21497.44,0
3887,15812428,Schneider,563,Spain,Female,38,3,104842.67,1,0,1,21744.0,0
3888,15743033,Williams,705,Spain,Female,32,9,129044.91,1,0,1,94770.94,0
3889,15721452,Johnson,778,Spain,Female,23,0,158543.71,2,1,1,34469.37,0
3890,15719804,Wagner,669,France,Male,48,1,195755.04,3,0,1,152538.37,1
3891,15767130,Lee,722,France,Female,41,3,149968.3,2,1,0,101886.06,0
3892,15666455,Martinez,609,Germany,Female,31,3,140184.76,1,1,0,174384.09,1
3893,15757102,Roberts,850,Germany,Female,28,9,57567.93,1,1,1,164852.56,0
3894,15644126,Nelson,673,Germany,Male,29,9,115328.78,2,1,0,147547.6,0
3895,15723969,Thompson,847,Spain,Male,38,4,0.0,2,1,1,34242.49,0
3896,15585774,Carter,556,Germany,Female,66,6,73990.33,2,0,1,92303.85,0
3897,15756313,Wright,646,France,Male,35,3,150859.24,2,1,1,183421.6,0
3898,15783870,Thomas,754,France,Male,25,4,0.0,2,0,1,152827.52,0
3899,15716709,Smith,664,France,Male,30,3,0.0,2,1,0,108879.85,0
3900,15622007,Flores,700,France,Female,39,2,67518.79,2,1,1,109617.4,0
3901,15609681,Torres,555,France,Male,31,7,115771.43,2,0,1,69052.32,0
3902,15661517,Taylor,611,Spain,Female,27,1,154102.73,2,0,0,169335.2,0
3903,15761159,Hoffmann,565,Germany,Female,36,3,83286.07,2,1,0,180063.02,0
3904,15690814,Alvarez,642,Germany,Male,30,1,104024.42,2,0,0,136729.16,0
3905,15651867,Clark,632,France,Male,40,4,0.0,1,1,0,199867.49,0
3906,15739784,Bernard,599,Germany,Female,40,7,157737.42,4,1,0,156542.16,1
3907,15694055,Hall,711,Spain,Male,43,5,120488.2,1,1,0,164573.04,0
3908,15587736,Wagner,547,Spain,Male,46,7,0.0,1,1,0,100695.76,0
3909,15800420,Wilson,442,Germany,Male,30,6,110386.31,1,0,1,94013.16,1
3910,15783155,Gonzalez,595,Spain,Male,48,4,107202.26,1,1,1,73278.51,0
3911,15629875,Nguyen,850,Germany,Female,34,10,101795.18,1,1,1,97812.94,0
3912,15804586,Mitchell,699,France,Male,24,6,0.0,3,1,0,119639.93,0
3913,15634894,White,568,Spain,Female,46,0,0.0,1,1,1,108244.09,1
3914,15755149,Meyer,693,France,Male,55,1,0.0,2,0,1,40701.51,0
3915,15609269,Schmidt,637,France,Female,35,7,65295.34,1,1,1,87932.51,0
3916,15622946,Hill,688,France,Female,49,0,0.0,1,0,1,99443.6,0
3917,15593411,Alvarez,735,Germany,Male,36,1,170157.84,1,1,0,108158.5,0
3918,15656598,Taylor,669,Germany,Female,32,1,128287.8,2,1,1,11116.48,0
3919,15649503,Walker,662,Germany,Male,36,8,89219.29,3,1,1,145886.69,1
3920,15719511,Vargas,794,France,Female,37,1,0.0,1,1,1,193647.93,0
3921,15593744,Rodriguez,702,France,Female,39,2,119138.66,1,1,1,37688.47,0
3922,15743398,Rodriguez,669,Spain,Male,34,10,0.0,2,0,0,173432.16,0
3923,15749893,Ruiz,654,France,Male,46,1,108238.39,2,1,1,40935.05,0
3924,15676425,Lewis,595,Spain,Female,43,2,0.0,1,1,0,10595.47,1
3925,15585773,Dubois,529,France,Female,29,8,0.0,1,1,1,148931.72,0
3926,15621840,Thompson,715,Germany,Male,33,1,90901.44,2,1,0,172175.58,1
3927,15595618,Wright,774,Germany,Male,45,2,106922.36,1,1,1,168829.03,1
3928,15633496,Vargas,691,Spain,Male,36,8,0.0,2,1,0,17626.19,0
3929,15766311,Wilson,705,France,Female,31,0,0.0,2,0,1,1345.21,0
3930,15573016,Walker,564,Spain,Female,35,4,77733.87,1,1,0,177413.15,0
3931,15594938,Bernard,592,Germany,Female,26,2,151812.33,2,1,0,51573.02,0
3932,15735887,Mitchell,526,Germany,Female,53,2,143162.85,2,1,0,43174.63,1
3933,15731385,Taylor,626,Germany,Female,37,4,137563.54,1,0,1,169115.15,0
3934,15678323,King,745,France,Male,32,2,0.0,1,1,1,58567.91,0
3935,15630460,Jackson,582,France,Female,26,8,0.0,2,1,1,98546.21,0
3936,15767670,Sanchez,643,France,Male,61,1,77856.4,2,1,1,185051.99,0
3937,15797104,Lee,718,France,Female,26,4,65465.91,1,1,0,138721.71,0
3938,15692885,Walker,767,Germany,Male,41,0,108211.27,2,1,0,87109.92,0
3939,15567167,Hill,490,France,Female,34,1,0.0,1,1,0,100495.72,0
3940,15595698,Mitchell,604,France,Female,35,7,0.0,1,1,1,65777.75,0
3941,15730346,Johnson,578,France,Female,36,4,137033.28,1,1,1,171400.34,0
3942,15677295,Allen,565,France,Male,32,4,114779.74,2,1,1,110689.45,0
3943,15684896,Adams,613,France,Female,37,2,119741.86,1,1,1,163842.19,0
3944,15608603,Hoffmann,461,Germany,Male,39,1,138083.72,2,1,1,199563.34,0
3945,15680213,Mitchell,614,France,Male,44,9,0.0,2,1,0,94258.62,0
3946,15636580,Moreau,653,Spain,Female,43,8,0.0,1,0,1,4332.08,1
3947,15758922,Fernandez,549,France,Female,29,5,166458.08,1,1,1,177966.73,0
3948,15783012,Adams,603,France,Male,30,0,135984.0,2,1,0,48201.51,0
3949,15601391,Carter,652,Spain,Female,48,9,86196.25,1,0,0,51324.66,1
3950,15681106,Johnson,662,France,Male,33,4,0.0,1,1,1,67553.08,0
3951,15684211,Weber,491,France,Female,41,2,124779.23,2,0,0,193636.26,0
3952,15626288,Rodriguez,718,Spain,Female,51,1,83813.88,2,1,0,129010.06,1
3953,15763848,Williams,720,Spain,Female,38,10,143074.19,1,1,1,147814.19,0
3954,15568279,Lewis,578,Germany,Female,29,0,86091.89,2,1,0,27346.48,0
3955,15634935,Becker,813,France,Female,29,4,170677.02,2,1,0,75268.71,1
3956,15667380,Mitchell,694,Germany,Female,34,6,147765.7,1,1,0,48365.88,1
3957,15775336,Clark,680,Spain,Male,34,3,99285.81,1,1,0,3639.65,0
3958,15659839,Fischer,716,Spain,Male,28,1,87719.22,2,1,0,131163.88,0
3959,15785582,Clark,550,France,Female,30,7,123958.33,1,1,0,2139.77,0
3960,15629883,Castillo,616,France,Male,43,0,0.0,1,1,1,173885.72,0
3961,15726869,White,710,France,Female,48,10,114506.31,1,1,0,131528.13,1
3962,15615785,Flores,573,France,Male,33,5,0.0,2,1,0,106468.23,0
3963,15772737,Smith,616,Germany,Female,21,8,130969.67,1,1,1,89206.67,0
3964,15744773,Jackson,708,France,Male,42,9,149136.25,1,0,0,87304.57,0
3965,15629961,Thomas,680,France,Female,25,8,145100.07,2,1,1,62702.12,0
3966,15573763,Ruiz,652,France,Female,26,5,0.0,3,1,0,134099.26,0
3967,15769917,Weber,656,France,Male,35,0,0.0,1,1,0,121514.01,0
3968,15783429,Lopez,633,France,Female,52,0,124496.14,2,0,1,62867.92,0
3969,15806878,Mitchell,733,France,Male,45,3,0.0,1,1,1,190201.14,0
3970,15770790,Ruiz,850,France,Female,43,3,0.0,1,1,0,76268.79,0
3971,15727490,Nguyen,678,Spain,Female,35,9,123988.23,1,1,0,144890.96,0
3972,15570481,Ramirez,774,France,Male,27,4,0.0,2,0,1,89333.51,0
3973,15723196,Scott,608,Germany,Male,50,10,123211.5,1,1,1,22372.85,1
3974,15804405,Schmidt,584,France,Male,28,3,52029.85,2,1,1,181748.38,0
3975,15771404,Rodriguez,574,France,Male,40,10,83289.51,1,1,0,159296.96,0
3976,15739483,Nguyen,561,France,Female,38,3,0.0,2,1,1,35434.35,0
3977,15566839,Brown,622,France,Male,27,10,214673.83,2,1,1,86751.9,0
3978,15570773,Schmidt,736,France,Female,25,5,0.0,2,1,1,170500.18,0
3979,15589197,Scott,747,France,Female,43,0,106626.21,2,1,1,147047.98,0
3980,15585928,Sanchez,601,Germany,Female,37,10,121511.41,3,0,0,131142.97,0
3981,15750644,Rodriguez,619,France,Female,49,2,143414.22,2,0,1,163238.26,0
3982,15719761,Diaz,650,France,Male,40,8,0.0,1,1,0,63513.55,0
3983,15649354,Diaz,673,Germany,Female,38,9,61092.0,2,0,0,169385.04,0
3984,15633687,Taylor,707,France,Female,23,2,73031.56,2,1,0,181404.06,0
3985,15715601,Vargas,611,France,Female,38,6,0.0,1,1,0,11642.72,0
3986,15596754,Clark,631,France,Male,36,8,0.0,1,1,0,182793.28,0
3987,15811523,Walker,781,France,Male,40,10,0.0,1,1,0,192955.45,0
3988,15652959,Campbell,623,France,Female,36,4,142989.24,2,1,0,77291.28,0
3989,15784277,Schmidt,594,Spain,Female,36,4,104535.25,1,1,0,177963.09,0
3990,15723524,Mitchell,642,Spain,Male,35,8,0.0,1,1,0,10881.66,0
3991,15570160,Fischer,658,Spain,Female,31,5,85091.16,1,1,0,139773.48,0
3992,15740001,Moreau,501,France,Male,43,6,131162.2,2,1,0,93629.35,0
3993,15568162,Thomas,607,France,Female,77,1,0.0,1,1,1,97399.82,1
3994,15673224,Johnson,691,France,Male,27,7,69242.08,2,1,0,182776.23,0
3995,15589068,Lee,844,France,Male,29,3,94761.99,2,0,0,124731.93,0
3996,15699546,King,599,France,Male,43,3,0.0,1,1,0,178984.25,1
3997,15583205,Miller,724,France,Male,34,9,135363.99,2,1,1,36183.86,0
3998,15677359,Nguyen,667,France,Male,32,7,191075.1,1,1,0,143227.84,0
3999,15713919,King,763,France,Male,25,6,0.0,2,1,0,46903.22,0
4000,15593711,Lee,590,France,Male,30,6,0.0,2,0,1,32266.36,0
4001,15581885,Walker,757,Germany,Female,29,9,102257.35,1,1,1,173740.66,0
4002,15594497,Carter,786,France,Female,25,6,0.0,1,1,0,118260.18,0
4003,15749633,Thomas,790,Spain,Female,47,2,134217.45,1,1,1,28564.61,0
4004,15774335,Ruiz,788,France,Male,38,6,113636.99,2,0,0,108328.07,0
4005,15566909,Taylor,669,Germany,Male,74,6,87482.34,1,1,0,129531.75,1
4006,15666374,King,707,France,Female,39,0,130908.93,2,0,1,179462.88,0
4007,15611602,Harris,609,France,Female,28,1,0.0,1,1,1,38116.87,0
4008,15695970,Perez,434,France,Female,40,5,0.0,2,1,0,37482.54,0
4009,15619400,Rivera,675,France,Female,42,6,0.0,1,1,0,144026.63,0
4010,15784293,Hall,634,Germany,Female,32,0,145303.88,2,0,0,80354.4,0
4011,15606634,Schneider,743,France,Female,42,4,0.0,1,1,0,142767.67,1
4012,15630394,Allen,734,France,Male,41,1,116767.47,1,1,1,39877.89,1
4013,15646963,Schneider,547,Spain,Female,30,7,151107.99,1,0,0,127534.8,0
4014,15815412,Muller,850,France,Female,44,5,109290.22,2,0,1,40570.49,0
4015,15724903,Clark,688,Germany,Female,39,1,146519.51,3,0,0,83742.63,1
4016,15783415,Navarro,525,Germany,Male,37,4,102627.59,1,0,0,181294.24,0
4017,15715090,Clark,539,France,Male,38,10,0.0,2,1,1,44588.92,0
4018,15665910,Adams,439,France,Male,28,0,119382.66,1,1,0,43782.58,1
4019,15613084,Nguyen,724,France,Male,53,4,0.0,3,1,0,140311.09,1
4020,15642456,Fernandez,599,Germany,Female,34,1,130287.47,1,1,0,48028.95,1
4021,15686359,Miller,568,France,Female,33,9,0.0,2,0,1,111454.73,0
4022,15737742,Robinson,588,France,Male,40,5,0.0,2,1,0,115672.21,0
4023,15804646,Smith,621,France,Female,70,6,0.0,1,1,1,172800.21,0
4024,15707823,Hoffmann,706,Spain,Male,44,10,0.0,3,0,1,10625.38,1
4025,15606282,Diaz,490,Spain,Female,34,0,128953.75,2,1,1,186123.37,0
4026,15658246,Perez,546,Spain,Male,40,5,0.0,1,1,0,134942.06,0
4027,15690306,Smith,695,Germany,Male,40,0,125668.45,1,1,1,171643.63,1
4028,15743957,Romero,592,Germany,Female,37,8,162543.49,1,0,0,89584.68,1
4029,15683031,Fischer,706,France,Female,28,6,55172.22,1,1,0,28414.06,1
4030,15796382,Clark,602,Spain,Female,45,4,86562.0,2,1,0,172556.15,0
4031,15787399,Moore,803,Germany,Male,20,3,108828.04,1,1,1,82491.6,0
4032,15759576,Schneider,670,France,Female,33,2,146460.52,1,1,0,109317.77,0
4033,15686407,Ramirez,769,Germany,Male,30,10,141706.6,1,1,0,79195.07,0
4034,15723814,Wright,700,Germany,Male,33,0,91777.72,2,1,0,15246.98,0
4035,15744472,Hoffmann,706,France,Female,48,1,77473.04,1,1,0,44060.3,1
4036,15743937,Dubois,577,France,Female,32,4,0.0,2,1,1,190805.62,0
4037,15632384,Weber,763,France,Female,36,4,105869.73,2,1,1,119194.47,0
4038,15782187,Campbell,671,Spain,Male,64,10,0.0,1,1,1,101971.78,0
4039,15599852,Williams,557,France,Female,33,3,0.0,2,1,1,7789.15,0
4040,15603242,Hoffmann,445,Spain,Male,35,3,0.0,1,1,1,175320.6,0
4041,15747079,Hoffmann,664,France,Female,37,2,149018.6,2,0,0,196788.86,0
4042,15687470,Garcia,796,Spain,Female,33,4,146907.43,1,1,1,12766.98,0
4043,15622086,Walker,562,France,Female,35,2,0.0,1,1,0,147251.43,0
4044,15708759,Davis,559,Spain,Female,38,7,0.0,3,0,1,191877.89,0
4045,15610931,King,619,France,Female,32,8,143867.38,1,1,1,186008.82,0
4046,15778875,Williams,757,France,Male,25,8,128179.35,1,0,1,130798.82,0
4047,15660295,Sanchez,472,France,Female,26,8,0.0,1,1,1,108547.41,0
4048,15675261,Fournier,587,France,Female,36,6,0.0,2,1,0,13849.41,0
4049,15762828,Mitchell,552,France,Male,56,7,0.0,2,1,1,108648.36,0
4050,15703352,Dubois,705,Germany,Male,34,3,126109.7,1,1,1,174124.51,0
4051,15600942,Scott,636,Spain,Male,39,10,63167.03,2,1,1,30416.21,0
4052,15668464,Fischer,616,Germany,Female,50,10,101174.56,2,1,0,30645.07,0
4053,15610448,Laurent,633,Germany,Female,42,0,164194.94,2,1,0,162405.0,0
4054,15635878,Martinez,726,France,Female,36,3,0.0,2,1,1,193811.36,0
4055,15599786,Williams,759,Spain,Male,35,7,112383.96,1,1,1,16684.48,0
4056,15614084,Alvarez,749,Spain,Male,31,3,86681.6,1,1,0,30473.4,0
4057,15594384,Scott,706,France,Male,45,5,139738.54,2,1,1,79930.97,0
4058,15590402,Dubois,784,Spain,Male,49,9,61946.78,2,0,1,187449.76,0
4059,15630827,Schneider,560,France,Male,20,9,0.0,2,0,1,17832.26,0
4060,15673337,Becker,688,Spain,Male,45,10,121494.67,2,1,0,7573.75,0
4061,15805349,Moore,850,Spain,Male,42,7,111800.25,2,1,1,184848.26,0
4062,15749508,Mitchell,472,Germany,Male,33,10,151707.83,1,1,0,85942.22,1
4063,15737829,Flores,598,France,Female,31,7,0.0,2,1,0,115083.81,0
4064,15739903,Becker,550,Germany,Male,41,5,143146.36,1,1,1,70484.02,1
4065,15607934,Green,678,France,Male,26,2,0.0,1,1,1,126576.9,0
4066,15742210,Brown,789,Spain,Female,34,9,0.0,1,1,0,106316.13,0
4067,15762658,Girard,702,France,Female,39,2,0.0,2,1,0,3575.98,0
4068,15680839,Muller,629,Germany,Female,52,2,121996.38,2,1,0,35574.7,1
4069,15575372,Perez,703,Spain,Female,58,8,0.0,4,1,0,10834.5,1
4070,15677773,King,622,France,Female,28,9,0.0,1,1,1,21121.31,0
4071,15748789,Wilson,669,France,Female,40,10,0.0,1,1,0,32242.44,0
4072,15778748,Anderson,710,Germany,Female,37,8,101456.71,1,1,0,181667.97,1
4073,15674109,Girard,820,France,Male,43,10,0.0,2,0,0,41775.2,0
4074,15634165,Romero,694,France,Female,35,4,0.0,1,1,1,198104.51,0
4075,15634131,White,671,France,Male,44,1,0.0,1,0,0,180579.9,0
4076,15762517,Romero,847,France,Male,39,2,0.0,1,0,1,85125.33,0
4077,15737394,Fournier,460,Germany,Male,32,1,82921.03,2,0,1,14950.8,0
4078,15782730,Moreau,641,Germany,Male,44,8,94123.9,1,1,1,192828.42,1
4079,15814330,Fernandez,578,France,Male,35,4,0.0,1,0,0,149622.24,0
4080,15688854,Weber,627,France,Female,37,4,0.0,2,1,0,64458.0,0
4081,15758775,Garcia,709,France,Male,29,10,125685.13,2,1,1,54223.59,0
4082,15787972,Moore,745,France,Male,34,10,0.0,2,1,0,177159.73,0
4083,15582153,Brown,600,Germany,Male,51,1,148328.85,1,1,1,156406.4,1
4084,15717338,Fournier,715,France,Male,32,9,85990.37,1,1,0,41801.2,1
4085,15569413,Jones,563,Germany,Female,58,7,115749.15,1,0,1,42034.21,1
4086,15604230,Ramirez,526,Spain,Male,38,8,0.0,4,1,1,159983.54,1
4087,15804857,Moore,657,Germany,Male,39,10,135829.25,1,0,1,173416.27,0
4088,15768601,Martin,629,Germany,Male,31,3,183907.63,1,1,1,105192.1,0
4089,15711522,Sanchez,795,France,Male,45,8,102301.85,1,1,1,30699.82,0
4090,15598065,Romero,850,France,Male,26,7,0.0,1,1,1,49051.17,0
4091,15726317,Becker,591,France,Male,34,7,98906.16,1,1,1,130460.12,0
4092,15789314,Martin,474,Spain,Female,31,8,0.0,2,0,1,34539.79,0
4093,15579516,Roberts,517,Spain,Female,27,8,0.0,2,1,1,6557.83,0
4094,15695035,Gonzalez,569,France,Female,43,4,0.0,1,1,1,59984.29,0
4095,15572258,Moreau,670,France,Male,35,10,78822.65,2,1,1,128637.84,0
4096,15597463,Rivera,625,France,Male,37,1,111596.06,1,0,1,98062.12,0
4097,15781682,Ramirez,528,Germany,Female,31,2,88118.07,1,0,0,191346.46,0
4098,15768822,Thomas,823,Germany,Male,46,8,116872.56,1,1,1,26893.16,1
4099,15650134,Navarro,714,Germany,Female,39,5,124331.33,1,1,1,185572.03,1
4100,15596986,Wagner,821,Spain,Male,54,3,0.0,1,1,1,94575.88,0
4101,15751477,Castillo,475,France,Male,31,5,108296.73,2,1,1,188644.95,0
4102,15656599,Carter,773,Germany,Male,31,1,149500.24,2,1,1,35987.07,0
4103,15764403,Anderson,636,Germany,Female,42,0,101036.77,2,1,1,52103.18,0
4104,15800839,Wright,612,France,Female,56,0,0.0,1,0,1,72299.15,1
4105,15747661,King,652,Spain,Female,32,9,0.0,2,1,1,24922.72,0
4106,15630259,Rivera,582,France,Male,23,3,130479.63,2,0,0,38331.54,0
4107,15808394,Romero,636,Germany,Female,27,9,134302.67,1,1,1,82030.03,0
4108,15788265,Torres,742,Germany,Male,51,5,53223.67,2,1,0,111725.62,0
4109,15723409,Young,460,Spain,Male,34,3,148189.89,2,1,0,114735.82,0
4110,15627878,Moreau,795,Germany,Female,60,0,155191.3,1,1,1,1378.74,0
4111,15738814,Thompson,688,France,Female,28,1,136450.33,2,1,0,160014.67,0
4112,15641088,Schmidt,639,Spain,Male,42,6,0.0,2,1,0,60555.96,1
4113,15598633,Meyer,741,Spain,Male,42,6,133737.8,1,1,0,147334.84,1
4114,15741323,Nguyen,685,France,Male,26,9,0.0,4,1,0,54254.55,1
4115,15653912,King,603,Spain,Male,26,2,141404.75,1,0,1,56856.19,0
4116,15691975,Bernard,575,France,Male,34,6,138387.14,2,1,1,119163.27,0
4117,15698281,Fischer,795,Germany,Female,43,0,109046.88,2,1,0,3396.37,0
4118,15693475,Thompson,507,Spain,Male,40,5,127587.36,1,1,0,23767.84,1
4119,15721116,Adams,631,France,Female,35,1,0.0,1,1,1,193661.88,0
4120,15800223,Taylor,513,France,Male,35,2,0.0,2,1,1,91838.22,0
4121,15733508,Wilson,697,Spain,Male,24,4,0.0,1,1,0,165220.16,0
4122,15774248,Young,641,Spain,Male,30,4,91017.26,1,0,0,163963.37,1
4123,15670354,Walker,529,Spain,Male,25,1,0.0,2,1,0,1211.94,0
4124,15584458,Girard,566,France,Female,40,6,161496.93,4,0,1,92405.47,1
4125,15733181,Romero,654,Spain,Female,28,4,0.0,1,1,1,124475.71,0
4126,15634862,Moreau,678,France,Female,51,9,0.0,1,1,1,158794.55,0
4127,15758926,Rivera,462,Germany,Male,37,6,106374.21,2,0,1,193198.84,0
4128,15707692,Rivera,582,France,Female,29,9,106898.02,2,1,1,28504.1,0
4129,15775878,Romero,666,Spain,Female,48,0,0.0,1,1,0,140728.15,1
4130,15788716,Moore,767,Spain,Male,78,4,0.0,2,1,1,88034.88,1
4131,15574321,Thompson,731,Germany,Female,27,9,82732.57,1,1,0,78825.8,1
4132,15648663,Laurent,606,Germany,Female,27,2,131889.7,1,1,1,223.09,0
4133,15661622,Becker,747,France,Female,29,2,134794.58,1,0,1,198026.95,0
4134,15776965,Perez,619,Germany,Female,49,7,153130.31,2,1,1,123612.62,0
4135,15660621,Schmidt,350,Germany,Female,60,0,133776.67,1,0,1,125890.53,0
4136,15737023,Fournier,790,France,Male,25,10,139500.22,2,1,1,187213.2,0
4137,15662078,Lewis,694,Germany,Female,83,10,75718.28,1,1,1,46859.51,0
4138,15737458,Williams,668,Spain,Female,43,10,0.0,1,1,1,140820.02,0
4139,15694887,Wilson,651,Germany,Male,33,8,115425.8,2,1,0,92004.13,0
4140,15721169,Taylor,679,Spain,Female,42,10,145782.71,2,1,0,97581.59,0
4141,15607554,Miller,651,France,Male,49,10,0.0,2,1,1,156896.66,0
4142,15573103,Lopez,622,Germany,Male,30,2,111810.49,2,1,1,53790.22,0
4143,15719621,Wright,587,France,Female,49,1,137564.46,2,1,0,187289.65,0
4144,15737058,Rodriguez,657,France,Female,36,9,62496.66,1,1,0,97621.5,0
4145,15603498,Miller,565,France,Female,25,5,89322.91,2,1,0,103284.22,0
4146,15634092,Meyer,539,France,Female,43,0,125337.4,1,1,0,78329.34,0
4147,15729378,Lee,676,France,Male,55,4,121028.95,2,1,1,15245.77,0
4148,15658107,Fernandez,745,Germany,Female,41,0,134163.21,1,1,0,110785.25,1
4149,15746445,Nelson,573,France,Female,28,6,127953.27,2,1,1,131312.57,0
4150,15716383,Martinez,590,France,Female,41,7,0.0,1,0,1,10158.76,0
4151,15618364,Torres,486,France,Male,39,0,102552.15,1,1,1,59329.64,0
4152,15803713,Torres,522,Germany,Male,42,1,160025.27,1,1,1,165935.71,1
4153,15772202,Jones,526,France,Female,25,9,0.0,1,1,1,99059.79,0
4154,15815662,Girard,745,France,Male,26,4,112831.0,2,1,1,120523.3,0
4155,15711493,Adams,482,Germany,Male,32,0,120964.61,2,1,0,73388.59,0
4156,15796318,Nelson,695,France,Female,46,0,0.0,1,0,1,11445.44,0
4157,15698071,Green,624,Spain,Female,44,4,92038.73,1,1,1,112078.97,1
4158,15657662,Torres,709,France,Female,48,0,117487.15,2,1,0,50981.04,0
4159,15639140,Diaz,763,France,Female,42,1,151242.85,1,1,0,141981.14,1
4160,15709024,Vargas,647,France,Female,45,2,0.0,2,1,1,79167.93,0
4161,15701320,Weber,760,Germany,Male,39,7,124949.5,2,1,0,101749.42,0
4162,15661909,Flores,800,France,Female,35,6,0.0,2,0,0,112296.59,0
4163,15714291,Laurent,781,Spain,Female,44,8,0.0,3,1,1,144467.43,1
4164,15601871,Sanchez,585,France,Female,28,3,119123.13,1,1,0,162395.83,1
4165,15573113,Davis,459,Germany,Male,29,0,132321.4,2,1,0,20186.68,0
4166,15682970,Lopez,638,France,Male,27,6,83015.72,2,0,1,18677.02,0
4167,15804064,Thomas,667,France,Female,38,10,115871.64,2,0,1,32150.91,0
4168,15668683,Moore,461,France,Female,28,7,0.0,2,1,0,131597.72,0
4169,15652303,Muller,656,Germany,Male,22,2,144000.68,2,1,0,50225.39,0
4170,15772120,Gonzalez,400,France,Female,26,0,0.0,1,1,0,154716.67,0
4171,15570153,Flores,800,Spain,Female,55,0,0.0,2,1,0,76802.65,0
4172,15618514,Wilson,696,Germany,Male,38,9,120690.65,2,1,0,83929.03,0
4173,15599047,Garcia,571,Spain,Female,48,3,0.0,2,1,0,111733.06,1
4174,15666298,Girard,662,France,Female,25,0,0.0,1,1,1,123270.29,0
4175,15720270,Muller,674,Spain,Male,42,3,71400.06,1,1,0,3661.43,0
4176,15641715,Hill,697,Germany,Male,27,9,71180.2,2,1,1,82835.73,0
4177,15798609,Vargas,657,Germany,Female,41,4,100910.74,2,1,1,163316.54,0
4178,15756781,Smith,742,Spain,Female,22,10,0.0,1,1,1,122053.89,0
4179,15806072,Fournier,527,Germany,Male,48,5,87826.79,1,1,0,54989.78,1
4180,15664897,Baker,637,Spain,Male,43,9,159911.33,1,1,1,185916.07,1
4181,15629355,Rodriguez,823,Germany,Male,37,2,126637.33,1,1,1,193694.54,0
4182,15685468,Lee,616,France,Female,54,5,157192.07,1,1,1,93020.61,0
4183,15592995,Moreau,673,Germany,Female,46,5,172178.79,2,1,0,69444.72,1
4184,15645519,Torres,553,France,Male,30,8,0.0,1,0,0,174569.33,0
4185,15774156,Williams,850,Spain,Female,27,1,0.0,1,1,1,56414.0,0
4186,15755726,Alvarez,678,Spain,Male,72,1,0.0,2,1,0,145556.4,0
4187,15629608,Carter,528,France,Male,31,2,91590.05,2,1,1,137246.55,0
4188,15656621,Weber,756,France,Male,35,10,124119.24,2,0,0,126802.81,0
4189,15605524,Mitchell,546,France,Female,29,9,0.0,1,1,1,32203.12,0
4190,15706690,Ruiz,716,France,Female,45,0,88886.92,1,1,0,35201.95,1
4191,15723140,Schneider,750,France,Male,29,4,0.0,1,1,1,77504.23,0
4192,15780992,Hill,847,Germany,Female,37,6,135279.28,2,1,0,108452.57,0
4193,15607135,Jones,672,Germany,Female,41,9,92328.34,4,1,0,72911.79,1
4194,15642362,Carter,655,Spain,Female,31,5,103228.52,2,1,0,146401.22,0
4195,15789981,Laurent,453,France,Female,41,8,0.0,2,1,1,55507.68,0
4196,15585959,Sanchez,606,Germany,Female,59,8,122480.61,2,0,0,121232.73,1
4197,15773678,Girard,581,France,Male,39,5,0.0,1,0,0,49075.8,0
4198,15605624,Harris,632,Spain,Male,44,8,149378.97,1,1,1,88227.68,1
4199,15797956,Johnson,600,France,Female,33,0,119388.21,1,0,1,85016.63,0
4200,15765110,Johnson,726,France,Female,33,3,0.0,2,1,0,101943.88,0
4201,15742083,Alvarez,596,France,Male,27,9,0.0,1,1,1,150576.54,0
4202,15811646,Ruiz,696,Spain,Female,38,1,0.0,2,1,0,68216.55,0
4203,15739542,Taylor,639,France,Female,49,5,0.0,1,1,0,128950.15,0
4204,15769806,Weber,590,Germany,Female,43,8,114951.39,2,0,1,179406.66,0
4205,15603538,Fischer,581,Germany,Female,32,5,79561.29,1,1,0,62562.39,0
4206,15633419,Hall,673,Germany,Male,34,10,123566.45,1,0,0,102829.82,0
4207,15586276,Becker,783,France,Female,59,9,125855.43,1,0,0,60430.93,1
4208,15724894,Jones,579,France,Female,42,1,151149.38,1,0,1,166024.98,1
4209,15788600,Castillo,655,France,Male,46,5,124059.16,1,0,0,58052.17,0
4210,15647785,Thomas,697,France,Male,47,8,89393.28,1,1,0,197020.12,1
4211,15602799,White,648,Germany,Female,33,8,27022.07,1,1,0,13303.77,0
4212,15568185,Green,479,France,Male,32,5,86078.29,1,1,0,178886.53,0
4213,15789840,Castillo,696,France,Male,33,4,0.0,2,1,1,160404.23,0
4214,15698923,Navarro,504,France,Male,32,3,0.0,1,1,1,30873.95,0
4215,15609583,Garcia,505,Germany,Male,55,3,122188.93,1,0,1,133382.65,1
4216,15703551,Fernandez,523,France,Male,35,0,0.0,1,1,0,7430.69,0
4217,15703856,King,634,Germany,Female,52,9,126574.04,1,1,0,10963.98,1
4218,15571471,Thompson,557,France,Female,35,7,0.0,2,0,1,113500.3,0
4219,15601628,Lee,511,Spain,Female,36,3,0.0,2,0,0,117357.6,0
4220,15653568,Lopez,687,Germany,Male,24,1,137470.28,1,1,0,62025.91,0
4221,15598843,Johnson,647,France,Male,32,5,95911.28,2,1,1,174269.81,0
4222,15669826,Walker,723,France,Male,55,9,0.0,2,0,1,121031.05,0
4223,15805942,Taylor,579,France,Female,54,10,0.0,2,0,0,128678.2,0
4224,15566954,Fischer,644,France,Female,32,2,136765.48,2,1,1,121470.03,0
4225,15766844,Hoffmann,728,France,Male,23,4,0.0,1,1,1,80841.75,0
4226,15804160,Williams,523,Spain,Female,29,6,0.0,1,0,0,13796.08,0
4227,15650833,Rivera,586,Germany,Male,32,6,128988.11,1,0,1,112843.97,0
4228,15710756,Clark,746,France,Male,32,3,0.0,2,0,1,164965.03,0
4229,15568868,Campbell,652,Germany,Female,32,8,116252.96,1,1,0,181219.6,1
4230,15810069,Robinson,635,France,Male,37,7,0.0,2,0,0,27230.17,0
4231,15671412,Ramirez,646,Spain,Female,28,9,124166.13,1,0,0,146674.7,0
4232,15679886,Diaz,769,France,Male,36,1,121304.46,2,1,1,42010.39,0
4233,15707093,Weber,648,Germany,Female,40,7,134464.12,1,1,1,41476.5,0
4234,15795109,Martin,654,Spain,Male,33,3,114353.64,2,1,1,12992.24,0
4235,15604847,Hill,648,France,Male,37,8,97039.36,1,1,0,194494.57,0
4236,15709080,Ramirez,493,France,Male,58,5,0.0,2,1,1,149611.77,0
4237,15800269,Davis,699,France,Female,44,5,0.0,2,1,0,67749.28,0
4238,15731192,Thomas,570,Spain,Female,42,6,131413.1,1,1,0,171054.01,0
4239,15763323,Romero,528,Germany,Female,33,2,93168.68,2,1,0,29026.42,0
4240,15768688,Hoffmann,481,Germany,Male,32,6,154837.75,2,1,1,68162.28,0
4241,15671482,Lee,501,Spain,Male,36,9,0.0,1,0,0,9892.56,0
4242,15766121,Baker,430,Spain,Male,42,0,0.0,2,0,0,87334.22,0
4243,15688645,Sanchez,551,France,Female,39,1,0.0,1,1,1,50846.1,0
4244,15638105,Robinson,608,Germany,Male,38,0,80253.17,2,0,1,197926.5,0
4245,15745630,Wagner,753,Germany,Male,46,5,83051.53,1,1,1,37930.02,0
4246,15589580,Walker,656,France,Female,41,2,100536.85,2,0,0,34244.1,0
4247,15754836,Thomas,675,Spain,Female,45,6,88207.37,2,1,0,9521.28,1
4248,15627204,Johnson,774,France,Male,29,0,72960.02,4,1,0,100874.82,1
4249,15573904,Dubois,373,France,Male,27,1,0.0,1,0,1,15850.88,0
4250,15625335,Becker,688,Spain,Male,57,2,0.0,1,1,0,152610.41,1
4251,15682448,Flores,681,France,Female,22,7,0.0,1,0,1,83604.59,0
4252,15761049,Roberts,730,France,Male,28,0,162080.44,2,0,1,198733.9,0
4253,15628587,Wagner,476,France,Female,33,5,119164.15,1,0,0,14042.83,1
4254,15662363,Brown,594,Germany,Male,52,5,110113.76,2,1,1,88666.51,1
4255,15723960,Hoffmann,560,Spain,Female,27,3,111099.23,2,0,0,194126.67,0
4256,15607396,Brown,525,France,Female,24,1,142488.2,3,0,1,86064.24,1
4257,15752288,Martinez,850,France,Male,30,7,79096.7,1,0,0,69447.27,0
4258,15567863,Schneider,595,France,Male,32,4,0.0,1,1,0,27265.75,0
4259,15680336,Taylor,740,Spain,Male,37,6,0.0,1,0,0,121096.49,0
4260,15759821,Wagner,718,France,Female,42,8,126335.23,2,0,0,62661.72,1
4261,15640489,Campbell,510,Spain,Male,47,0,0.0,2,1,1,114373.3,0
4262,15589054,Davis,599,Spain,Female,26,8,0.0,1,0,0,184240.09,0
4263,15707863,Laurent,656,France,Male,22,0,0.0,1,1,1,115030.33,0
4264,15772837,Becker,688,Spain,Male,37,6,0.0,2,1,1,12537.77,0
4265,15630181,Fernandez,682,Germany,Female,27,0,50977.26,1,0,0,98744.88,0
4266,15775550,Meyer,820,Germany,Female,31,0,78840.94,2,1,1,141396.62,0
4267,15593497,Hill,738,France,Female,34,4,0.0,2,0,1,119719.1,0
4268,15759640,Rivera,714,Spain,Female,32,5,0.0,1,0,0,27131.65,0
4269,15630540,Moore,744,Spain,Female,24,3,0.0,1,0,0,85248.89,0
4270,15719816,Davis,781,Spain,Male,38,2,171274.83,2,1,0,106224.12,0
4271,15571186,Scott,590,Spain,Female,64,1,97822.09,1,1,1,77173.77,1
4272,15774092,Taylor,497,France,Female,36,6,0.0,2,0,0,184740.44,0
4273,15709952,Vargas,591,Spain,Female,67,4,127591.35,2,1,0,196990.2,1
4274,15612918,Adams,517,Spain,Female,22,9,89080.93,1,1,0,152173.58,0
4275,15670298,Lewis,555,France,Male,30,4,112368.78,1,0,0,184285.52,0
4276,15598690,Baker,660,France,Female,60,6,147698.73,2,0,0,187529.79,0
4277,15772971,Hall,596,France,Female,29,10,0.0,1,1,0,69733.67,0
4278,15731414,Robinson,713,Spain,Male,39,10,0.0,1,0,0,68239.24,0
4279,15804501,Miller,679,France,Female,36,5,0.0,1,1,0,8258.15,0
4280,15725772,Schneider,685,Germany,Male,33,2,136734.82,2,1,1,43235.82,0
4281,15721034,Baker,527,France,Male,47,4,0.0,2,1,1,30884.96,0
4282,15637976,Ramirez,565,France,Male,36,2,0.0,1,1,1,33557.02,0
4283,15718306,Muller,465,Germany,Female,44,5,141586.28,1,0,0,31681.11,1
4284,15665264,Williams,705,France,Female,60,1,120235.72,2,1,1,67394.77,0
4285,15802400,Mitchell,836,Spain,Male,47,4,0.0,2,0,1,129905.56,0
4286,15755027,Meyer,667,France,Male,28,0,137481.6,1,1,1,172731.0,0
4287,15781466,Bernard,676,Spain,Female,73,10,142838.92,2,0,0,36427.55,0
4288,15693200,Roberts,598,France,Male,42,0,135366.46,1,1,0,129899.9,0
4289,15594258,Green,629,Spain,Male,34,9,0.0,1,1,1,103089.22,0
4290,15618520,Jones,774,Germany,Male,27,10,108490.06,2,1,1,129424.69,0
4291,15680253,White,659,France,Female,37,10,0.0,2,1,0,1366.01,0
4292,15726122,Roberts,712,France,Male,30,4,0.0,1,0,0,168452.87,0
4293,15777799,Ruiz,776,France,Female,26,8,125443.19,1,1,0,78197.02,0
4294,15661345,Allen,757,Germany,Female,27,10,135342.21,1,1,0,156792.53,1
4295,15726687,Vargas,653,Spain,Male,25,9,103119.02,4,0,0,68333.12,1
4296,15581567,Rivera,660,France,Female,23,9,0.0,1,1,1,192421.84,0
4297,15776218,Taylor,613,France,Male,33,5,121157.13,2,1,0,134609.83,0
4298,15597208,Taylor,698,Germany,Male,35,8,108872.12,2,0,1,185651.17,0
4299,15624417,Allen,610,Germany,Male,40,2,143461.91,2,1,1,82842.43,0
4300,15769388,Becker,684,Germany,Female,73,10,82526.73,2,1,1,59376.26,0
4301,15566458,Miller,751,France,Female,42,5,0.0,2,0,1,90724.11,0
4302,15776447,Walker,486,Germany,Female,32,2,121683.2,1,1,1,28760.24,0
4303,15657631,Brown,470,Spain,Female,33,3,86653.49,1,1,1,44281.68,0
4304,15603975,Gonzalez,646,France,Male,38,9,158994.13,3,1,0,75571.4,1
4305,15589116,Miller,715,France,Female,28,2,0.0,1,1,0,67811.78,0
4306,15573907,Scott,678,France,Male,44,7,0.0,1,0,0,8457.84,0
4307,15621329,Martinez,533,Germany,Male,33,3,115542.73,1,1,0,42906.02,0
4308,15666077,Hoffmann,737,France,Female,46,6,0.0,1,1,0,123430.15,1
4309,15693746,Laurent,835,Spain,Male,37,5,0.0,1,0,1,179412.29,0
4310,15626777,Hall,566,Germany,Male,34,6,101706.06,1,1,1,39858.04,0
4311,15679891,Navarro,580,Germany,Male,50,2,136961.09,1,1,0,42380.45,1
4312,15591642,Bernard,652,Spain,Male,25,9,162433.09,2,0,0,149050.96,0
4313,15802055,Williams,638,France,Female,40,9,0.0,3,0,1,127599.97,0
4314,15581003,Young,767,Spain,Male,25,10,0.0,2,1,1,177223.0,0
4315,15581460,Wright,678,France,Female,57,5,0.0,4,0,1,29129.78,1
4316,15719546,Roberts,622,Germany,Male,38,1,119656.61,1,1,1,180442.44,0
4317,15748474,Mitchell,593,Spain,Female,36,6,0.0,1,1,0,55667.58,0
4318,15688887,Navarro,502,Spain,Female,46,0,147520.45,1,1,0,55158.44,1
4319,15637835,Romero,783,Spain,Female,32,7,0.0,2,1,1,84150.89,0
4320,15712078,Martin,711,France,Male,34,2,123315.72,3,1,1,192461.56,1
4321,15575692,Romero,641,Spain,Female,27,2,0.0,1,1,0,20598.76,0
4322,15770230,Nguyen,661,Germany,Female,31,8,138089.1,2,1,1,124208.73,0
4323,15611347,Baker,640,Germany,Female,43,7,84705.54,2,0,0,169994.74,0
4324,15600879,Diaz,479,France,Male,34,1,127803.45,1,1,0,189099.33,0
4325,15587005,Clark,512,France,Male,29,9,70329.6,1,0,1,153974.0,0
4326,15767086,Rivera,630,Germany,Female,51,7,154427.08,1,0,0,12760.88,1
4327,15806857,Romero,629,France,Male,48,2,174281.36,1,1,1,164319.95,1
4328,15734098,Bernard,649,Germany,Male,68,4,102667.09,2,1,1,155462.86,0
4329,15573687,Jones,815,Spain,Female,30,5,129646.58,1,1,0,189233.82,1
4330,15733053,Hall,622,Spain,Male,48,10,144460.55,2,1,0,36049.68,0
4331,15616084,Fischer,576,France,Male,42,6,0.0,2,0,0,100481.44,0
4332,15685660,Fischer,655,Spain,Female,38,9,0.0,1,1,0,79135.29,0
4333,15567575,Robinson,515,France,Male,58,0,99069.61,1,1,0,138651.66,1
4334,15590943,Miller,665,France,Male,40,5,0.0,2,1,1,32173.17,0
4335,15803982,Muller,580,Spain,Male,30,0,0.0,2,1,1,8513.2,0
4336,15753733,Baker,672,France,Male,33,4,122538.15,2,1,0,63212.81,0
4337,15709418,Thompson,633,France,Male,25,6,0.0,1,1,1,144420.67,0
4338,15774889,Harris,636,France,Female,42,9,150502.91,2,1,0,127748.95,0
4339,15723782,Romero,711,Germany,Male,57,3,142262.04,1,0,1,59609.16,0
4340,15671429,Carter,721,Spain,Male,40,2,0.0,2,1,0,118853.56,0
4341,15737871,Alvarez,847,France,Female,38,9,0.0,1,0,1,106224.76,0
4342,15766169,Young,717,France,Male,46,5,171713.99,2,0,1,62482.03,0
4343,15643543,Navarro,626,Germany,Male,44,7,93981.34,1,0,1,3984.98,0
4344,15676401,Roberts,589,France,Male,51,10,0.0,1,1,0,100918.22,0
4345,15685263,Moreau,684,Germany,Male,36,0,133494.01,1,1,0,1898.9,0
4346,15638043,Lopez,792,Spain,Male,41,6,130515.19,2,0,0,141545.12,0
4347,15595280,Hill,733,Spain,Male,36,0,0.0,1,0,1,42824.69,0
4348,15751390,King,581,Spain,Female,27,10,122395.89,1,0,1,63333.57,0
4349,15651448,Bernard,694,Germany,Female,28,4,104128.66,1,1,1,22529.26,0
4350,15622956,Scott,672,Spain,Female,31,4,0.0,1,1,1,111769.71,0
4351,15726962,Jackson,752,France,Male,27,2,0.0,2,1,1,23021.69,0
4352,15735860,Clark,679,France,Female,38,6,0.0,1,1,0,87815.06,0
4353,15700970,King,676,Germany,Female,47,5,163193.81,2,1,0,133164.47,0
4354,15706221,Rivera,535,France,Male,32,10,0.0,1,1,0,193933.19,0
4355,15631366,Miller,727,Spain,Female,24,0,163197.51,1,1,1,102497.18,0
4356,15767743,Ruiz,515,Germany,Female,30,8,101616.21,2,1,1,45542.45,0
4357,15637180,Flores,659,Spain,Male,34,10,0.0,1,0,0,137124.11,0
4358,15813408,Young,597,France,Female,46,9,0.0,2,0,0,61331.32,0
4359,15631014,Nelson,591,France,Male,37,6,0.0,1,1,1,55633.89,0
4360,15762147,Moreau,707,Germany,Male,37,9,98932.3,1,0,0,126892.01,0
4361,15792329,Jones,650,France,Male,41,0,109948.2,1,0,1,11693.28,0
4362,15590094,Schneider,418,Germany,Male,48,0,114915.36,1,1,1,77778.19,0
4363,15768599,Roberts,631,Germany,Female,57,7,102212.87,2,0,1,73515.59,0
4364,15638030,Wagner,612,Spain,Female,32,2,0.0,1,1,1,30589.44,0
4365,15654580,Jones,772,Germany,Male,36,7,68903.49,1,1,1,121228.03,0
4366,15619697,White,529,France,Female,32,8,0.0,1,1,1,154497.17,0
4367,15730306,Bernard,836,France,Female,41,7,0.0,1,1,0,61445.72,1
4368,15694407,Davis,733,Germany,Female,24,9,88649.68,1,1,0,74710.31,0
4369,15580375,Romero,623,France,Female,62,2,0.0,1,1,0,75897.83,0
4370,15678516,Fernandez,609,France,Female,42,8,90159.33,1,1,1,116552.0,0
4371,15663155,Allen,588,France,Female,40,8,110413.1,2,0,0,153386.04,1
4372,15673365,Roberts,681,France,Male,30,3,147278.03,2,0,1,28959.98,0
4373,15759148,Flores,574,Germany,Female,33,2,108653.83,2,1,0,3080.6,0
4374,15736954,Bernard,639,France,Male,27,6,0.0,2,0,1,148491.37,0
4375,15735508,Taylor,545,Germany,Male,30,9,116954.17,1,1,0,68644.66,0
4376,15786012,Nguyen,719,France,Male,48,7,180244.65,1,0,1,104729.03,1
4377,15630172,Nguyen,666,Germany,Male,25,1,123922.64,2,1,0,132662.83,0
4378,15793071,Nelson,605,France,Female,67,4,0.0,1,0,0,198558.12,0
4379,15733894,Smith,627,Spain,Female,51,4,0.0,2,1,0,152965.88,1
4380,15812312,Dubois,583,France,Male,40,6,140950.94,1,1,1,65249.69,0
4381,15799862,Rodriguez,680,Germany,Female,29,6,103810.25,2,0,1,36873.32,0
4382,15642758,Miller,528,France,Male,44,10,0.0,2,1,1,107672.41,0
4383,15654602,Wright,737,France,Female,43,9,0.0,1,1,1,100012.89,0
4384,15756278,Girard,667,France,Male,31,5,107218.1,1,1,1,24735.81,0
4385,15756215,Lopez,606,Spain,Male,42,1,120623.38,1,1,0,91585.44,0
4386,15729334,Navarro,707,Spain,Female,34,2,149372.64,1,1,1,192783.14,0
4387,15591729,Girard,688,France,Male,24,1,162380.29,1,1,1,108033.71,0
4388,15768245,Rodriguez,549,France,Male,27,5,161664.37,1,1,0,198148.12,0
4389,15800737,Laurent,777,Germany,Male,50,1,124837.77,1,1,0,39426.66,1
4390,15768765,Fournier,408,Germany,Male,32,1,153995.98,2,1,0,114768.45,0
4391,15660889,Martinez,756,France,Female,31,1,0.0,2,1,1,19818.26,0
4392,15769376,King,634,Spain,Male,38,7,0.0,2,1,0,148727.19,0
4393,15608170,Moore,746,Germany,Male,23,3,105034.32,2,1,0,58477.57,0
4394,15729259,Garcia,790,Germany,Female,37,9,127054.88,2,1,1,191683.21,0
4395,15745626,Lopez,609,France,Female,39,5,0.0,2,1,0,5052.03,0
4396,15610138,Schmidt,613,France,Male,44,7,0.0,1,0,1,112890.86,1
4397,15611286,Martin,681,France,Female,28,5,108626.75,2,1,0,140757.69,0
4398,15657167,Meyer,540,Spain,Male,31,9,0.0,2,1,1,86170.61,0
4399,15720934,Taylor,618,France,Male,38,1,106831.33,2,1,1,193047.76,0
4400,15777019,Campbell,610,Spain,Female,29,8,136758.61,1,1,1,59938.69,0
4401,15758938,Clark,535,Spain,Male,39,6,131704.93,2,0,0,4719.88,0
4402,15691185,Campbell,604,Germany,Male,38,4,147159.63,2,0,0,136875.29,0
4403,15609249,Flores,723,France,Female,23,7,144205.23,1,1,0,102911.93,0
4404,15722238,Roberts,716,France,Female,48,5,0.0,2,1,1,121672.87,0
4405,15648699,Wright,633,France,Female,29,6,0.0,1,1,0,110529.61,0
4406,15569218,Davis,656,Germany,Female,37,5,104562.91,2,0,1,143996.98,0
4407,15782536,Weber,620,Spain,Male,62,1,0.0,2,1,0,94695.67,0
4408,15680637,Campbell,479,France,Female,29,4,0.0,2,1,1,13663.87,0
4409,15636045,Roberts,551,Spain,Male,42,10,194279.7,2,1,0,11561.73,0
4410,15799331,Vargas,743,France,Female,68,1,0.0,1,1,0,6047.96,0
4411,15679108,Nelson,766,France,Male,43,2,0.0,2,1,0,192857.75,0
4412,15732838,Fischer,567,France,Male,51,7,103149.36,2,1,0,191290.01,0
4413,15728021,Green,759,Germany,Male,27,1,89553.37,1,1,0,77690.63,0
4414,15762102,Anderson,534,France,Female,57,0,74902.27,2,1,1,134310.79,1
4415,15720864,Alvarez,600,France,Male,24,8,0.0,1,1,1,10600.95,0
4416,15781544,Hoffmann,638,Spain,Female,42,2,111450.73,1,0,0,141395.26,0
4417,15605334,Meyer,624,Germany,Female,37,2,149127.89,1,1,0,91244.84,0
4418,15671986,Martinez,583,France,Female,34,4,132749.96,2,1,1,99728.21,1
4419,15801349,Hoffmann,662,France,Male,32,9,0.0,1,1,0,20304.57,0
4420,15670736,Nguyen,725,Germany,Male,44,10,101938.63,2,1,1,78161.33,0
4421,15813818,Scott,509,France,Female,30,2,116807.56,1,0,0,36534.71,0
4422,15624781,Navarro,662,France,Female,33,3,0.0,1,1,1,1308.55,0
4423,15595822,Wagner,744,Germany,Male,43,5,94489.72,2,0,1,82591.43,0
4424,15669463,Fournier,610,France,Female,50,8,46242.64,1,1,1,20851.48,1
4425,15660345,Moreau,597,Germany,Male,35,0,88198.88,1,1,0,37080.85,0
4426,15812057,Rivera,567,France,Male,57,4,89840.64,1,0,1,61544.42,1
4427,15667732,Dubois,844,France,Male,38,1,154305.9,1,1,1,90668.03,0
4428,15639100,Perez,795,France,Male,37,2,0.0,2,0,1,48167.75,0
4429,15608290,Castillo,621,France,Male,81,6,0.0,1,0,0,190524.46,1
4430,15678427,Sanchez,764,France,Female,41,0,142666.04,2,1,1,183853.27,0
4431,15755351,Bernard,599,France,Male,65,9,156613.4,1,1,1,49682.73,0
4432,15697679,Harris,635,Spain,Female,78,0,96971.76,2,1,1,89749.38,0
4433,15749789,Johnson,547,Spain,Female,28,9,0.0,1,0,1,121480.83,0
4434,15598520,Walker,471,France,Female,30,4,169260.85,1,1,0,37284.73,1
4435,15658306,Campbell,594,Germany,Male,25,6,114389.68,2,1,0,125663.56,0
4436,15659807,Nguyen,609,Germany,Female,45,4,158293.22,1,1,1,84110.56,1
4437,15694077,Rivera,691,Spain,Male,45,4,122566.11,1,1,0,6223.88,0
4438,15704929,Johnson,714,France,Female,32,6,0.0,2,1,1,51390.74,0
4439,15805474,Laurent,638,France,Male,22,3,133903.0,2,1,1,36668.41,0
4440,15765753,Thompson,554,France,Female,41,0,109223.42,1,0,1,164556.1,1
4441,15629462,Wilson,586,France,Male,25,0,105560.06,2,1,0,99506.55,0
4442,15637581,Navarro,804,France,Female,35,3,102627.22,2,0,0,36020.71,0
4443,15635311,Smith,711,Spain,Male,45,2,0.0,2,1,1,113789.36,0
4444,15756529,Schmidt,788,Spain,Male,38,0,0.0,2,0,0,87248.08,0
4445,15605007,Torres,822,France,Female,50,1,0.0,1,1,1,85508.27,1
4446,15785499,Garcia,586,France,Male,34,9,0.0,2,0,0,40292.48,0
4447,15616108,Navarro,730,France,Female,30,5,172789.24,1,1,0,127828.03,0
4448,15635706,King,562,France,Female,29,4,168515.87,1,0,0,164055.21,0
4449,15668134,Fischer,750,Germany,Female,45,10,128651.05,1,0,0,97013.08,1
4450,15757688,Gonzalez,730,France,Female,36,6,0.0,1,0,1,29764.18,0
4451,15782316,Bernard,445,Spain,Female,30,1,163923.58,1,1,1,52331.36,0
4452,15786600,Rodriguez,689,Spain,Female,41,7,0.0,1,1,1,62792.13,0
4453,15751000,Ramirez,567,Germany,Male,24,7,134501.14,2,0,1,176623.77,0
4454,15567071,Jackson,617,Germany,Female,37,2,118554.65,2,1,1,124767.58,0
4455,15591071,Johnson,586,Germany,Female,40,7,163655.37,1,1,0,185315.54,0
4456,15774000,Navarro,738,France,Male,41,1,94402.94,2,1,1,64394.49,0
4457,15565842,Mitchell,584,France,Male,57,10,77830.2,2,1,0,174578.62,0
4458,15653422,Adams,526,Germany,Male,34,6,119777.64,1,1,0,158330.19,0
4459,15754894,Wagner,572,France,Female,40,3,94773.99,1,1,1,189773.2,1
4460,15672463,Dubois,629,Spain,Male,42,9,0.0,2,0,0,48362.56,0
4461,15597985,Davis,690,France,Female,36,5,0.0,2,1,0,189428.19,0
4462,15682104,Thomas,766,France,Female,27,9,107077.01,1,0,1,131887.85,0
4463,15759745,Clark,700,France,Female,46,1,111602.48,1,1,0,146901.59,0
4464,15580674,Roberts,707,Spain,Male,22,3,114061.05,3,1,0,37184.98,1
4465,15776941,Perez,722,France,Female,27,4,128656.58,2,0,1,43218.1,0
4466,15639401,Walker,729,France,Female,33,2,0.0,2,1,1,198856.95,0
4467,15665576,Hoffmann,750,France,Male,27,5,0.0,2,1,1,156793.75,0
4468,15704732,Hill,850,Germany,Male,37,3,146624.59,1,1,1,177803.68,0
4469,15586388,Johnson,728,Spain,Male,52,9,155777.15,2,1,0,52445.51,1
4470,15699962,Castillo,678,France,Female,66,2,174065.11,1,1,0,99014.52,1
4471,15567840,Wright,605,Spain,Male,36,2,0.0,2,1,0,105916.32,0
4472,15801054,Schmidt,680,France,Male,41,10,154226.4,1,0,1,53284.81,0
4473,15682437,Schmidt,762,Germany,Male,37,7,111122.57,2,0,1,28912.86,0
4474,15806871,Miller,532,France,Male,36,0,134273.63,1,1,0,37196.49,0
4475,15597448,Miller,772,France,Male,36,9,123383.9,1,1,1,63765.98,0
4476,15761441,Vargas,609,Germany,Female,61,2,172588.61,2,1,0,84403.07,0
4477,15813171,White,628,Germany,Male,23,7,101655.95,2,1,1,3755.44,0
4478,15613560,Perez,701,France,Female,48,0,0.0,2,1,0,95418.86,0
4479,15685110,Moore,599,Spain,Male,29,2,121650.02,1,1,1,105761.25,0
4480,15727063,King,695,Spain,Male,34,9,62325.5,1,1,1,95042.71,0
4481,15605505,Hall,538,France,Female,27,0,122317.41,1,0,1,118496.44,0
4482,15650453,Wilson,735,Germany,Female,27,5,46687.74,1,1,1,17933.43,0
4483,15802204,Anderson,669,Spain,Female,50,4,93898.36,2,1,1,176284.49,0
4484,15686719,Weber,650,France,Male,31,2,0.0,2,0,0,46753.91,0
4485,15566294,Meyer,677,Spain,Male,37,1,0.0,2,1,0,87526.0,0
4486,15616093,Diaz,648,France,Female,42,4,127739.41,2,0,0,171276.5,0
4487,15714945,Bernard,693,Spain,Male,57,4,0.0,1,1,0,143131.27,1
4488,15777551,Weber,630,France,Female,27,1,117864.74,1,1,0,144413.45,0
4489,15712424,Hill,622,France,Male,59,7,0.0,2,0,1,160103.04,0
4490,15813118,Torres,479,Germany,Male,39,1,155062.6,1,1,0,193393.16,0
4491,15728819,Thomas,782,Germany,Female,39,4,165921.33,2,0,1,8235.45,0
4492,15747298,Alvarez,537,Spain,Female,34,10,93608.64,1,1,0,199470.96,0
4493,15733328,Sanchez,807,Spain,Female,32,4,107822.18,1,1,0,186975.79,1
4494,15768234,Bernard,626,France,Female,25,7,0.0,1,0,0,28366.3,0
4495,15669309,Moreau,768,France,Male,53,5,0.0,1,1,1,58965.84,1
4496,15620901,Moreau,751,France,Female,26,7,0.0,2,1,1,131798.29,0
4497,15749470,Castillo,743,France,Female,31,8,119679.85,3,1,0,176089.48,1
4498,15703074,Johnson,655,France,Male,50,5,0.0,1,1,0,108441.08,0
4499,15633504,Ruiz,534,Spain,Male,35,7,0.0,2,1,0,102599.55,0
4500,15698309,Hall,632,Spain,Female,28,5,0.0,1,0,1,23942.78,0
4501,15620016,Thomas,619,France,Male,47,3,0.0,1,0,1,144772.93,0
4502,15674680,White,640,France,Female,32,8,129894.39,2,1,1,99868.05,0
4503,15797181,Carter,531,Germany,Male,31,4,151384.48,1,1,1,20873.52,1
4504,15761155,Wilson,622,France,Female,27,0,109235.57,1,0,1,182457.82,1
4505,15574728,Campbell,367,France,Female,32,2,0.0,1,1,1,47486.01,1
4506,15752049,Thompson,621,France,Female,33,7,152887.89,1,0,0,106544.38,0
4507,15744668,Ramirez,662,France,Female,42,7,85442.97,2,1,1,166804.2,0
4508,15620278,Wright,574,France,Male,30,6,156484.44,1,1,1,134971.88,0
4509,15727278,Castillo,624,Spain,Female,53,4,0.0,1,1,1,46928.7,1
4510,15710089,Rivera,666,France,Female,51,3,0.0,2,1,0,199916.45,1
4511,15670146,Robinson,748,Germany,Female,51,0,144407.96,1,1,1,18585.23,1
4512,15691530,Dubois,752,Germany,Female,38,2,114675.68,1,1,0,161083.05,0
4513,15705788,Campbell,680,Spain,Female,46,10,121008.49,1,1,1,92834.45,0
4514,15729153,Campbell,647,France,Female,44,9,0.0,2,1,1,14443.83,0
4515,15727080,Vargas,684,France,Female,49,0,0.0,2,1,0,48534.34,0
4516,15670959,Martin,825,France,Female,50,10,123208.87,2,1,1,16674.43,0
4517,15613803,Anderson,699,France,Female,45,8,155265.72,1,1,0,41399.79,1
4518,15595816,Allen,675,France,Male,45,1,0.0,1,1,1,176938.12,0
4519,15703273,Campbell,754,Spain,Male,44,4,57653.4,2,1,0,58500.4,0
4520,15681250,Campbell,655,France,Female,45,1,0.0,2,1,1,122161.68,1
4521,15606467,Moore,567,France,Male,37,7,0.0,1,0,1,39919.27,0
4522,15695380,Smith,695,France,Male,31,7,109386.38,2,1,1,48995.71,0
4523,15706362,Flores,667,Spain,Male,28,2,89346.06,1,1,0,70553.57,0
4524,15613103,Martinez,629,Spain,Female,27,8,98251.61,1,1,1,189561.56,0
4525,15765386,Romero,703,Germany,Female,28,3,75113.24,1,1,0,42293.16,0
4526,15738672,Baker,474,Germany,Female,49,5,181725.33,2,1,1,131414.92,0
4527,15760276,Weber,598,Germany,Female,56,1,170208.48,2,0,0,74467.29,0
4528,15813553,Williams,565,Germany,Female,45,10,91232.75,1,1,0,28531.76,1
4529,15801091,Smith,575,France,Male,40,2,121480.34,1,1,1,110906.52,0
4530,15601609,Navarro,635,Germany,Male,25,9,102102.25,1,0,0,74579.44,0
4531,15717788,Romero,562,Spain,Male,36,9,115279.09,1,1,0,174546.92,0
4532,15650961,Harris,813,France,Male,31,1,131945.57,1,0,0,185140.6,0
4533,15634072,Ruiz,694,Germany,Female,31,1,125726.38,1,1,1,114034.8,0
4534,15602275,Lewis,573,France,Male,38,1,149473.91,2,0,0,58704.45,0
4535,15569444,Brown,481,Germany,Female,44,9,104688.49,2,0,1,106378.53,0
4536,15601476,Green,593,France,Female,37,0,0.0,2,0,1,176998.22,0
4537,15574727,Ramirez,618,Germany,Male,70,6,45843.04,2,1,1,134955.28,0
4538,15597739,Lopez,588,Spain,Female,39,9,124802.12,2,1,1,17353.85,0
4539,15622069,Hoffmann,850,France,Female,24,3,0.0,2,1,0,12891.55,0
4540,15703406,Meyer,490,France,Female,61,6,0.0,2,1,1,30933.25,0
4541,15764521,Hill,655,France,Female,37,0,158144.08,1,1,1,113239.56,0
4542,15776215,Flores,637,France,Female,56,10,158510.67,1,1,1,33581.69,1
4543,15620508,Gonzalez,626,Spain,Female,27,6,89811.61,1,1,0,50827.78,0
4544,15762055,Fischer,462,France,Female,26,8,171481.43,2,1,0,105627.49,0
4545,15601945,Fischer,646,France,Male,30,2,141741.42,1,0,1,113231.22,0
4546,15777229,Davis,667,France,Female,28,8,0.0,2,1,1,164942.4,0
4547,15760542,Scott,719,Spain,Male,49,6,0.0,2,0,1,87366.77,0
4548,15734665,Young,697,France,Male,53,1,0.0,1,1,1,155557.61,0
4549,15630955,Hall,768,Germany,Male,43,6,141899.44,1,1,1,15915.47,1
4550,15660168,Baker,452,France,Male,40,1,96192.85,3,1,0,108436.52,1
4551,15749089,Harris,627,France,Male,24,7,0.0,1,1,0,85911.67,0
4552,15758759,Alvarez,850,Germany,Male,31,10,85081.32,1,0,1,184925.36,0
4553,15791465,Jones,753,France,Male,32,9,0.0,2,1,1,144054.88,0
4554,15674461,Smith,509,Germany,Female,25,5,113590.65,3,1,0,138304.07,1
4555,15611386,Schmidt,659,France,Female,36,9,164891.56,1,0,1,180958.48,1
4556,15641493,Bernard,548,Germany,Female,43,10,87945.66,1,1,0,49555.98,1
4557,15623415,Thompson,608,Spain,Male,47,5,129214.41,1,0,0,151563.47,1
4558,15627295,Rivera,844,Germany,Female,44,3,151419.38,2,1,1,173232.44,0
4559,15790183,Miller,743,France,Male,34,2,0.0,2,1,1,198542.88,0
4560,15576660,White,503,Germany,Male,32,6,138338.75,3,1,1,85823.36,1
4561,15735660,Ruiz,576,Spain,Male,35,4,119529.41,2,1,0,133179.53,0
4562,15709597,Romero,650,France,Female,36,6,0.0,1,0,1,37697.3,0
4563,15569360,Meyer,624,France,Female,28,10,54132.68,2,0,1,111794.16,0
4564,15763950,Wilson,680,Spain,Female,33,0,133643.8,2,1,1,89112.09,0
4565,15622112,Scott,575,France,Female,31,3,0.0,1,1,1,27585.41,0
4566,15722307,Fournier,614,Germany,Male,59,5,108582.8,2,1,0,183538.34,1
4567,15638326,Flores,574,Spain,Female,48,7,162036.15,1,1,1,180374.49,0
4568,15657671,Wright,614,France,Male,43,10,0.0,2,1,1,191706.1,0
4569,15675223,Lopez,718,Germany,Male,29,9,127294.4,2,1,0,36032.77,0
4570,15761968,Torres,679,Germany,Female,46,4,178538.38,1,1,1,3790.59,1
4571,15638506,Castillo,582,France,Female,30,6,0.0,2,1,1,148553.8,0
4572,15611815,White,760,Spain,Male,46,5,0.0,1,1,1,54153.74,0
4573,15725657,Nelson,753,France,Male,34,1,158029.8,1,1,0,125742.14,0
4574,15810674,Muller,650,France,Male,51,7,122106.3,1,1,0,106755.29,1
4575,15602878,Ramirez,625,Spain,Male,26,9,104576.46,3,1,0,115664.95,1
4576,15657166,Green,821,France,Male,45,8,93081.9,1,1,1,99213.44,0
4577,15575039,Young,806,Spain,Female,53,3,0.0,2,1,0,2068.51,0
4578,15718121,Hall,503,France,Male,35,9,0.0,1,1,1,53456.54,0
4579,15675553,Young,766,France,Male,34,2,103240.59,1,1,0,184414.56,0
4580,15657061,Meyer,817,France,Male,37,4,125029.17,1,1,0,84554.69,0
4581,15697641,Smith,714,Germany,Female,43,2,94791.6,1,0,0,63371.96,0
4582,15657847,Brown,605,Spain,Male,32,4,162725.4,2,1,0,4781.1,0
4583,15634940,Wilson,616,Spain,Male,31,10,0.0,1,1,0,74243.63,0
4584,15654306,Wilson,816,Spain,Female,62,5,0.0,2,1,0,44453.28,0
4585,15733002,Torres,731,Germany,Female,34,8,100206.95,2,0,0,104166.0,0
4586,15803317,Hill,703,Spain,Male,36,10,0.0,1,1,1,138494.51,0
4587,15791468,Allen,850,Germany,Female,33,1,135787.09,1,0,0,12276.43,0
4588,15665601,Scott,552,Spain,Male,44,10,140443.48,1,1,1,142380.18,1
4589,15616352,Flores,641,Germany,Female,31,1,139371.93,2,1,0,4530.21,0
4590,15760888,Scott,668,Spain,Male,36,6,140646.5,2,0,1,136738.2,0
4591,15710922,Williams,629,France,Female,49,4,0.0,2,1,0,30932.07,0
4592,15776925,Moore,471,France,Female,47,3,127722.22,1,0,1,69638.49,0
4593,15630085,Moore,747,Germany,Female,34,7,161330.38,2,0,0,24588.22,0
4594,15713313,Bernard,577,France,Female,37,9,0.0,2,1,0,110877.94,0
4595,15640870,Castillo,575,France,Male,29,0,152328.51,1,1,0,158338.53,0
4596,15776463,Brown,615,Spain,Female,37,1,0.0,1,0,0,112073.54,0
4597,15679048,Carter,628,France,Male,66,5,116270.63,1,0,1,180635.77,0
4598,15727229,Nelson,638,France,Male,46,1,83751.64,2,1,0,6413.73,0
4599,15567404,Vargas,743,France,Male,29,3,105689.01,2,1,1,71455.83,0
4600,15679650,Moreau,763,France,Female,26,4,158506.08,2,1,0,75950.43,0
4601,15682685,Wagner,625,Germany,Female,30,4,100876.47,2,1,0,63836.08,0
4602,15709923,Roberts,592,Spain,Female,27,7,0.0,2,1,1,84198.48,0
4603,15577821,Alvarez,638,Spain,Female,36,5,115083.96,1,0,0,114315.77,0
4604,15575376,Vargas,563,Germany,Female,51,0,160474.88,1,1,0,38797.19,1
4605,15781692,Moreau,647,Germany,Female,36,7,120310.42,1,1,0,40116.63,0
4606,15603676,Walker,558,France,Female,31,3,0.0,2,1,1,28358.69,0
4607,15645167,Campbell,850,Spain,Male,34,0,98208.58,1,0,1,59486.78,0
4608,15587370,Smith,662,France,Male,42,8,98339.98,2,1,0,129015.02,0
4609,15566730,Becker,598,France,Female,39,4,99307.41,1,1,1,102928.11,0
4610,15714976,Meyer,718,Spain,Female,30,7,0.0,2,1,0,57447.47,0
4611,15677679,Laurent,530,Spain,Male,46,7,90387.7,2,0,0,191965.24,0
4612,15788896,Young,581,France,Male,28,0,0.0,1,0,1,126718.57,0
4613,15735248,Jones,691,Germany,Male,38,9,198810.62,2,1,1,53924.46,0
4614,15579575,Carter,663,France,Male,33,2,126126.57,2,1,0,9209.46,0
4615,15621518,Young,752,France,Female,35,8,109516.6,1,1,0,47067.96,0
4616,15801903,Wilson,385,France,Male,29,7,0.0,1,1,1,97606.55,0
4617,15572504,Baker,729,France,Male,37,1,0.0,2,1,1,41239.32,0
4618,15704084,Laurent,597,Germany,Female,28,1,151966.5,2,1,1,64700.53,0
4619,15727021,Moreau,536,France,Male,32,9,0.0,1,1,1,197653.62,0
4620,15632505,White,483,Germany,Male,34,0,129311.11,1,1,1,187126.73,0
4621,15666049,Hall,596,France,Female,30,2,105834.43,1,1,1,101941.32,0
4622,15650000,Anderson,804,Spain,Male,54,10,0.0,1,0,1,167573.34,0
4623,15606582,Sanchez,744,Germany,Female,32,1,108089.28,2,0,1,56068.12,0
4624,15579356,Fournier,809,Spain,Female,34,6,145746.86,2,0,0,149163.48,0
4625,15594564,Ramirez,639,France,Female,37,4,130951.86,2,0,0,179103.47,0
4626,15629395,King,660,Germany,Male,26,4,113475.18,2,1,1,166620.02,0
4627,15574463,Hoffmann,497,Spain,Female,25,1,139550.28,1,0,1,126572.02,0
4628,15748437,Davis,497,France,Female,34,6,110328.76,1,1,1,165580.93,0
4629,15574280,Nguyen,636,France,Female,25,3,0.0,1,1,1,1417.94,0
4630,15772272,Williams,517,France,Male,40,7,88524.2,2,0,0,77105.14,1
4631,15698683,Schmidt,567,France,Male,41,8,109202.36,2,1,0,153742.02,0
4632,15591857,Hoffmann,654,France,Male,40,5,143819.83,2,1,0,81351.15,0
4633,15587484,Green,773,France,Female,45,0,141574.87,1,1,1,37383.1,1
4634,15678041,Fournier,651,France,Female,34,7,0.0,2,0,1,154827.32,0
4635,15577401,Wright,518,Germany,Male,54,5,93763.54,2,1,0,122089.64,1
4636,15641813,Adams,473,France,Female,39,7,135380.42,1,1,0,104822.69,0
4637,15717418,Roberts,662,France,Female,53,8,0.0,2,0,0,67775.63,0
4638,15758967,Hoffmann,589,Germany,Female,45,1,147051.58,1,0,1,19498.58,1
4639,15611719,Nguyen,661,France,Male,35,1,84534.8,2,1,1,172726.47,0
4640,15693924,Muller,630,France,Female,39,4,0.0,2,1,1,40129.49,0
4641,15627087,Perez,643,France,Female,42,9,0.0,2,0,1,126880.18,0
4642,15576750,Martinez,767,France,Female,24,3,162496.0,2,0,0,58751.08,0
4643,15741718,Davis,752,France,Female,27,4,0.0,3,1,0,45994.21,1
4644,15641109,Gonzalez,686,France,Female,58,8,110798.25,2,0,0,89370.52,0
4645,15771004,Meyer,563,France,Male,42,8,128222.29,1,0,1,146457.78,0
4646,15646872,Nelson,597,Spain,Female,49,8,0.0,2,1,1,46123.76,0
4647,15696722,Brown,724,Spain,Male,54,10,108203.52,1,1,0,18553.41,1
4648,15587673,Thompson,776,France,Female,34,8,0.0,1,0,1,97013.0,0
4649,15611234,Lewis,526,France,Female,53,1,123023.39,2,1,1,109617.27,0
4650,15809000,Nguyen,798,France,Female,35,4,0.0,1,0,1,131328.45,0
4651,15751379,Fischer,574,Spain,Female,42,8,0.0,1,1,1,90186.97,0
4652,15599568,Schneider,715,Spain,Male,56,6,132104.62,2,1,1,77462.34,0
4653,15703169,Meyer,850,France,Male,44,1,101080.52,1,0,1,30539.27,0
4654,15584253,Ruiz,496,France,Female,28,7,0.0,2,1,0,60050.73,0
4655,15772087,Robinson,699,France,Male,35,1,133824.93,1,1,0,49691.97,0
4656,15789771,Dubois,620,Spain,Male,39,3,92647.34,1,1,1,26503.99,0
4657,15713086,Sanchez,693,Spain,Female,43,10,130001.65,2,0,1,190957.05,0
4658,15779947,Romero,590,France,Male,51,10,0.0,2,1,1,36692.19,1
4659,15566978,Torres,409,Germany,Male,43,0,138417.69,2,1,0,114418.47,0
4660,15788241,Ruiz,577,France,Male,36,4,61316.29,1,1,0,80584.36,0
4661,15626573,Garcia,684,Germany,Female,34,3,163317.88,1,1,1,109596.42,1
4662,15619568,Young,781,Spain,Male,34,5,0.0,1,1,0,116977.66,0
4663,15729973,Meyer,689,France,Female,32,9,0.0,2,0,0,104037.35,0
4664,15679487,Martin,793,France,Male,32,9,122299.89,2,0,1,65969.58,0
4665,15770121,King,602,Germany,Male,49,1,135423.57,1,0,0,68141.12,1
4666,15735835,Taylor,594,France,Male,38,8,118668.17,1,1,0,34102.75,0
4667,15693325,Thomas,683,Spain,Male,32,0,122424.21,2,1,1,82644.85,0
4668,15740767,Allen,614,France,Female,37,5,91409.16,2,0,0,72412.29,0
4669,15747368,Campbell,759,Spain,Male,33,6,0.0,2,1,1,198481.96,0
4670,15753343,Flores,514,France,Male,25,4,133350.45,2,1,0,18683.28,0
4671,15648951,Hoffmann,734,France,Male,43,9,0.0,2,1,1,115545.33,0
4672,15777104,Wright,767,France,Male,50,7,0.0,1,0,1,197901.45,1
4673,15652160,White,685,France,Male,47,10,0.0,2,0,0,185550.7,0
4674,15787487,Laurent,739,France,Male,46,4,0.0,1,0,1,138720.46,1
4675,15798507,Fournier,587,Germany,Female,28,4,75358.31,1,0,0,79390.99,0
4676,15581647,Girard,569,France,Male,53,6,0.0,1,1,0,145419.69,0
4677,15621583,Gonzalez,684,France,Female,32,2,141962.2,2,0,0,187277.39,0
4678,15605439,Robinson,580,France,Female,27,8,112925.07,2,1,1,108448.8,0
4679,15714489,Smith,679,France,Male,23,3,146664.23,1,1,1,68628.56,0
4680,15664058,Walker,679,Spain,Female,39,1,0.0,1,1,0,2653.99,0
4681,15783739,Ruiz,643,Spain,Female,53,5,0.0,2,1,1,101241.02,0
4682,15665606,Wilson,677,France,Female,51,7,139708.23,2,1,0,18621.06,0
4683,15570203,Martinez,712,Spain,Female,37,5,0.0,1,1,0,63724.22,1
4684,15636407,Clark,640,Germany,Female,48,0,124743.6,2,1,0,124522.05,1
4685,15642275,Schneider,604,Spain,Male,67,0,148217.25,1,1,0,55559.33,1
4686,15767473,Garcia,730,France,Female,33,8,121464.67,2,1,0,44780.4,0
4687,15778701,Taylor,677,France,Male,42,10,118043.91,2,0,0,117754.91,0
4688,15646375,Brown,694,France,Female,54,2,0.0,2,1,0,14650.49,1
4689,15772426,Moreau,707,Spain,Female,27,10,125309.83,1,1,1,185681.6,0
4690,15753257,Carter,664,Germany,Female,28,5,112268.11,1,1,0,196653.24,0
4691,15584888,Jackson,617,France,Female,57,1,72535.04,1,0,0,197826.31,1
4692,15624583,Young,590,France,Male,49,2,120743.2,1,0,0,1350.65,0
4693,15800285,Adams,641,Germany,Female,31,10,140974.96,2,1,0,478.33,0
4694,15600516,Ramirez,697,Spain,Male,29,3,164839.34,1,1,0,20644.78,0
4695,15713360,Walker,701,France,Female,28,9,0.0,1,1,1,183440.36,0
4696,15598810,Green,664,Germany,Female,39,6,133469.83,2,0,0,173874.53,0
4697,15748452,Campbell,684,France,Male,31,8,0.0,1,1,1,3561.96,0
4698,15590375,Baker,543,France,Female,31,4,107313.59,1,0,1,14331.97,1
4699,15766789,Nelson,605,Germany,Male,28,1,169790.36,1,0,1,60699.76,0
4700,15762874,Becker,715,Spain,Male,37,5,94844.65,2,0,0,55867.16,0
4701,15678136,Jones,569,Spain,Female,27,10,0.0,4,1,0,313.91,1
4702,15677131,Moore,664,France,Female,43,10,0.0,1,1,0,16293.22,1
4703,15585000,Clark,655,France,Female,51,4,143118.09,1,1,0,135630.32,1
4704,15630111,Alvarez,639,France,Male,39,1,107801.12,2,1,0,118224.21,0
4705,15777754,Thomas,716,France,Male,48,2,73974.32,2,1,1,70771.25,0
4706,15585028,Anderson,672,France,Male,35,4,0.0,1,1,0,48995.39,0
4707,15786080,Anderson,534,France,Male,30,10,139419.73,1,1,0,94903.15,0
4708,15726589,Green,700,France,Male,34,5,0.0,1,0,0,127705.23,0
4709,15645493,Wright,601,France,Male,25,5,0.0,1,1,1,60941.83,0
4710,15729166,Alvarez,518,France,Female,32,8,0.0,1,1,1,26603.01,0
4711,15777024,Becker,722,Spain,Male,35,1,74440.75,1,1,1,183451.57,0
4712,15739689,Adams,535,France,Female,37,3,111476.54,1,1,1,23164.69,0
4713,15601802,Walker,616,Germany,Female,49,8,126301.55,1,1,0,167709.67,1
4714,15591915,Rodriguez,678,Spain,Male,54,4,0.0,1,1,0,112543.53,1
4715,15739397,Martin,643,Germany,Female,39,6,157217.39,1,1,0,93901.28,0
4716,15745312,Castillo,589,France,Male,28,9,0.0,1,1,0,51140.1,0
4717,15766448,Anderson,554,France,Male,28,8,0.0,2,1,0,139991.55,0
4718,15715416,Wright,576,Germany,Female,32,5,104656.12,1,1,0,98173.93,0
4719,15672574,Thomas,545,Germany,Male,30,0,99182.71,2,0,1,20592.51,1
4720,15766245,Torres,638,France,Male,39,9,0.0,2,1,0,164232.89,0
4721,15665561,Rivera,597,France,Female,29,0,0.0,2,1,1,137007.43,0
4722,15741931,Clark,516,Germany,Male,55,0,138728.87,2,1,0,153978.01,1
4723,15645672,Becker,622,France,Female,46,2,108575.37,1,1,1,45619.33,1
4724,15633498,Jones,588,Germany,Female,49,3,105891.88,2,1,1,64309.39,0
4725,15806223,Lewis,676,France,Male,31,8,110459.41,2,0,0,65698.63,0
4726,15593305,Laurent,685,France,Female,29,6,0.0,1,1,0,32177.65,0
4727,15628844,Smith,780,Spain,Male,31,10,0.0,1,0,1,176426.18,0
4728,15687300,Weber,713,France,Male,38,1,135168.72,1,1,0,73191.58,0
4729,15583768,Schmidt,544,Germany,Female,37,10,58081.65,2,1,1,61517.08,0
4730,15731823,Fischer,439,France,Male,53,5,135568.38,2,1,1,95040.12,0
4731,15756524,Ramirez,503,France,Female,56,6,74249.59,1,1,1,191234.75,1
4732,15652768,Brown,601,Spain,Male,38,0,0.0,2,0,0,73126.95,0
4733,15654290,Baker,494,France,Male,27,8,151979.96,2,1,0,185990.15,0
4734,15677389,Gonzalez,590,France,Female,34,5,88752.95,2,0,0,186507.31,0
4735,15755538,Perez,653,Spain,Female,78,8,98075.45,1,1,1,64118.48,0
4736,15791775,Hoffmann,595,Germany,Male,27,10,149249.81,1,1,0,118739.34,0
4737,15657544,Lee,677,Germany,Female,40,2,110599.49,2,0,0,128473.59,0
4738,15580373,Brown,591,France,Male,31,10,0.0,2,1,1,57176.94,0
4739,15662688,Fernandez,576,France,Male,64,5,98277.27,2,1,0,198502.51,0
4740,15612781,Diaz,816,Germany,Female,41,3,192495.2,2,0,1,119353.25,0
4741,15608658,Robinson,647,France,Female,31,7,105110.0,1,1,0,142947.28,0
4742,15575616,Taylor,661,France,Male,33,0,0.0,2,1,0,138146.48,0
4743,15596927,Jackson,732,Spain,Female,24,7,139522.64,1,0,0,44704.31,0
4744,15640805,Hall,735,France,Male,39,10,0.0,3,1,1,118736.23,1
4745,15645035,Torres,614,France,Female,40,2,177958.07,1,1,1,172801.52,1
4746,15703600,Jackson,751,France,Female,27,6,0.0,1,0,1,152460.61,0
4747,15739326,Meyer,606,France,Male,43,8,0.0,1,0,1,91558.11,0
4748,15713456,Green,749,Germany,Male,56,6,124211.28,4,1,1,108594.89,1
4749,15637606,Fischer,530,Spain,Female,28,10,89179.07,4,0,0,128270.81,1
4750,15576202,Anderson,620,France,Female,43,8,149362.59,2,0,1,74297.71,0
4751,15751525,Gonzalez,672,France,Male,43,3,92933.62,1,1,0,66589.09,0
4752,15597741,Thompson,685,Germany,Male,38,4,158833.96,2,1,0,89954.02,0
4753,15680619,Harris,568,France,Male,39,7,0.0,2,1,1,199718.21,0
4754,15665612,White,490,France,Female,33,4,0.0,1,1,0,139964.13,0
4755,15712723,Robinson,695,Spain,Female,24,4,0.0,1,1,1,26674.22,0
4756,15632178,Baker,630,Germany,Female,40,9,83764.3,1,1,0,24944.79,1
4757,15716228,Romero,612,France,Male,46,1,0.0,1,1,0,27310.17,0
4758,15722154,Clark,810,Spain,Female,29,5,0.0,1,1,0,176303.72,1
4759,15724404,Martin,622,France,Male,31,4,0.0,1,1,1,29041.05,0
4760,15628786,Rodriguez,600,Spain,Male,30,8,139872.2,2,1,0,90206.76,0
4761,15663563,Dubois,475,Germany,Male,41,10,112989.84,2,0,0,128683.96,0
4762,15783114,Adams,545,Germany,Male,40,9,93952.74,2,1,0,162154.48,0
4763,15764268,Jones,735,Spain,Female,30,3,130391.36,1,0,0,64554.45,1
4764,15692159,Lopez,580,Germany,Male,36,4,57778.73,1,1,1,46269.14,0
4765,15590579,Schmidt,711,France,Male,37,1,80156.55,1,1,0,20682.93,0
4766,15597789,Smith,525,France,Female,40,9,88898.04,2,0,0,16033.86,0
4767,15602751,Williams,566,Germany,Male,33,3,48109.26,1,1,0,30319.16,0
4768,15629696,Fischer,563,Germany,Male,50,3,130889.07,2,1,1,137034.84,1
4769,15754051,Ruiz,696,France,Male,41,4,94362.56,1,0,1,13899.43,0
4770,15781586,Nelson,629,Germany,Male,50,10,127062.54,2,1,0,129844.03,1
4771,15596491,Clark,542,Germany,Male,40,10,142387.78,1,0,0,171735.13,1
4772,15668645,Torres,719,France,Female,41,3,0.0,1,1,1,103598.76,0
4773,15773215,Sanchez,698,France,Male,26,7,143941.1,2,1,0,188223.18,0
4774,15805808,Meyer,683,France,Male,39,2,71935.62,1,1,1,92954.92,0
4775,15651402,Flores,679,France,Female,36,5,0.0,1,1,1,94042.98,0
4776,15683457,Hall,567,France,Male,52,7,0.0,2,1,1,31724.23,0
4777,15760174,Robinson,772,France,Female,49,5,92474.04,1,1,1,126801.38,0
4778,15753381,Bernard,640,France,Male,53,10,163970.28,2,0,0,152133.14,0
4779,15743509,Allen,676,France,Female,31,5,0.0,2,1,0,40288.75,0
4780,15704733,Nelson,687,Germany,Male,37,8,149844.69,3,0,0,122663.98,1
4781,15745629,Laurent,558,France,Female,55,5,79921.93,2,0,1,83047.56,0
4782,15676620,Thompson,834,Spain,Female,31,8,0.0,1,1,0,196411.97,0
4783,15623809,Lewis,647,Spain,Female,52,9,0.0,2,1,0,14926.28,1
4784,15763528,Williams,653,Germany,Female,50,10,89768.24,2,0,0,78405.93,1
4785,15776635,Navarro,610,Spain,Male,36,3,113284.74,1,1,1,82584.96,0
4786,15632424,Harris,762,Spain,Male,60,6,0.0,2,0,0,93540.54,0
4787,15755148,Mitchell,766,France,Female,51,7,0.0,1,1,1,60504.47,0
4788,15624591,Girard,665,Germany,Female,27,9,135857.16,2,1,0,56590.49,0
4789,15729800,Sanchez,508,France,Male,56,1,118819.54,1,1,1,70524.62,1
4790,15632408,Gonzalez,634,Germany,Female,37,0,123293.73,1,1,0,32255.62,1
4791,15779001,Lewis,644,France,Female,41,0,0.0,1,1,0,26010.0,0
4792,15807731,Scott,606,France,Female,41,1,176367.62,1,1,1,178470.16,0
4793,15705825,Johnson,555,France,Female,44,3,0.0,3,1,0,101026.32,1
4794,15775155,Thomas,499,Spain,Female,55,2,0.0,2,0,1,156313.17,0
4795,15653756,Ruiz,793,France,Male,41,1,62232.15,1,1,0,68525.49,0
4796,15722533,Hill,722,France,Female,36,10,111807.64,1,1,0,185863.3,1
4797,15720164,Carter,653,France,Male,29,8,131312.53,2,1,1,162410.27,0
4798,15652292,Bernard,587,France,Male,33,2,98094.23,2,1,0,192333.04,0
4799,15774500,Williams,685,Spain,Female,49,4,0.0,1,1,0,154046.25,0
4800,15693202,Green,670,Spain,Female,53,4,0.0,2,1,0,143292.97,1
4801,15587627,Gonzalez,611,France,Male,34,9,112475.74,1,1,0,118573.24,0
4802,15566844,King,688,France,Female,47,0,124976.45,1,1,1,159223.8,1
4803,15747506,Moore,700,France,Male,32,9,0.0,1,1,1,63010.85,0
4804,15634861,Miller,717,France,Male,25,0,123716.67,2,0,0,13619.37,0
4805,15791537,Adams,564,Spain,Female,27,5,129967.58,1,1,1,71865.56,0
4806,15754212,Garcia,692,Germany,Female,51,6,140089.74,1,1,0,154653.79,1
4807,15756718,Allen,764,France,Male,25,2,0.0,2,1,0,21240.67,0
4808,15639260,Young,679,Germany,Male,45,1,130173.55,1,1,0,178333.96,0
4809,15605786,Navarro,850,France,Female,40,4,0.0,1,1,0,107383.77,0
4810,15755273,Hall,633,Germany,Male,52,9,71681.91,1,1,0,159918.32,1
4811,15802297,Rivera,483,Germany,Female,39,6,106010.58,1,1,1,101758.78,0
4812,15758371,Nguyen,568,Germany,Male,43,9,213153.21,2,1,1,168306.0,0
4813,15571257,Castillo,585,Germany,Female,40,3,119593.86,2,1,0,198966.41,0
4814,15769371,Lee,704,Spain,Male,41,6,0.0,1,0,1,161673.26,0
4815,15619421,Clark,731,France,Male,37,9,155590.67,1,1,1,175430.91,0
4816,15597658,Moore,663,France,Male,43,4,0.0,2,0,1,164569.49,0
4817,15778962,Mitchell,678,France,Female,35,10,164572.18,2,1,1,90042.39,0
4818,15685161,Allen,836,France,Female,48,9,0.0,1,1,1,70803.29,0
4819,15736824,Schneider,569,Germany,Male,39,6,152747.4,2,1,1,113038.33,0
4820,15612257,King,643,Germany,Male,47,5,125904.5,2,1,0,41054.85,0
4821,15814620,Fischer,606,Germany,Male,31,1,127579.05,1,1,0,88196.73,0
4822,15773136,Moreau,536,France,Female,34,2,162759.59,2,1,1,26507.16,0
4823,15579951,Baker,454,Germany,Male,27,9,105376.44,2,1,0,60031.41,0
4824,15809934,Lewis,776,Germany,Female,41,3,129969.82,1,1,0,140923.71,1
4825,15590950,Young,576,France,Male,41,10,122888.11,3,1,0,14963.96,1
4826,15673661,Moore,626,France,Female,33,3,0.0,2,1,1,184160.36,0
4827,15576652,Ramirez,692,France,Female,38,2,0.0,1,0,1,9909.87,0
4828,15796353,Nelson,535,France,Male,29,6,0.0,2,1,1,50719.3,0
4829,15590104,Green,569,Spain,Male,50,3,118259.4,1,0,0,191629.02,1
4830,15801665,Campbell,648,Spain,Female,49,4,170950.26,1,0,1,174213.33,0
4831,15710205,Diaz,607,Germany,Male,37,5,132122.44,2,1,1,19348.37,0
4832,15780562,Vargas,526,France,Female,35,9,101393.46,2,0,0,174418.87,0
4833,15678414,Hill,709,Germany,Female,26,9,120830.62,1,0,0,169452.33,1
4834,15767302,Schmidt,605,Germany,Male,47,6,120704.68,2,1,0,96186.51,0
4835,15710869,Thomas,663,France,Female,30,10,0.0,1,0,0,173835.68,0
4836,15674147,Campbell,656,Spain,Male,48,2,0.0,1,1,1,96971.41,1
4837,15701526,Garcia,744,France,Female,27,7,0.0,1,1,1,29294.54,0
4838,15776081,Hall,684,France,Male,29,4,0.0,2,1,1,45011.59,0
4839,15799887,Alvarez,566,France,Male,28,4,86484.05,1,0,1,66479.81,0
4840,15591168,Martin,763,France,Male,30,7,137491.04,1,1,1,68091.39,1
4841,15756985,Young,604,Spain,Male,72,3,114211.78,2,0,0,147952.81,0
4842,15574668,Clark,571,France,Male,36,2,0.0,2,0,1,42979.6,0
4843,15589003,King,557,France,Male,45,5,0.0,1,1,0,149511.19,0
4844,15794560,Anderson,423,France,Female,29,1,129699.48,2,1,0,110486.97,1
4845,15636811,Vargas,591,France,Male,31,6,0.0,1,0,1,119084.95,0
4846,15675191,Vargas,688,France,Male,62,7,0.0,1,1,1,142181.39,0
4847,15664795,Roberts,518,France,Male,36,1,175390.59,4,0,1,157775.47,1
4848,15747147,Castillo,816,Germany,Male,39,4,122908.04,1,1,1,76901.47,0
4849,15690539,Torres,433,France,Male,42,3,0.0,2,0,0,136572.07,1
4850,15628972,Fernandez,574,Spain,Male,59,1,0.0,2,1,0,8985.56,0
4851,15809904,Smith,506,France,Female,22,1,0.0,2,0,0,154115.5,0
4852,15805108,Moreau,739,Germany,Female,51,5,104118.31,1,0,1,152498.3,1
4853,15775540,Torres,713,Spain,Female,54,6,121060.16,1,1,1,194313.22,1
4854,15577164,Fournier,624,France,Male,43,6,0.0,1,1,0,35996.12,0
4855,15789063,Robinson,512,France,Female,35,0,145690.97,1,1,1,26357.75,0
4856,15679812,Garcia,534,Spain,Female,41,0,0.0,2,0,1,184358.0,0
4857,15695587,Harris,674,France,Female,28,1,0.0,1,1,1,66715.09,0
4858,15583300,Campbell,584,Germany,Male,24,8,94777.93,1,0,1,121286.51,0
4859,15790247,Fournier,595,France,Male,39,7,0.0,1,1,1,190851.09,0
4860,15672366,King,643,France,Male,21,5,149050.68,1,1,1,135135.96,0
4861,15635612,Brown,610,Germany,Male,33,0,92122.21,1,1,0,52999.26,0
4862,15711494,Weber,480,Spain,Female,29,0,0.0,2,1,0,25070.54,0
4863,15571297,Roberts,521,France,Male,35,4,130682.73,1,0,1,68654.18,0
4864,15578378,Muller,523,Spain,Male,35,9,0.0,1,1,1,133354.02,0
4865,15807592,King,579,Germany,Male,28,1,144269.25,2,1,1,189970.85,0
4866,15722237,Davis,659,France,Male,43,6,101770.69,2,0,1,12764.5,0
4867,15599327,Baker,655,France,Male,53,6,0.0,2,1,0,86675.82,0
4868,15703567,Baker,765,France,Male,28,10,86979.79,2,1,1,160712.85,0
4869,15686451,Ramirez,514,France,Male,28,3,0.0,1,1,1,174789.88,0
4870,15790373,Wagner,680,Germany,Male,37,3,68519.68,1,1,0,171288.44,1
4871,15800452,Young,574,France,Female,24,6,97149.5,2,1,1,155487.74,0
4872,15650614,Fournier,842,France,Female,37,4,147188.09,2,1,1,36922.25,0
4873,15608971,Martinez,640,Germany,Female,51,1,173086.26,2,1,1,70189.38,0
4874,15669335,Wilson,596,Germany,Female,28,7,154268.0,1,1,1,117621.2,0
4875,15756893,Mitchell,677,Germany,Male,58,10,115777.95,3,1,1,26922.99,1
4876,15605083,King,669,Germany,Female,33,10,86058.75,3,1,0,78348.13,1
4877,15591606,Davis,613,France,Female,35,1,158848.04,1,1,0,42267.4,0
4878,15590886,Roberts,708,Germany,Male,32,8,115358.76,1,1,1,59314.78,0
4879,15627122,Hoffmann,797,France,Male,46,7,0.0,1,1,0,158826.76,0
4880,15695554,Torres,739,France,Female,38,7,0.0,1,0,0,136997.21,0
4881,15776518,Rivera,636,France,Male,34,5,136565.27,1,1,1,1112.5,1
4882,15751846,Muller,822,Germany,Female,30,8,96401.19,1,1,0,187005.11,0
4883,15708020,Clark,697,Germany,Male,40,6,98216.0,2,1,1,105135.66,0
4884,15797794,Davis,544,France,Male,54,1,138848.68,1,1,0,130924.23,1
4885,15782677,Sanchez,655,Spain,Female,35,1,125595.0,2,0,1,124009.82,0
4886,15771188,Adams,629,Spain,Female,38,7,0.0,1,1,1,14280.91,0
4887,15570051,Robinson,597,France,Female,26,4,139501.7,2,1,0,177734.78,0
4888,15601112,Garcia,680,Germany,Female,38,6,136986.0,1,1,1,136804.67,0
4889,15678886,Schneider,468,France,Female,73,8,0.0,1,1,0,51486.23,0
4890,15644832,Wright,806,Spain,Male,27,3,0.0,2,1,0,17130.67,0
4891,15662918,Moreau,709,France,Female,41,9,0.0,1,1,0,198646.63,0
4892,15756540,Nelson,471,France,Male,32,2,0.0,1,1,0,187151.55,1
4893,15807460,Wagner,708,France,Male,26,4,148371.74,1,1,0,144563.1,0
4894,15784032,White,693,France,Female,33,3,168968.02,2,1,0,106944.49,0
4895,15731131,Brown,792,Germany,Male,66,7,127281.76,2,1,0,118425.58,0
4896,15742404,Davis,817,France,Female,41,1,0.0,1,1,0,98540.19,0
4897,15639713,Ruiz,834,France,Male,39,3,0.0,2,1,1,172216.17,0
4898,15737555,Thompson,623,Germany,Male,28,3,166965.63,1,0,1,148028.15,0
4899,15760874,Lopez,702,Spain,Male,49,7,0.0,2,1,0,13905.7,0
4900,15672026,Alvarez,603,Spain,Female,56,0,101602.13,2,1,1,65495.08,0
4901,15786327,Torres,745,France,Female,55,7,0.0,1,1,1,144976.91,0
4902,15661523,Alvarez,440,France,Male,48,7,0.0,2,1,0,197187.82,1
4903,15612867,Campbell,526,France,Male,30,7,88228.0,2,0,1,151696.31,0
4904,15565874,Thomas,608,Spain,Male,28,5,94683.1,2,0,1,99263.78,0
4905,15709280,Fischer,644,Germany,Male,24,7,108250.15,2,1,0,153778.72,0
4906,15570686,Davis,666,Germany,Female,29,1,144111.39,2,1,1,144926.98,0
4907,15693296,Muller,774,Spain,Female,40,6,126465.49,2,1,1,142398.02,0
4908,15755797,Garcia,587,France,Male,29,7,150359.1,1,1,1,189345.37,0
4909,15698995,Fischer,525,Germany,Male,50,2,138920.57,2,1,1,123418.14,0
4910,15670592,Robinson,612,France,Female,53,1,162259.4,1,0,0,103485.34,1
4911,15620553,Nelson,591,France,Male,52,3,0.0,2,1,0,148597.08,1
4912,15614016,Johnson,704,France,Male,25,5,88496.82,2,1,1,177267.12,0
4913,15631548,Miller,798,France,Female,40,0,0.0,1,1,1,125044.62,0
4914,15629302,Adams,789,Spain,Male,38,10,0.0,2,0,0,3869.27,0
4915,15627376,Walker,756,France,Male,51,7,133923.14,2,1,1,14508.95,0
4916,15744316,Carter,595,Spain,Male,26,8,105981.43,2,1,0,166357.01,0
4917,15690857,Roberts,634,Germany,Female,38,9,110498.91,1,1,0,101001.85,1
4918,15762636,Hill,691,Germany,Male,26,6,147794.53,2,1,1,197689.21,0
4919,15616900,Martinez,575,Spain,Female,49,8,110658.64,1,1,1,43484.65,1
4920,15689437,Nguyen,584,France,Male,22,6,155719.75,2,1,1,141485.53,0
4921,15657683,Fournier,686,France,Male,66,8,0.0,1,1,1,83607.06,0
4922,15668391,Young,518,France,Female,43,0,166165.87,1,1,0,3967.13,0
4923,15583912,Jones,756,France,Male,37,9,0.0,2,1,1,73311.39,0
4924,15602645,Johnson,611,Spain,Male,31,4,0.0,1,1,1,38781.33,0
4925,15752365,Roberts,702,France,Male,52,5,144477.76,1,0,1,108635.88,0
4926,15779854,Meyer,670,France,Female,26,3,0.0,2,1,0,173650.87,0
4927,15784373,Martinez,772,France,Male,22,4,122770.47,1,1,1,198451.76,0
4928,15773516,Scott,444,France,Female,42,5,0.0,1,1,0,110129.54,1
4929,15806618,Davis,772,Germany,Male,36,4,69724.68,2,1,0,185894.47,0
4930,15629296,Jones,770,France,Male,40,10,0.0,1,1,1,174386.41,0
4931,15671160,Garcia,677,Spain,Male,39,5,156346.95,1,1,1,39316.11,0
4932,15696009,Rodriguez,701,Germany,Male,44,8,119186.93,1,1,0,5402.52,0
4933,15725591,Schneider,708,Spain,Female,37,10,124895.3,1,1,1,171922.44,0
4934,15725623,Thomas,563,France,Male,33,6,0.0,2,1,0,114705.76,0
4935,15726699,King,655,Germany,Female,37,3,158016.17,1,0,1,155366.08,0
4936,15588510,Ramirez,736,France,Male,46,7,0.0,2,1,1,129010.87,0
4937,15608362,Wright,477,France,Male,47,0,145403.65,1,0,1,45382.36,0
4938,15806378,Fernandez,696,Germany,Male,41,8,179381.28,2,1,1,90384.42,0
4939,15604510,Anderson,658,Germany,Female,23,0,95937.99,1,1,1,70277.35,0
4940,15597103,Lewis,711,France,Male,40,5,0.0,2,1,1,138938.62,0
4941,15597354,Scott,527,Spain,Female,25,3,131653.18,2,1,1,11248.47,0
4942,15714677,Castillo,578,France,Female,48,9,0.0,1,0,1,89401.84,1
4943,15575164,Young,515,Germany,Female,46,7,81565.34,1,1,1,48927.7,1
4944,15622153,Hall,514,Spain,Male,29,6,0.0,2,1,1,141460.05,0
4945,15772347,Romero,731,Germany,Female,44,7,165585.32,1,0,0,92928.67,1
4946,15603701,Torres,593,Spain,Male,38,8,177452.34,1,1,1,140124.84,0
4947,15593080,Nguyen,586,Germany,Male,31,1,115137.7,2,0,0,158735.53,0
4948,15778508,Sanchez,756,Spain,Male,43,0,0.0,2,1,0,153680.67,0
4949,15606688,Flores,617,Germany,Female,57,10,129616.06,2,0,0,184728.28,1
4950,15767672,Adams,743,Germany,Male,33,5,36527.16,2,1,0,19735.09,0
4951,15692873,Thomas,548,France,Female,41,7,0.0,2,1,1,16558.42,0
4952,15739674,Perez,616,Germany,Female,29,4,118518.62,2,0,1,46548.84,0
4953,15679964,Johnson,562,France,Male,31,9,0.0,2,1,0,90891.47,0
4954,15726636,Miller,703,Spain,Male,37,0,0.0,1,0,0,99862.21,0
4955,15571155,Smith,630,France,Female,30,4,163795.01,1,1,0,179215.23,0
4956,15663388,Miller,721,France,Male,30,7,0.0,2,1,1,197547.48,0
4957,15579991,Castillo,665,Spain,Male,28,5,0.0,2,0,0,67695.88,0
4958,15723763,Roberts,461,France,Male,53,10,0.0,1,1,1,190054.28,0
4959,15616186,Scott,624,France,Female,47,0,0.0,2,0,1,50930.92,0
4960,15601530,Moore,501,Germany,Male,37,8,85997.44,1,0,0,36850.28,0
4961,15624301,Lopez,684,France,Male,48,9,0.0,2,0,0,138283.93,0
4962,15634116,Martin,704,France,Male,49,0,0.0,1,0,0,75699.72,1
4963,15748647,Allen,714,France,Male,35,7,0.0,2,1,1,159748.89,0
4964,15736424,Wright,638,France,Female,29,0,48927.15,3,1,1,181228.45,1
4965,15618587,Romero,492,France,Male,41,6,139399.77,2,0,1,114087.87,0
4966,15796812,Robinson,670,France,Female,53,3,92719.66,2,0,1,174346.03,0
4967,15585769,Lewis,689,France,Female,45,9,118514.92,1,1,1,63145.48,0
4968,15658470,Torres,632,France,Male,56,2,95225.66,1,0,1,13191.11,0
4969,15811535,Gonzalez,658,France,Female,49,4,0.0,2,1,1,109654.94,0
4970,15586131,Wagner,467,Germany,Female,69,0,64474.62,2,1,0,192895.1,1
4971,15772123,Alvarez,656,Germany,Female,42,8,144081.72,2,1,1,123681.95,0
4972,15662122,Schmidt,639,France,Female,34,0,0.0,4,1,1,145582.6,1
4973,15605380,Jones,532,France,Male,46,7,106459.69,1,1,1,182254.19,0
4974,15649636,Martinez,701,Spain,Female,54,3,117423.91,2,1,0,155615.51,0
4975,15812156,Davis,602,Germany,Male,40,10,114017.74,1,1,1,120477.26,0
4976,15761106,Mitchell,672,France,Female,49,1,0.0,2,1,0,162476.33,1
4977,15652728,Gonzalez,697,France,Male,33,7,0.0,2,1,0,66831.24,0
4978,15715669,Green,682,France,Female,48,2,156020.56,2,1,1,116465.33,0
4979,15634263,Robinson,520,Spain,Female,80,0,0.0,1,1,0,177077.18,1
4980,15717610,Navarro,613,Spain,Female,33,9,111885.3,2,1,1,83867.28,0
4981,15639734,Navarro,850,Spain,Male,40,9,0.0,2,1,0,164525.63,0
4982,15664722,Jones,785,France,Female,44,10,0.0,2,1,0,145990.86,0
4983,15773395,Laurent,731,France,Female,36,2,0.0,1,0,1,66261.8,0
4984,15737970,Fournier,677,France,Female,34,8,0.0,1,1,1,129652.34,0
4985,15627033,Romero,554,France,Female,38,5,62472.11,2,1,0,88226.8,0
4986,15585392,Perez,634,France,Female,51,2,0.0,2,1,0,70042.92,0
4987,15744869,Clark,609,Germany,Female,26,4,68649.88,1,1,1,139409.26,1
4988,15671359,Clark,642,France,Male,30,1,0.0,1,1,1,31132.58,0
4989,15571922,Lopez,510,Spain,Male,36,6,0.0,1,0,0,131734.53,0
4990,15672196,Young,743,France,Female,49,6,0.0,2,1,0,30782.56,1
4991,15793516,Fournier,389,France,Female,38,1,155318.5,1,1,1,97768.35,0
4992,15738836,Castillo,733,Spain,Male,32,8,96850.3,1,1,0,152046.63,0
4993,15701240,Scott,735,Germany,Male,58,6,109242.62,1,0,1,132897.88,1
4994,15566474,Vargas,850,France,Male,40,7,0.0,1,1,0,76045.14,0
4995,15759698,Sanchez,626,Germany,Female,34,1,82756.56,1,1,0,90036.33,0
4996,15775536,Nelson,600,France,Female,44,8,0.0,3,1,1,49101.01,0
4997,15675401,Wagner,662,France,Female,44,4,73449.68,3,1,1,82850.04,1
4998,15769457,Flores,704,France,Male,40,5,161931.66,1,1,0,180936.8,1
4999,15764956,Fournier,641,France,Male,31,1,0.0,2,1,1,168564.85,0
5000,15625482,Sanchez,535,Germany,Female,49,10,114579.43,2,1,1,19549.42,0
5001,15703611,Hill,704,France,Male,62,5,0.0,2,0,0,36582.32,0
5002,15666652,King,650,Germany,Male,42,8,148504.7,1,1,0,7378.34,1
5003,15569827,Thompson,552,Spain,Male,27,6,81620.57,2,1,1,83163.82,0
5004,15804577,Diaz,492,France,Female,72,0,157824.89,3,0,0,165673.26,1
5005,15645375,Schmidt,850,France,Male,44,7,180190.88,2,1,1,115690.38,0
5006,15761116,Perez,731,France,Male,29,4,0.0,2,0,1,47134.54,0
5007,15686176,Smith,704,Spain,Male,48,6,0.0,1,0,0,78770.19,0
5008,15797047,Walker,639,Germany,Female,53,6,107583.92,1,1,0,18719.58,1
5009,15737856,Robinson,717,Germany,Male,38,8,120179.66,2,0,1,76802.48,0
5010,15573051,Fischer,548,France,Male,25,2,109085.06,1,0,1,74898.85,0
5011,15789354,Clark,669,France,Male,41,10,0.0,1,1,1,53500.57,0
5012,15683087,Campbell,674,Germany,Male,29,4,136541.13,2,1,0,42065.8,0
5013,15669856,Allen,550,France,Female,45,7,0.0,2,1,0,43161.36,0
5014,15784290,Brown,640,Germany,Female,32,6,68016.39,2,1,0,28773.57,0
5015,15793035,Meyer,610,France,Male,43,6,94162.65,2,1,0,27501.34,0
5016,15789509,Hill,576,France,Female,34,6,0.0,1,1,0,195777.04,0
5017,15790688,Dubois,598,Germany,Male,41,6,120939.15,2,1,0,130588.31,0
5018,15708255,Anderson,484,France,Female,49,9,114989.46,2,0,0,128227.93,0
5019,15815354,Thompson,753,Germany,Male,49,3,78228.86,1,1,0,78711.07,1
5020,15741719,Ruiz,802,France,Male,31,2,0.0,2,1,1,33471.35,0
5021,15709842,Wagner,560,Spain,Female,35,10,0.0,1,1,0,97571.07,0
5022,15621325,Diaz,758,Spain,Female,36,10,116215.28,2,1,0,75039.41,0
5023,15733880,Baker,647,Spain,Female,41,4,0.0,2,1,0,48574.67,0
5024,15774201,Carter,649,Germany,Female,54,3,85181.15,2,1,0,151996.9,1
5025,15649306,Hall,524,Germany,Female,37,8,151995.36,1,1,1,46726.87,0
5026,15686344,Vargas,596,Germany,Female,43,10,125874.44,1,0,1,143873.92,1
5027,15620027,Girard,702,France,Male,36,10,0.0,2,1,0,25280.75,0
5028,15809356,Nguyen,555,France,Male,32,2,108285.23,1,0,1,99697.26,0
5029,15684210,Muller,578,Germany,Female,26,2,155306.06,1,0,0,135645.67,1
5030,15628088,Rodriguez,601,France,Female,34,5,0.0,1,1,1,137624.22,0
5031,15573642,Lewis,350,France,Female,28,1,75501.47,2,0,0,195946.66,0
5032,15689624,Lopez,682,Spain,Male,28,10,89104.13,2,1,1,90523.2,0
5033,15679972,Roberts,712,France,Male,42,3,94087.04,1,1,1,75563.61,1
5034,15774524,Laurent,685,Germany,Male,43,3,149814.74,2,1,1,148868.41,0
5035,15646680,Scott,741,Germany,Female,50,10,58443.88,2,1,1,12863.45,0
5036,15748312,Walker,607,France,Male,24,9,0.0,2,0,0,98358.54,0
5037,15673921,Fournier,826,Spain,Female,47,10,0.0,1,0,0,174204.98,0
5038,15647963,Clark,568,France,Male,22,5,82994.91,2,1,0,53013.21,0
5039,15647856,Rodriguez,628,Spain,Male,32,8,0.0,2,1,0,100497.69,0
5040,15636681,Martin,619,Spain,Female,36,4,0.0,1,1,1,32420.76,0
5041,15709648,Perez,668,France,Male,32,0,143810.18,2,1,0,188956.25,0
5042,15606566,Green,627,France,Female,38,7,156323.14,2,1,0,169783.65,0
5043,15725135,Flores,640,France,Male,40,0,60678.0,1,0,1,153239.31,0
5044,15682713,Martinez,584,France,Male,21,2,85524.03,2,1,1,29397.99,0
5045,15644242,Meyer,607,France,Female,44,3,157360.78,1,0,1,100729.68,0
5046,15636473,Brown,433,Spain,Female,33,7,122077.76,1,0,0,42786.97,0
5047,15632601,Garcia,728,France,Male,47,8,136916.48,2,0,0,183580.13,0
5048,15699065,Laurent,551,Spain,Male,47,1,0.0,1,1,0,185955.64,0
5049,15672090,Ruiz,602,France,Female,39,8,140358.15,2,1,1,146035.17,0
5050,15750975,Miller,547,Spain,Female,49,7,80782.58,2,0,1,131654.87,0
5051,15573988,Flores,705,France,Female,30,6,0.0,1,1,0,48743.87,0
5052,15707916,Lopez,597,France,Female,32,6,112107.13,1,1,1,14652.17,0
5053,15589084,Baker,413,Germany,Male,24,4,110790.44,1,0,1,167649.93,0
5054,15794901,Hill,677,France,Female,44,1,0.0,2,1,1,47662.54,0
5055,15626607,Dubois,578,Spain,Female,38,1,0.0,1,1,0,53441.89,0
5056,15663929,Hill,648,France,Female,36,1,112868.49,2,1,0,51392.79,0
5057,15798153,Fernandez,731,Germany,Female,36,5,153968.9,2,1,0,69630.94,0
5058,15596741,Harris,554,Germany,Female,34,6,123141.86,2,1,1,64895.12,0
5059,15695652,Dubois,645,Germany,Female,28,1,87913.06,2,1,1,51237.93,0
5060,15567995,Ramirez,575,France,Male,27,1,0.0,1,1,0,25644.33,0
5061,15723554,Hall,746,France,Male,62,7,0.0,1,1,1,155231.09,1
5062,15813498,Thompson,658,France,Female,43,6,0.0,1,1,0,188635.79,0
5063,15605282,Fernandez,648,France,Male,36,10,0.0,1,1,1,30290.48,0
5064,15732708,Flores,530,France,Male,35,10,88128.84,3,1,1,115267.39,0
5065,15566117,Mitchell,723,Spain,Male,41,10,96657.67,2,0,0,87934.26,0
5066,15775898,Anderson,735,Germany,Female,52,1,84371.85,1,1,1,89753.82,1
5067,15806573,Moore,576,Germany,Female,39,4,94475.48,1,1,0,151100.11,0
5068,15740774,Castillo,665,France,Female,70,5,0.0,1,1,0,150811.91,0
5069,15760083,Fournier,707,France,Male,44,8,0.0,1,1,1,12556.04,1
5070,15621412,Martin,850,Germany,Male,33,10,102893.63,1,1,1,178375.2,0
5071,15646109,Sanchez,688,France,Male,27,9,0.0,2,1,1,2726.93,0
5072,15798829,Fournier,650,France,Female,51,10,148524.17,2,1,0,87695.58,1
5073,15609369,Sanchez,635,France,Male,29,0,102180.38,2,1,0,18766.04,0
5074,15683890,Romero,641,Germany,Female,47,0,155040.52,1,0,0,133221.08,0
5075,15646306,Harris,724,Spain,Female,42,4,0.0,1,1,0,83231.0,0
5076,15582339,Harris,564,France,Female,26,8,0.0,1,1,0,28000.37,0
5077,15651322,Schneider,740,France,Female,41,3,0.0,1,0,1,67622.17,0
5078,15734717,Anderson,500,France,Female,43,2,130439.48,1,0,0,51937.93,1
5079,15751936,Baker,715,France,Female,34,2,135598.37,2,1,0,130763.86,0
5080,15710882,Weber,742,Germany,Male,34,8,115482.01,2,1,0,133885.87,0
5081,15679497,White,728,France,Male,35,8,0.0,2,1,1,109880.65,0
5082,15573598,Roberts,676,Germany,Female,51,3,141040.62,2,1,0,155792.32,1
5083,15636497,Walker,688,France,Male,33,0,68932.14,4,1,1,4475.93,1
5084,15748577,Anderson,611,France,Female,25,2,91294.18,2,1,1,131176.96,0
5085,15756707,Jones,541,Spain,Male,38,3,144990.97,1,1,1,130620.45,0
5086,15641765,Moreau,674,France,Female,24,5,59955.74,1,0,1,92458.54,0
5087,15687127,Taylor,657,Spain,Male,41,4,0.0,2,1,1,167638.22,0
5088,15718142,Rodriguez,740,France,Female,29,1,163948.76,2,1,1,14809.86,0
5089,15780181,Hall,636,Spain,Male,35,10,106508.33,2,1,1,152183.17,0
5090,15761003,Miller,665,France,Male,29,4,123685.25,2,0,1,62814.25,0
5091,15608523,Ramirez,678,France,Male,57,2,0.0,2,1,1,6325.71,1
5092,15672602,Fernandez,706,Spain,Female,42,4,131360.39,1,1,1,4710.78,0
5093,15763364,Schneider,742,France,Male,29,8,0.0,1,0,0,48954.68,0
5094,15604014,King,557,France,Female,39,10,0.0,1,1,0,117303.84,1
5095,15568861,Fischer,718,Spain,Female,27,4,182351.42,1,1,0,123255.67,1
5096,15767025,Muller,632,Germany,Female,35,5,78130.74,2,1,1,22836.58,0
5097,15778924,Muller,712,Germany,Female,52,3,97082.74,1,1,1,58009.29,1
5098,15626385,Dubois,793,Germany,Female,42,7,82987.94,2,0,0,20600.35,0
5099,15724973,Anderson,445,Spain,Female,29,7,111899.28,2,1,1,167275.2,0
5100,15674390,Girard,768,Spain,Male,27,1,90063.4,2,1,0,170601.41,0
5101,15624515,Fernandez,639,Germany,Female,43,6,155885.81,3,1,0,40837.54,1
5102,15780067,Bernard,567,France,Male,60,10,0.0,2,0,1,179732.46,0
5103,15739181,Williams,608,France,Female,36,2,116685.6,2,1,1,16470.89,0
5104,15798591,Lewis,550,Germany,Male,51,5,87191.83,2,1,0,107614.27,1
5105,15636803,Navarro,699,Spain,Male,42,7,0.0,1,0,1,143458.97,1
5106,15567720,Thompson,550,France,Female,43,0,0.0,2,1,1,80098.36,0
5107,15625946,Garcia,767,France,Male,27,5,124347.64,2,0,1,19104.59,0
5108,15582241,Wright,717,France,Male,35,6,0.0,1,0,1,152930.2,0
5109,15675061,Hoffmann,672,Germany,Male,36,5,88224.57,1,0,1,157423.98,0
5110,15660842,Fournier,452,Spain,Female,23,3,0.0,1,1,0,65483.92,0
5111,15627319,Wagner,522,France,Male,31,8,173250.81,1,0,1,4412.47,0
5112,15611636,Scott,642,Germany,Male,32,3,125874.78,2,0,1,184058.51,0
5113,15597617,Miller,648,Spain,Female,29,5,132425.64,2,1,1,16282.83,0
5114,15601107,Laurent,741,Spain,Female,35,3,0.0,1,1,1,52331.18,0
5115,15580692,Flores,367,France,Male,46,9,0.0,1,1,1,87115.67,1
5116,15577967,Ruiz,576,Spain,Male,46,4,0.0,2,1,0,89167.8,0
5117,15796633,Gonzalez,731,Germany,Male,54,4,133973.15,2,1,1,104443.16,1
5118,15775364,Meyer,617,Spain,Female,48,3,113710.4,1,1,1,42144.68,0
5119,15797324,Thomas,605,France,Male,40,5,0.0,2,1,1,77635.71,0
5120,15655609,Lewis,494,Germany,Male,55,8,100110.63,1,1,0,186435.41,1
5121,15669209,Nguyen,753,Germany,Male,33,6,106313.08,1,0,0,177196.91,0
5122,15779926,Nguyen,603,France,Female,37,1,0.0,1,1,1,18212.93,0
5123,15732898,Girard,756,France,Male,62,0,0.0,1,1,1,156226.23,0
5124,15710606,Rivera,792,Germany,Female,32,1,105779.97,1,0,1,110163.57,0
5125,15630382,Scott,778,Germany,Male,22,9,103519.0,1,1,1,6716.85,0
5126,15770500,Brown,647,France,Female,27,1,0.0,1,1,1,157672.86,0
5127,15603991,Robinson,603,France,Female,36,1,127666.64,2,1,1,31024.26,0
5128,15685689,Ruiz,596,France,Male,29,4,0.0,2,1,0,48729.55,0
5129,15747623,Carter,841,Spain,Male,26,2,102785.05,2,1,1,15112.59,0
5130,15656400,Lewis,629,Spain,Male,47,1,138722.34,1,1,0,153177.38,1
5131,15672656,Moreau,752,France,Female,42,2,0.0,1,0,1,141247.32,1
5132,15773745,Martinez,697,France,Male,23,0,0.0,1,1,0,167146.4,0
5133,15586874,Weber,610,France,Female,50,5,123019.58,1,0,0,101351.71,1
5134,15789997,Hill,625,France,Male,68,3,0.0,2,1,1,86228.71,0
5135,15608595,Muller,765,Spain,Female,31,3,133390.84,2,1,0,110233.13,0
5136,15799554,White,653,France,Female,42,10,0.0,1,0,0,1495.12,0
5137,15755064,Martinez,606,France,Male,28,10,0.0,1,0,0,155515.16,0
5138,15751443,Carter,572,France,Male,39,0,71400.63,2,1,0,165706.42,0
5139,15594520,Diaz,681,France,Female,43,9,0.0,2,1,1,11863.18,0
5140,15608610,Meyer,600,Spain,Male,36,0,105008.4,2,1,1,181969.38,0
5141,15670901,Anderson,708,Germany,Female,30,6,120941.2,1,0,1,82289.93,0
5142,15741726,Fernandez,850,Germany,Female,32,6,134056.58,2,0,0,47299.86,0
5143,15669823,Rodriguez,700,France,Male,24,6,0.0,2,1,1,7784.75,0
5144,15623906,Alvarez,825,Spain,Male,37,5,138218.71,2,0,0,196168.37,0
5145,15606734,Schmidt,581,France,Male,58,7,133699.57,1,1,0,132851.02,1
5146,15624671,Becker,716,Spain,Male,27,1,0.0,2,1,1,123277.69,0
5147,15627205,Nelson,772,Spain,Female,54,4,108559.09,1,0,1,29348.62,1
5148,15683038,Navarro,784,France,Female,34,9,149256.87,1,1,1,160562.79,0
5149,15662622,Green,774,Spain,Male,24,6,0.0,2,1,0,117921.46,0
5150,15759307,Anderson,652,France,Female,47,7,119077.76,3,1,0,71158.9,1
5151,15808757,Smith,736,Germany,Male,37,0,105136.66,3,0,0,125172.99,0
5152,15660920,Diaz,551,France,Female,28,5,0.0,2,0,0,27807.57,0
5153,15705963,Becker,806,France,Female,30,1,0.0,2,1,1,84964.4,0
5154,15759058,Navarro,558,France,Male,32,5,122770.46,1,1,0,31455.79,1
5155,15714804,Ruiz,772,France,Female,35,3,0.0,2,1,0,22965.12,0
5156,15784169,Rivera,751,France,Female,38,8,0.0,1,1,0,198841.58,0
5157,15737590,Moreau,751,France,Male,39,8,131589.41,2,1,1,57148.88,0
5158,15770261,Castillo,850,Germany,Male,45,1,138250.45,2,1,1,2269.87,0
5159,15728886,Flores,752,France,Female,37,4,117641.19,2,1,1,43725.5,0
5160,15760488,Bernard,521,France,Male,40,10,128067.36,2,0,1,73262.44,1
5161,15728524,Gonzalez,707,Spain,Male,37,0,0.0,1,1,0,2651.56,0
5162,15637253,Allen,467,Spain,Male,78,1,147485.02,2,0,0,125589.94,0
5163,15655315,Scott,641,France,Female,21,10,0.0,1,1,0,104400.81,0
5164,15776643,Lewis,609,France,Male,27,5,98415.11,1,1,1,68156.56,0
5165,15647290,Carter,712,Germany,Male,28,6,107756.86,1,1,1,177643.79,0
5166,15628233,Diaz,570,Germany,Male,37,2,120695.33,1,0,1,48610.86,1
5167,15675844,Torres,573,France,Male,38,4,0.0,2,1,1,18299.42,0
5168,15677665,Fernandez,699,Germany,Female,34,7,111375.51,1,1,1,20749.67,0
5169,15685570,White,764,France,Male,42,3,141389.84,2,0,0,158403.26,0
5170,15613030,Nelson,650,France,Female,44,9,76381.29,1,0,0,68187.47,1
5171,15745306,Moore,850,Germany,Male,35,10,96063.47,1,0,0,180490.43,1
5172,15603193,Perez,617,Germany,Female,46,6,99280.61,2,1,1,16166.99,0
5173,15728950,Rivera,716,Spain,Male,34,2,0.0,1,1,0,108051.15,0
5174,15657908,Miller,683,France,Female,40,2,122095.0,1,1,0,58196.11,0
5175,15605169,Fernandez,617,France,Male,22,0,0.0,1,1,1,188248.04,0
5176,15770138,Davis,777,France,Female,35,8,94658.73,1,1,0,95396.16,0
5177,15657791,Girard,564,France,Male,46,9,0.0,2,0,1,54428.35,0
5178,15681218,Martinez,449,France,Male,21,10,42566.58,1,0,1,6407.51,0
5179,15813593,Lee,638,Germany,Female,37,10,121323.8,2,1,1,97766.08,0
5180,15680066,Campbell,625,Germany,Male,28,1,99425.73,2,1,0,31007.95,0
5181,15611228,Fischer,753,Germany,Male,39,7,71038.53,2,1,0,14969.45,0
5182,15622730,King,529,France,Female,34,2,0.0,2,1,0,30104.35,0
5183,15760562,Taylor,701,France,Female,40,1,0.0,1,1,1,104545.64,1
5184,15648719,Ruiz,689,Germany,Female,30,5,122358.51,3,1,1,49324.41,1
5185,15702029,King,681,France,Female,35,7,127967.35,1,0,0,84574.28,0
5186,15702324,Harris,751,Spain,Male,28,8,202645.44,2,1,1,104662.43,0
5187,15650043,Hall,648,France,Male,32,5,0.0,1,0,0,9819.51,0
5188,15740546,Taylor,655,Germany,Female,38,1,125115.36,2,0,1,111301.75,0
5189,15797623,Wright,694,Spain,Male,24,0,0.0,2,0,0,89880.77,0
5190,15705114,Schmidt,640,Germany,Male,35,0,96459.64,1,1,0,111195.59,0
5191,15732768,Nelson,519,Germany,Male,27,8,125461.31,2,1,0,139862.22,0
5192,15733395,Rivera,610,Germany,Male,34,6,142478.47,1,1,0,142102.08,0
5193,15602499,Dubois,625,France,Male,26,3,135706.55,2,1,1,139173.56,0
5194,15687671,White,595,Germany,Male,65,8,140120.41,2,1,1,15119.24,0
5195,15699567,Smith,619,Spain,Female,46,3,0.0,1,1,0,180939.09,1
5196,15700903,Moreau,667,Spain,Female,34,3,121608.86,2,0,0,162043.77,0
5197,15688410,Flores,623,France,Female,54,8,71615.76,2,1,1,175790.71,0
5198,15647320,Torres,733,France,Male,30,6,67591.48,1,1,1,34310.01,0
5199,15598278,Campbell,734,Spain,Male,50,7,170351.96,2,1,1,117332.65,0
5200,15803619,Brown,419,Germany,Female,40,8,122759.96,1,1,1,186519.59,1
5201,15778713,Anderson,511,France,Male,31,3,138291.11,1,1,0,186564.17,0
5202,15636908,Baker,417,France,Male,43,0,0.0,1,1,0,74311.69,0
5203,15609772,Weber,623,France,Female,47,7,118499.21,2,1,1,170555.09,1
5204,15669573,Smith,617,France,Female,36,3,0.0,1,1,0,92507.91,1
5205,15599909,Rivera,665,France,Male,45,10,115235.73,2,1,0,16457.75,0
5206,15731381,Rivera,732,France,Female,44,3,54717.31,2,0,0,194647.11,0
5207,15802661,Jackson,646,France,Female,39,8,124649.12,2,1,0,61753.79,0
5208,15593821,Thompson,592,Spain,Female,26,7,0.0,1,0,1,57644.91,0
5209,15632172,Walker,650,France,Male,39,7,0.0,1,1,0,179970.91,0
5210,15568776,Brown,602,France,Female,21,7,110929.56,1,1,1,148742.11,0
5211,15663200,Wagner,507,France,Female,35,0,0.0,2,1,0,72735.43,0
5212,15612172,Schneider,743,France,Male,42,9,0.0,1,0,0,159673.25,0
5213,15695269,Scott,691,Spain,Female,28,2,115456.36,1,0,1,4031.07,0
5214,15598819,Flores,791,Spain,Female,46,6,96259.74,1,1,1,116243.82,0
5215,15606063,Muller,530,France,Male,32,2,0.0,1,1,1,54145.61,0
5216,15725502,Lee,493,France,Male,28,2,126635.06,1,1,1,110858.82,0
5217,15641997,White,559,France,Male,44,4,141578.9,1,0,1,65953.77,0
5218,15589241,Hall,689,France,Female,55,4,0.0,3,1,0,144055.63,1
5219,15780183,Lopez,733,France,Male,37,9,0.0,2,0,0,127086.77,0
5220,15652206,Romero,678,France,Male,53,4,126291.16,1,1,1,143793.09,0
5221,15603064,Hill,664,France,Male,31,10,0.0,2,1,0,141894.23,0
5222,15662169,Scott,733,Germany,Female,29,7,102671.55,1,1,0,149557.52,1
5223,15795085,Thompson,605,France,Female,49,7,93604.76,2,1,1,196756.47,0
5224,15747249,Williams,752,France,Male,42,10,0.0,1,1,1,88625.83,0
5225,15681435,Baker,843,France,Male,26,10,113275.33,2,1,0,151231.51,0
5226,15813801,Lee,547,France,Male,56,5,0.0,1,1,1,44301.7,0
5227,15689476,Campbell,625,France,Male,35,4,107590.01,2,1,0,192367.57,0
5228,15646532,Lee,515,France,Female,36,7,0.0,1,1,0,170153.08,0
5229,15741228,Jones,556,France,Male,59,2,105440.27,2,1,0,19351.89,0
5230,15746552,Meyer,688,France,Female,54,1,78808.86,1,0,1,160157.09,0
5231,15576711,Lopez,486,Spain,Female,52,3,0.0,2,0,1,116832.47,0
5232,15792196,Miller,574,Spain,Female,31,6,0.0,2,1,1,80312.56,0
5233,15796305,King,752,France,Male,39,10,111859.03,1,1,1,22148.69,0
5234,15682117,Thomas,672,France,Male,41,8,91109.41,1,0,0,124766.71,1
5235,15706007,Adams,724,Germany,Male,29,3,136628.06,2,0,0,104627.31,0
5236,15576964,Becker,525,Germany,Female,27,8,153671.7,1,0,1,167115.98,0
5237,15576890,Thomas,657,France,Female,35,5,0.0,1,1,1,79321.58,0
5238,15644652,Nguyen,833,France,Female,45,10,125193.31,2,1,1,104172.96,0
5239,15566889,Becker,586,France,Female,22,6,0.0,2,1,1,86218.57,0
5240,15615956,Martin,603,Germany,Male,37,10,132112.62,1,0,1,15949.14,0
5241,15762352,Fournier,706,France,Female,27,8,156792.35,1,1,1,92409.17,0
5242,15684944,Clark,563,France,Female,47,5,0.0,1,1,1,191476.35,1
5243,15785465,Hill,720,France,Male,40,8,116936.38,2,1,1,3317.34,0
5244,15571533,Nelson,476,France,Female,27,9,0.0,1,1,1,146978.06,0
5245,15740721,Davis,415,France,Female,47,2,0.0,1,1,1,84674.13,0
5246,15713041,Girard,681,Germany,Female,40,8,118833.3,2,1,1,35609.75,0
5247,15802252,Fournier,555,Germany,Female,34,10,132866.07,1,1,1,136359.69,0
5248,15777207,Nelson,595,France,Male,65,5,86446.62,1,0,1,73779.83,0
5249,15767572,Carter,735,France,Female,35,4,99530.22,1,1,0,198316.34,1
5250,15739987,Fischer,711,Spain,Male,32,0,145629.17,2,1,1,103481.13,0
5251,15791918,Flores,531,France,Female,43,8,0.0,2,1,1,82652.87,0
5252,15706837,Wagner,700,France,Male,57,10,83971.39,2,1,1,192549.13,0
5253,15711917,Rivera,621,France,Female,22,6,158535.97,1,1,1,57036.16,0
5254,15620538,Mitchell,690,Spain,Male,50,10,110456.82,1,1,0,194017.04,1
5255,15705667,Gonzalez,648,Germany,Male,43,1,130697.83,2,1,0,154905.87,0
5256,15694982,Alvarez,504,Spain,Male,54,5,0.0,2,0,1,109355.72,0
5257,15568386,Schmidt,581,Germany,Female,51,8,127480.47,1,0,1,74261.45,1
5258,15673409,Davis,416,France,Male,41,3,0.0,1,1,0,13710.07,0
5259,15764664,Romero,668,France,Male,43,9,158751.81,2,1,1,188495.73,0
5260,15617021,Garcia,688,France,Male,38,1,0.0,1,0,0,127466.73,0
5261,15670742,Lee,582,Germany,Male,55,9,105010.63,1,1,0,105036.73,1
5262,15757399,Taylor,639,Germany,Female,30,0,138708.7,1,1,0,130685.3,0
5263,15755486,White,556,France,Male,37,1,0.0,1,0,1,177533.63,0
5264,15570384,Meyer,772,Spain,Male,45,8,0.0,2,1,1,59631.86,0
5265,15637582,Dubois,525,France,Male,47,10,174852.51,1,1,1,103708.58,0
5266,15745080,Torres,620,France,Male,47,4,83056.98,1,1,0,163575.72,1
5267,15648386,Castillo,524,France,Male,42,2,94382.85,2,1,0,176895.77,0
5268,15728137,Flores,673,Spain,Male,47,6,0.0,2,1,1,142243.15,0
5269,15665984,Jones,751,Spain,Male,43,3,0.0,2,1,1,117603.92,0
5270,15595764,Young,449,France,Male,59,3,0.0,1,1,0,77823.57,1
5271,15566079,Fischer,713,Spain,Male,30,0,142163.4,2,1,1,48751.44,0
5272,15669291,Romero,808,Spain,Female,47,6,58464.24,1,0,1,128768.8,1
5273,15641878,Moreau,663,Spain,Male,36,1,88155.82,2,0,1,142794.28,0
5274,15752973,Hall,585,Spain,Female,38,8,114902.6,1,1,0,96583.54,1
5275,15649443,Smith,646,France,Female,61,2,0.0,2,1,1,189204.41,0
5276,15604406,Miller,597,Spain,Female,60,9,0.0,1,1,0,31432.64,1
5277,15812907,Moreau,841,Germany,Male,55,7,131882.05,2,1,0,103587.52,0
5278,15666380,Harris,731,Germany,Female,33,5,52238.37,1,1,1,134653.34,0
5279,15783803,Baker,737,France,Female,32,4,0.0,1,0,0,188503.05,0
5280,15668788,Sanchez,850,Germany,Female,27,3,94145.77,2,1,0,52498.59,0
5281,15801108,Lewis,780,Spain,Female,57,0,123240.77,1,0,1,48901.07,1
5282,15674951,Scott,638,France,Male,29,0,139830.78,1,0,1,96802.11,0
5283,15780290,Muller,652,Spain,Female,34,6,113490.91,1,0,1,140619.86,0
5284,15809725,Allen,850,France,Female,33,9,81418.13,1,1,0,62833.85,0
5285,15687421,Carter,578,France,Male,32,7,159477.7,1,1,0,101734.63,0
5286,15615200,King,633,France,Male,24,9,96311.19,1,1,1,25575.39,0
5287,15634231,Young,552,Spain,Female,33,8,104175.36,2,1,0,186140.23,0
5288,15579437,Schneider,474,Germany,Male,39,3,62843.26,2,0,0,39321.14,0
5289,15608393,Martin,565,France,Female,28,10,0.0,2,1,1,50646.35,0
5290,15750490,Laurent,567,Germany,Male,31,2,120466.18,1,0,1,84832.01,0
5291,15704280,Mitchell,589,France,Female,54,3,0.0,1,1,0,27701.55,1
5292,15582195,Walker,709,France,Male,29,7,95757.44,2,1,1,191107.49,0
5293,15623934,Harris,649,Spain,Female,36,0,0.0,2,1,0,130986.44,0
5294,15726940,Diaz,748,Germany,Male,37,8,162469.15,1,1,0,132069.58,1
5295,15662715,Diaz,665,Spain,Female,31,3,51332.56,2,1,0,40222.37,0
5296,15715514,Hall,667,Germany,Male,49,7,133329.56,2,1,0,68042.81,0
5297,15571009,Scott,622,Spain,Male,53,8,76095.52,2,1,1,38589.13,0
5298,15599025,Miller,839,France,Male,26,0,0.0,1,1,1,15892.1,0
5299,15569404,Wright,609,France,Male,32,3,152128.67,2,1,1,85852.75,0
5300,15634536,Moore,739,France,Female,30,10,0.0,1,1,0,91772.61,0
5301,15633536,Meyer,535,Germany,Male,34,10,95683.45,1,1,0,135017.09,0
5302,15731820,Ruiz,626,Germany,Male,37,5,124085.68,1,1,1,88508.27,0
5303,15655230,Ramirez,845,Germany,Female,25,4,119536.03,2,1,1,197821.27,0
5304,15695901,Meyer,716,France,Male,37,6,78965.43,2,1,1,97454.47,0
5305,15742516,Garcia,514,France,Male,23,8,0.0,1,1,0,89806.92,0
5306,15674665,Muller,550,Germany,Female,61,0,96855.55,1,0,0,53295.4,1
5307,15721057,Schmidt,805,Spain,Male,51,3,0.0,2,1,0,122904.71,0
5308,15610415,Martin,659,France,Female,23,0,0.0,2,1,1,162421.64,0
5309,15650953,Meyer,623,France,Female,39,5,124718.54,2,1,0,193318.77,0
5310,15747288,Ramirez,574,France,Male,25,1,87751.44,2,1,1,28629.96,0
5311,15614592,Nguyen,619,France,Female,47,9,128154.77,1,1,0,5412.86,0
5312,15702144,Campbell,787,France,Female,33,4,112278.28,1,1,0,195597.92,0
5313,15788166,Hill,582,France,Male,50,9,0.0,1,1,1,83315.7,1
5314,15663220,Wagner,592,Germany,Female,48,10,106621.18,2,1,1,134720.32,0
5315,15689403,Schneider,708,France,Male,34,2,0.0,2,1,0,189986.41,0
5316,15673058,Moreau,549,France,Male,36,8,153364.92,1,1,0,4871.52,0
5317,15570964,Dubois,559,France,Female,30,0,0.0,1,0,1,34385.05,0
5318,15810337,Vargas,651,Spain,Male,26,10,0.0,1,1,1,158563.4,0
5319,15582750,Perez,653,France,Male,37,8,0.0,2,0,1,136365.28,0
5320,15606843,Anderson,572,France,Male,45,7,125083.19,1,1,1,89371.16,0
5321,15724228,Hoffmann,696,France,Female,38,6,0.0,2,0,1,191825.8,0
5322,15694043,Thompson,671,Germany,Female,36,1,60302.54,1,1,1,131886.81,0
5323,15707615,Moore,459,Spain,Male,43,2,0.0,1,0,1,5845.61,1
5324,15631845,Laurent,726,France,Male,35,7,0.0,1,1,1,20341.27,0
5325,15807611,Jones,595,France,Female,39,2,0.0,1,1,1,176940.45,0
5326,15684831,Dubois,728,France,Male,34,7,0.0,1,1,1,191694.79,0
5327,15795256,Meyer,850,Germany,Male,37,9,122999.07,1,1,1,49058.57,0
5328,15749831,Schneider,643,Spain,Male,28,9,0.0,2,1,0,44857.65,0
5329,15764646,Miller,587,France,Female,31,0,141529.49,2,1,0,8714.34,0
5330,15629317,Brown,784,France,Male,60,5,0.0,2,1,0,23133.02,0
5331,15657923,Robinson,569,Spain,Female,27,1,75118.16,1,0,1,48444.24,1
5332,15683361,Taylor,834,Germany,Female,61,2,127003.2,1,0,1,182046.9,0
5333,15681431,Girard,605,France,Male,39,9,0.0,2,1,0,26993.17,0
5334,15609691,Lee,589,France,Female,25,8,0.0,1,0,0,15357.67,0
5335,15639209,Mitchell,850,France,Male,47,7,171356.81,2,0,1,195875.88,0
5336,15613733,Castillo,685,Spain,Male,27,8,0.0,2,1,0,21823.51,0
5337,15706363,Perez,807,Germany,Female,46,1,152213.21,1,0,0,34206.18,1
5338,15678052,Lewis,647,Germany,Male,41,5,90516.74,1,0,0,105460.73,1
5339,15641746,Garcia,641,Spain,Female,38,2,0.0,1,1,0,54283.76,0
5340,15767887,Schmidt,366,France,Female,40,1,0.0,1,1,1,83162.81,0
5341,15631245,King,748,France,Male,41,10,0.0,1,1,0,83371.6,1
5342,15722100,White,687,France,Female,35,4,128732.99,2,1,1,114948.49,0
5343,15595817,Fernandez,639,Spain,Female,63,2,0.0,1,1,0,3918.54,1
5344,15626195,Hoffmann,707,Germany,Male,54,9,89230.3,1,0,1,162190.44,0
5345,15698541,Johnson,654,France,Male,47,7,123373.53,1,1,0,71167.78,0
5346,15612122,Fernandez,558,France,Female,34,3,110291.76,1,1,0,199233.32,0
5347,15639427,Gonzalez,685,Germany,Male,33,8,112104.77,2,0,1,171098.75,0
5348,15685308,Carter,632,Germany,Male,41,8,84947.99,1,1,1,3566.18,0
5349,15763771,Torres,722,Germany,Male,33,2,145685.05,2,1,1,167875.62,0
5350,15688244,Rodriguez,623,France,Male,35,2,107414.38,2,1,0,40289.4,0
5351,15606841,Meyer,605,Spain,Male,47,1,0.0,2,1,1,40.49,0
5352,15626507,Campbell,597,Spain,Female,55,3,88644.29,1,0,0,9027.65,1
5353,15669374,Girard,564,Germany,Female,41,3,152364.98,1,1,0,171905.1,1
5354,15638310,Nguyen,599,Germany,Female,24,3,80695.14,2,1,1,70398.21,0
5355,15729829,Girard,692,Spain,Male,39,2,0.0,1,1,0,65960.1,0
5356,15599673,Girard,577,Spain,Male,25,1,0.0,1,1,0,160673.04,0
5357,15617850,Taylor,536,Germany,Male,46,7,105107.42,1,1,0,198588.29,1
5358,15677136,Johnson,727,France,Male,48,3,138815.48,1,0,1,179781.93,0
5359,15570698,Dubois,637,France,Female,51,1,166526.71,2,1,0,192552.05,1
5360,15643506,Alvarez,724,Spain,Male,77,7,0.0,2,0,0,17659.25,0
5361,15616034,Lee,629,Germany,Female,33,2,148707.67,2,0,0,81675.66,0
5362,15593489,Wagner,595,France,Male,58,4,92637.82,2,0,1,48768.26,0
5363,15815008,Becker,481,France,Female,56,9,0.0,2,1,0,123587.08,0
5364,15798862,Gonzalez,540,Spain,Female,40,3,0.0,1,1,0,193731.14,1
5365,15668828,White,565,Spain,Female,27,2,85780.68,1,1,0,193256.16,0
5366,15616356,Thompson,677,Spain,Female,53,7,0.0,2,0,1,132900.29,1
5367,15676407,Walker,639,France,Female,58,0,0.0,2,1,0,155026.12,0
5368,15742019,Roberts,551,Spain,Female,28,5,115273.32,2,0,1,174663.34,0
5369,15641856,Perez,380,Spain,Male,45,9,140236.03,1,1,0,88200.71,0
5370,15757334,Campbell,695,France,Male,39,4,0.0,1,0,0,110598.94,0
5371,15764163,Bernard,735,France,Female,38,1,110823.51,2,0,0,175030.4,0
5372,15695118,Romero,744,Spain,Male,25,8,124090.85,1,1,0,78374.11,1
5373,15612142,Roberts,556,France,Female,53,8,0.0,2,0,1,75078.58,0
5374,15653587,Smith,750,Germany,Male,34,4,98285.91,1,1,0,166682.44,1
5375,15785062,Flores,705,Germany,Female,66,1,72410.86,2,1,0,174608.76,0
5376,15596804,Weber,704,Germany,Male,36,5,105271.86,1,1,1,152126.78,0
5377,15760964,Ruiz,591,France,Female,33,8,0.0,3,1,0,93538.97,1
5378,15708366,Thomas,637,Germany,Male,34,0,116047.73,2,1,1,82407.16,0
5379,15655926,White,828,France,Male,36,5,0.0,2,1,1,23625.97,0
5380,15602559,Dubois,813,Spain,Female,36,3,0.0,1,1,1,64471.31,0
5381,15566815,Ramirez,645,France,Male,53,3,0.0,1,0,0,46452.03,0
5382,15593517,Wright,669,Germany,Male,36,2,94122.75,1,1,1,37216.96,1
5383,15739734,Brown,437,Spain,Female,56,7,127067.86,2,1,1,150126.73,0
5384,15610306,Lee,767,France,Female,53,9,0.0,1,1,0,132021.69,1
5385,15799598,Becker,722,France,Male,50,1,0.0,2,1,1,13691.43,0
5386,15784673,Wright,683,Spain,Female,47,0,0.0,1,0,0,32628.52,1
5387,15656827,Meyer,592,France,Male,29,4,0.0,2,0,1,71857.98,0
5388,15814962,Harris,656,France,Male,48,7,0.0,1,1,0,87797.25,0
5389,15641405,Weber,792,France,Female,53,0,141481.45,2,1,1,170004.39,0
5390,15632677,Becker,685,Spain,Male,57,8,0.0,1,1,1,7808.68,1
5391,15743829,Rivera,850,Germany,Male,26,7,96522.38,2,0,0,44777.35,0
5392,15720655,Mitchell,729,France,Male,52,3,94007.94,2,0,1,177128.86,0
5393,15668800,Wagner,561,Spain,Female,26,3,87158.37,1,1,1,74004.19,0
5394,15758979,Thomas,610,France,Female,46,2,138571.07,2,0,0,44695.15,0
5395,15711528,Jackson,581,France,Male,43,7,0.0,1,0,1,116576.68,0
5396,15610792,Johnson,733,France,Female,30,1,116243.68,2,0,0,192208.83,0
5397,15727992,Campbell,762,France,Female,39,3,0.0,2,0,1,186822.21,0
5398,15629407,Dubois,816,France,Male,37,3,0.0,2,0,0,105119.78,0
5399,15712238,King,618,Germany,Female,44,4,106976.47,1,1,1,20769.14,1
5400,15747281,Schneider,695,France,Male,39,10,0.0,1,1,0,29333.87,0
5401,15594211,Lewis,774,Germany,Male,42,0,94336.93,2,1,1,62730.03,0
5402,15658152,Fernandez,800,France,Male,35,0,98616.88,1,0,1,172226.35,0
5403,15653945,Harris,531,France,Male,74,4,102809.64,2,1,1,159833.95,0
5404,15815366,Ramirez,710,France,Female,43,5,94489.2,2,1,0,195263.81,0
5405,15805750,Martin,534,Germany,Female,34,10,93002.34,1,0,0,101242.32,0
5406,15736176,Meyer,592,Germany,Female,33,2,81610.25,1,1,1,116024.23,0
5407,15750342,Martin,523,France,Male,48,6,0.0,1,1,0,63249.39,0
5408,15682756,Schneider,590,France,Male,89,7,129016.78,2,0,1,102267.74,0
5409,15631204,Ramirez,509,France,Male,55,7,0.0,2,1,1,144721.1,0
5410,15728746,Nguyen,535,Spain,Male,38,3,0.0,2,1,1,7965.11,0
5411,15695542,Rivera,562,France,Female,25,9,0.0,1,1,0,177442.12,0
5412,15616418,Wright,679,Spain,Female,31,3,0.0,1,1,0,122600.45,0
5413,15732363,Rodriguez,653,France,Female,33,4,126296.05,2,1,1,62601.01,0
5414,15585310,Martinez,491,France,Female,25,0,126322.25,2,1,1,64554.86,0
5415,15812525,Navarro,850,Germany,Male,36,10,100762.67,1,1,1,198267.52,0
5416,15620701,Smith,603,France,Male,46,10,80962.74,1,1,1,59693.5,1
5417,15644838,Moreau,521,France,Male,35,2,0.0,1,0,0,111782.67,0
5418,15771677,Girard,707,Spain,Female,49,5,0.0,2,1,0,71928.86,0
5419,15633407,Johnson,650,France,Male,33,9,0.0,1,1,1,110791.1,0
5420,15779017,Torres,571,France,Male,27,0,129789.59,1,0,0,84710.01,0
5421,15723202,Meyer,688,France,Female,32,7,0.0,2,1,1,97620.73,0
5422,15736543,Thompson,585,France,Male,31,8,113474.67,1,1,0,15947.74,0
5423,15786064,Campbell,621,Spain,Male,26,7,0.0,1,1,1,12725.8,0
5424,15676581,Weber,792,France,Male,29,8,121791.54,2,0,1,170665.77,0
5425,15737404,Lewis,662,Spain,Male,24,2,152726.56,2,1,1,169905.21,0
5426,15731362,Romero,710,Germany,Male,24,5,128105.15,2,1,1,195699.02,0
5427,15577353,Navarro,599,Spain,Female,34,6,0.0,4,1,1,122739.69,1
5428,15639009,Lewis,665,Spain,Female,33,10,0.0,2,1,1,60405.23,0
5429,15655406,Bernard,575,Spain,Male,68,0,0.0,1,0,0,175124.18,0
5430,15599069,Carter,571,Germany,Female,30,2,127426.53,1,1,0,189535.14,0
5431,15588879,Weber,610,France,Female,34,3,0.0,1,1,1,58632.13,0
5432,15668219,Moore,583,France,Female,40,9,96242.79,2,1,1,83229.33,0
5433,15794805,Vargas,751,Germany,Female,50,8,172408.66,2,1,1,101156.64,0
5434,15624647,Johnson,706,France,Female,56,9,126921.66,2,0,0,86572.45,1
5435,15735590,Garcia,428,Germany,Male,40,7,135638.17,2,1,1,116797.24,0
5436,15615664,Hill,817,France,Male,37,5,144500.25,1,1,1,180635.58,0
5437,15788122,Wagner,712,Spain,Male,31,4,132867.78,1,1,1,183058.09,0
5438,15630316,Thomas,761,France,Male,39,5,106641.02,1,1,1,20659.88,0
5439,15679029,Young,633,Spain,Female,55,1,113967.42,1,0,0,143305.34,1
5440,15631060,Hall,505,France,Female,39,1,0.0,1,1,0,25668.96,0
5441,15692757,Garcia,522,France,Male,43,0,0.0,2,1,0,65228.0,0
5442,15592934,Young,816,Spain,Female,48,1,0.0,2,1,0,79508.36,0
5443,15704737,Sanchez,492,Spain,Female,42,3,0.0,2,1,1,181796.75,0
5444,15782538,Lopez,510,Germany,Male,44,4,125480.23,1,0,0,72620.15,1
5445,15599631,Baker,608,Spain,Female,41,10,95821.26,2,1,0,120298.18,0
5446,15618369,Meyer,516,France,Male,29,10,116388.71,2,1,1,126780.57,0
5447,15613161,Hoffmann,702,Spain,Male,39,8,0.0,1,1,0,72135.63,0
5448,15647510,Gonzalez,709,France,Male,40,2,0.0,1,0,1,139624.45,0
5449,15705044,Fernandez,690,Germany,Female,62,5,147693.64,2,1,1,105423.46,1
5450,15798586,Young,590,France,Male,32,5,94487.1,2,1,0,64771.78,0
5451,15643519,Hall,678,France,Male,40,6,178852.96,2,1,1,91267.31,0
5452,15664299,Bernard,823,Germany,Female,34,0,157472.77,1,1,1,40758.72,0
5453,15616365,Fournier,511,Germany,Female,60,0,71600.53,2,1,0,6781.75,1
5454,15780322,Laurent,758,France,Male,52,3,129233.63,2,0,0,72982.57,1
5455,15795755,Wagner,728,Spain,Male,40,0,85044.99,1,0,0,183378.65,0
5456,15753332,Becker,640,Germany,Female,21,4,130379.49,2,0,0,75986.14,0
5457,15657867,Fischer,666,France,Female,53,4,76906.89,1,1,1,177160.83,1
5458,15590571,Green,685,Germany,Male,26,10,154426.8,1,1,0,16253.76,0
5459,15733916,Davis,555,France,Male,24,7,155808.63,1,1,1,94227.18,0
5460,15715194,Rivera,492,France,Male,49,2,105530.95,1,1,1,58880.04,0
5461,15720659,Lopez,738,Germany,Female,43,6,124826.35,2,1,1,83413.87,1
5462,15783653,Diaz,529,France,Female,42,1,0.0,1,1,1,139739.72,0
5463,15618927,Becker,544,France,Female,32,10,102897.72,1,1,1,61925.28,0
5464,15708748,Jackson,600,Germany,Male,25,0,114638.46,2,1,1,27648.59,0
5465,15809202,Wright,678,France,Female,21,2,0.0,1,1,1,8201.6,0
5466,15804458,Mitchell,602,Spain,Male,42,5,0.0,1,0,1,60188.44,0
5467,15794038,Hoffmann,580,Spain,Female,27,7,0.0,2,1,0,143391.13,0
5468,15687397,Vargas,742,France,Male,44,5,0.0,2,1,1,93911.56,0
5469,15596053,Jackson,618,Germany,Male,28,10,113888.26,2,1,1,197348.55,0
5470,15754722,White,573,France,Male,40,2,98346.01,2,1,1,45648.85,0
5471,15728249,Scott,688,Germany,Male,29,10,122277.95,2,1,0,182411.36,0
5472,15807587,Lewis,656,France,Male,48,2,0.0,1,1,0,164671.35,1
5473,15707812,Thomas,653,Spain,Female,42,8,99002.11,1,1,0,155057.99,1
5474,15780333,Girard,693,France,Female,39,3,0.0,2,0,0,139209.06,0
5475,15744816,Alvarez,637,Germany,Male,30,7,101575.26,1,1,0,4152.95,0
5476,15586086,Clark,732,France,Male,26,0,0.0,1,1,1,154003.4,0
5477,15797670,Wright,511,France,Male,42,7,0.0,1,1,1,41596.57,0
5478,15613398,Alvarez,770,France,Female,32,8,0.0,1,1,0,60057.13,0
5479,15581081,Schneider,561,Germany,Male,38,3,119310.86,1,1,1,44095.92,0
5480,15620269,Rodriguez,491,Spain,Male,38,8,110674.39,1,0,0,85930.4,1
5481,15732635,Wilson,574,France,Male,37,5,0.0,2,0,0,42869.13,0
5482,15784813,Smith,616,France,Male,53,3,99831.8,2,1,1,170629.69,0
5483,15652692,Allen,579,France,Female,37,6,134083.84,2,0,1,135983.28,0
5484,15806094,Scott,556,France,Male,29,6,0.0,2,1,1,128843.78,0
5485,15797587,Davis,748,Spain,Male,45,3,0.0,2,1,1,148137.92,0
5486,15800214,Harris,566,Spain,Female,45,3,0.0,2,0,0,63397.12,0
5487,15592525,Young,431,Spain,Male,31,4,121672.04,1,0,1,110544.4,0
5488,15627693,Lee,616,France,Female,30,0,0.0,2,1,1,128644.19,0
5489,15578665,Miller,848,France,Male,42,6,156478.6,1,1,1,112671.4,0
5490,15727642,Thompson,547,Germany,Female,28,6,102989.61,2,1,0,115770.71,0
5491,15686320,Rodriguez,563,France,Female,42,5,154094.1,1,0,0,12326.22,1
5492,15810488,King,611,Germany,Male,57,7,132056.87,1,1,1,91118.09,1
5493,15742876,Martin,800,France,Female,45,5,170762.82,2,1,0,115712.09,0
5494,15742533,Thompson,615,France,Male,59,3,0.0,1,1,0,21692.0,1
5495,15661356,Roberts,551,Spain,Male,38,8,0.0,1,1,0,36474.11,0
5496,15781628,Harris,685,France,Female,38,2,0.0,1,0,0,113718.88,0
5497,15591471,King,678,Spain,Female,39,0,0.0,1,1,0,34900.91,0
5498,15645650,Laurent,697,France,Male,43,2,0.0,4,0,1,102376.61,1
5499,15762135,Mitchell,547,France,Male,42,7,160613.56,2,1,0,44161.96,0
5500,15744305,Meyer,595,France,Male,30,3,128663.3,2,0,0,35416.82,0
5501,15593542,Nelson,759,France,Female,37,1,0.0,1,1,1,158562.07,0
5502,15686930,Johnson,690,Germany,Female,52,5,107421.15,1,1,1,162042.65,1
5503,15775462,Garcia,728,France,Male,29,2,213454.5,2,1,0,65997.87,0
5504,15732455,King,645,Germany,Female,20,8,90144.78,1,1,0,64663.87,0
5505,15685387,Martinez,752,Spain,Male,39,1,124165.38,1,1,1,82573.58,0
5506,15648033,Walker,678,France,Female,43,2,0.0,1,1,0,39808.46,0
5507,15696096,White,599,France,Female,43,8,148676.84,1,0,0,109959.79,0
5508,15668996,Young,722,France,Female,26,7,0.0,2,1,1,194364.46,0
5509,15667482,Romero,565,Spain,Male,29,2,0.0,2,1,0,152375.98,0
5510,15728084,Moore,800,Germany,Male,51,10,155391.43,1,1,0,55866.68,1
5511,15740808,Robinson,748,France,Male,51,0,0.0,1,1,0,70290.85,1
5512,15657946,Rodriguez,622,Germany,Female,38,1,91270.37,2,0,1,38828.2,0
5513,15687974,Harris,632,France,Female,41,2,101906.28,1,1,1,139935.14,0
5514,15746635,Alvarez,663,France,Male,29,5,0.0,2,0,1,67651.35,0
5515,15608329,Wright,633,France,Male,27,5,111347.95,2,1,0,175112.36,0
5516,15633975,Bernard,778,Spain,Male,25,3,0.0,1,1,1,144393.92,0
5517,15606092,Vargas,598,France,Female,27,2,0.0,2,0,0,71835.22,0
5518,15787632,Baker,504,France,Female,41,6,137207.76,2,1,0,76935.28,0
5519,15662916,Vargas,625,France,Male,36,4,0.0,1,1,1,26689.6,0
5520,15781565,Weber,723,Germany,Female,39,9,164290.79,2,1,0,94023.97,0
5521,15786379,Thomas,748,France,Male,39,0,71651.99,1,1,1,186619.65,0
5522,15739899,Taylor,661,France,Female,28,9,0.0,1,1,0,127624.87,0
5523,15688551,Navarro,589,France,Male,42,9,117028.01,2,1,1,96543.86,0
5524,15694707,Martin,646,Germany,Male,54,4,117778.44,1,0,1,81565.79,1
5525,15665622,Dubois,586,France,Female,28,7,0.0,1,1,1,122519.54,0
5526,15723766,Young,426,Spain,Female,37,8,97474.45,1,0,0,181324.69,0
5527,15665218,Moore,567,France,Male,46,9,0.0,2,0,1,79165.35,0
5528,15628946,Hill,700,France,Female,51,5,0.0,1,1,0,122835.13,0
5529,15767176,Perez,624,Spain,Male,43,0,0.0,2,1,1,196273.71,0
5530,15795358,Weber,620,Spain,Male,29,8,125216.78,2,1,1,119145.51,0
5531,15709533,Perez,757,France,Female,24,1,138901.18,2,1,0,138432.63,0
5532,15703433,Wilson,556,Spain,Female,34,9,0.0,2,0,1,175821.22,0
5533,15667018,Mitchell,566,Germany,Male,36,9,142931.92,2,0,1,91213.26,0
5534,15602519,Weber,682,France,Female,51,7,0.0,1,1,0,12076.19,1
5535,15805866,Fischer,581,Spain,Female,34,3,0.0,2,0,0,87579.99,0
5536,15736395,Romero,580,Spain,Male,28,0,83129.73,1,1,1,26462.87,0
5537,15625507,Hoffmann,800,France,Male,31,4,93188.27,2,1,1,177704.62,0
5538,15755482,Mitchell,546,Germany,Male,43,2,169607.73,2,0,0,158695.91,0
5539,15676756,Hall,579,France,Female,38,10,149677.86,1,1,0,152740.56,1
5540,15706351,Davis,693,France,Female,36,8,0.0,2,1,1,83163.36,0
5541,15601563,Muller,645,Spain,Male,51,2,97522.36,2,1,1,150561.01,0
5542,15755535,Rodriguez,517,Germany,Male,23,0,174017.47,2,1,1,115616.0,0
5543,15765166,Young,823,Germany,Male,48,10,95425.2,1,1,1,21186.34,0
5544,15603158,Harris,573,Germany,Male,21,5,63111.95,2,1,1,30966.77,0
5545,15674059,Gonzalez,626,Germany,Female,48,7,103208.78,2,0,1,165294.45,0
5546,15715553,Rodriguez,692,France,Male,39,6,0.0,2,1,0,175391.38,0
5547,15768308,Ruiz,850,Spain,Female,39,3,0.0,1,0,1,128710.17,0
5548,15768019,Ramirez,610,Germany,Male,39,9,144785.81,1,1,1,49576.24,0
5549,15815099,Jones,561,Germany,Female,48,2,104967.79,2,0,0,180874.8,0
5550,15567643,Fournier,698,France,Female,28,8,117633.39,2,0,0,175111.78,0
5551,15702124,Navarro,850,France,Female,44,10,0.0,2,0,0,141508.84,0
5552,15593773,Bernard,663,France,Male,48,0,0.0,2,0,0,152649.97,0
5553,15715789,Adams,622,France,Female,36,8,0.0,2,1,0,21847.44,0
5554,15812832,Thompson,688,France,Female,32,7,0.0,2,1,1,151189.09,0
5555,15654090,Wright,449,Germany,Female,25,8,162845.96,2,1,0,175192.17,0
5556,15749368,Flores,590,Spain,Female,82,8,0.0,1,1,1,135712.63,0
5557,15699462,Carter,473,France,Female,39,10,124164.75,1,1,0,186586.0,1
5558,15639647,Smith,615,France,Male,24,1,138278.73,3,1,1,18141.03,1
5559,15650011,Lewis,600,Germany,Male,29,3,102868.22,2,1,1,31492.78,0
5560,15575937,Roberts,394,France,Female,32,5,93465.86,1,1,1,197780.73,0
5561,15712071,Torres,667,Spain,Male,48,9,0.0,1,1,0,175771.94,0
5562,15586908,Jackson,710,France,Female,29,7,137456.91,1,1,0,51859.93,0
5563,15594918,Carter,631,France,Female,32,6,117552.14,2,0,0,185971.62,0
5564,15649154,Campbell,502,France,Female,46,3,0.0,2,0,0,10326.69,0
5565,15595915,Jackson,773,Spain,Female,34,1,106032.52,2,1,1,90598.81,0
5566,15588348,Meyer,834,France,Female,38,4,0.0,2,1,0,38719.32,0
5567,15567389,Hoffmann,689,Germany,Female,27,5,84703.17,2,0,0,184821.27,0
5568,15712991,Taylor,616,France,Male,28,1,0.0,1,1,1,199243.73,0
5569,15624183,Mitchell,617,France,Male,28,1,0.0,1,0,1,22188.57,0
5570,15654187,Williams,692,Spain,Male,37,8,74976.62,2,1,1,176605.79,0
5571,15628221,Mitchell,659,France,Male,38,2,0.0,2,1,1,13150.12,0
5572,15600552,Lewis,692,France,Female,39,2,0.0,1,1,1,187674.26,0
5573,15629659,Taylor,694,Germany,Male,51,1,146189.77,2,1,0,184175.3,1
5574,15796441,Green,578,Spain,Female,32,4,0.0,2,1,1,160024.77,0
5575,15812496,Lopez,570,France,Male,26,0,110283.49,1,1,1,5346.45,0
5576,15811255,Gonzalez,623,France,Male,46,5,0.0,1,1,0,53555.26,0
5577,15633945,Scott,695,Spain,Female,40,0,112690.79,1,1,1,107082.43,0
5578,15623124,Fournier,499,Germany,Male,45,0,82956.58,1,0,1,89583.25,1
5579,15655138,Johnson,628,Spain,Female,40,10,0.0,1,1,1,88217.49,1
5580,15725395,Romero,647,Spain,Male,33,4,133089.19,1,0,1,138034.53,0
5581,15567715,Nguyen,603,Germany,Male,33,3,89503.17,2,1,1,29228.71,0
5582,15780601,Navarro,786,France,Male,31,1,0.0,2,1,0,126506.37,0
5583,15773729,Garcia,770,France,Female,54,4,0.0,2,1,0,29867.44,0
5584,15774578,Davis,690,Germany,Male,70,2,116989.17,2,1,0,52940.38,0
5585,15697795,Flores,822,Germany,Female,44,2,158369.14,2,0,1,118288.22,0
5586,15756970,Thomas,735,Spain,Female,35,3,0.0,1,1,1,138018.85,0
5587,15801960,Schmidt,663,Germany,Male,31,1,79275.2,1,1,0,46112.65,0
5588,15711970,Jones,604,France,Male,42,5,0.0,2,0,1,62068.86,0
5589,15691987,Sanchez,612,France,Male,27,4,0.0,2,0,1,152454.2,0
5590,15814048,Ruiz,687,Germany,Female,43,4,133992.92,1,1,1,115569.15,1
5591,15634251,Muller,614,France,Male,31,8,0.0,2,1,1,62175.19,0
5592,15716951,Ruiz,503,Spain,Male,21,0,0.0,2,1,0,109644.86,0
5593,15652118,Schneider,613,Germany,Male,59,2,116778.57,1,1,1,26078.54,1
5594,15806064,Johnson,750,France,Male,47,3,136108.42,1,1,1,84168.16,0
5595,15692843,Lee,400,Germany,Female,26,4,117734.14,2,1,0,157527.87,0
5596,15610943,Bernard,786,Germany,Male,49,0,109884.24,2,1,0,175998.9,0
5597,15756029,Smith,706,Spain,Male,31,2,0.0,1,1,1,1499.09,0
5598,15716762,Harris,627,France,Male,49,2,0.0,2,0,1,140309.46,0
5599,15800113,Wright,678,Germany,Female,37,10,104718.6,1,0,0,2195.53,0
5600,15592362,Davis,743,France,Female,37,0,0.0,2,1,1,148864.84,0
5601,15582157,Girard,653,Germany,Male,38,5,148426.42,2,1,1,169909.7,0
5602,15741715,Rodriguez,742,France,Male,37,1,0.0,1,1,1,184581.1,0
5603,15666033,Hoffmann,733,Spain,Female,29,10,0.0,1,1,0,18754.69,0
5604,15666007,Lee,667,Spain,Male,59,5,120273.34,2,1,0,2388.69,1
5605,15579671,Fournier,542,Germany,Female,44,3,146635.02,1,1,1,73705.13,1
5606,15737297,Hill,641,Germany,Male,27,10,126062.35,1,1,0,50873.72,0
5607,15668965,Hall,452,France,Male,32,7,0.0,2,1,1,82282.8,0
5608,15596578,White,693,Germany,Male,59,2,144219.2,2,1,1,33223.91,0
5609,15728797,Clark,609,France,Male,26,7,96436.44,2,1,1,154103.54,0
5610,15795734,Schmidt,590,Germany,Female,43,8,139946.14,1,0,0,130989.41,1
5611,15574027,Anderson,714,France,Male,28,5,106437.18,3,0,1,78926.62,0
5612,15770519,Castillo,527,Germany,Male,31,0,84230.32,1,1,0,140556.84,0
5613,15746593,Ruiz,661,France,Male,37,8,0.0,1,1,0,68831.02,0
5614,15674212,Davis,617,Germany,Male,42,3,167338.79,2,1,1,114143.01,0
5615,15632431,Anderson,632,Germany,Female,39,1,107988.3,2,1,1,90440.12,0
5616,15677587,Johnson,678,France,Female,28,4,149811.28,1,1,0,66448.4,0
5617,15697444,Perez,827,France,Female,58,5,60510.76,1,0,1,11646.95,1
5618,15606701,Williams,689,Spain,Male,45,1,0.0,1,1,1,63118.23,0
5619,15808092,Martin,782,Germany,Male,52,2,90337.01,1,0,1,93305.64,1
5620,15791184,Moore,785,France,Male,36,7,0.0,2,1,0,60523.79,0
5621,15589369,Muller,725,France,Female,46,7,133878.2,2,1,0,194278.03,0
5622,15805343,Hall,471,France,Male,53,1,82776.13,1,1,0,37307.99,0
5623,15652527,Scott,627,Germany,Male,41,2,91315.0,1,1,0,77419.67,0
5624,15607504,Lewis,544,Germany,Female,41,8,143642.02,2,1,1,137030.77,0
5625,15612662,Nelson,850,France,Male,43,0,93719.79,1,1,1,53911.58,0
5626,15616375,Williams,553,Germany,Female,43,6,160522.53,1,1,1,101194.61,1
5627,15801503,Wagner,505,Germany,Male,41,4,97134.19,1,1,1,143832.85,0
5628,15571501,Wagner,381,Spain,Female,48,8,0.0,2,0,1,192217.52,0
5629,15610164,Garcia,549,France,Female,36,0,0.0,2,0,0,108303.74,0
5630,15610456,White,662,France,Male,57,1,0.0,1,1,0,145887.43,1
5631,15646406,Perez,755,France,Female,23,9,125528.63,1,0,0,161608.82,0
5632,15605721,Castillo,546,France,Male,46,3,122793.39,2,1,1,69612.36,1
5633,15599868,Navarro,764,France,Male,56,4,0.0,2,0,0,91667.41,0
5634,15620017,Campbell,644,France,Female,32,7,53543.5,2,1,1,173160.44,0
5635,15690331,Scott,603,France,Female,34,5,0.0,1,1,0,127809.35,0
5636,15730032,Girard,667,Germany,Female,57,4,124673.17,1,1,0,3534.6,0
5637,15582285,Alvarez,788,France,Female,46,0,155194.19,3,1,1,179532.22,1
5638,15697390,Vargas,655,Germany,Male,47,6,101841.43,2,1,1,80843.35,0
5639,15634476,Davis,542,France,Male,36,1,0.0,2,0,0,143589.77,0
5640,15688894,Fournier,691,Germany,Male,35,4,43481.52,2,1,0,68484.2,0
5641,15568455,King,690,France,Male,36,3,121163.96,1,0,1,105355.77,0
5642,15793379,Nguyen,632,Spain,Male,35,7,0.0,1,1,0,97180.79,0
5643,15711134,Weber,749,Spain,Male,36,7,0.0,2,1,0,13620.18,0
5644,15814687,Green,428,France,Male,44,7,0.0,1,1,1,78749.37,1
5645,15735871,Green,685,Germany,Female,34,6,108221.6,1,1,1,49692.49,0
5646,15615057,Alvarez,726,France,Male,28,3,177636.26,2,1,1,119730.45,0
5647,15613590,Fournier,509,Germany,Male,55,3,157115.85,4,1,1,191842.09,1
5648,15702865,Wagner,506,France,Female,32,9,118519.37,1,0,1,155883.99,0
5649,15722539,Hill,747,France,Female,34,7,0.0,1,0,1,182569.81,0
5650,15710255,Allen,764,France,Male,26,8,92240.7,2,1,1,98518.85,0
5651,15783976,Rodriguez,782,Spain,Female,41,9,0.0,1,1,1,10134.19,0
5652,15749621,Lopez,583,France,Female,31,0,108249.6,2,1,0,48971.13,0
5653,15780472,Fernandez,670,Germany,Female,28,0,159407.6,4,1,1,96216.25,1
5654,15741561,Castillo,682,France,Male,49,0,122457.08,1,1,1,71875.41,1
5655,15606313,Green,484,France,Male,63,5,0.0,1,1,1,92044.42,0
5656,15793661,Laurent,665,France,Female,33,7,0.0,3,1,0,174314.07,1
5657,15748311,White,663,Spain,Male,46,10,0.0,2,1,0,2595.26,0
5658,15700074,Ruiz,722,Spain,Female,42,6,0.0,1,1,0,42302.11,0
5659,15673727,Perez,595,France,Female,39,8,0.0,1,0,0,193602.75,0
5660,15718459,Laurent,771,Germany,Female,28,10,111374.66,2,0,1,120796.6,0
5661,15719911,Navarro,658,France,Female,40,1,112039.75,1,0,0,73576.68,0
5662,15696026,Jones,816,France,Female,46,7,0.0,2,0,0,40409.46,0
5663,15656780,Jackson,722,Germany,Female,69,7,130419.61,1,1,1,85806.31,0
5664,15582478,Rodriguez,677,France,Female,24,2,0.0,1,0,0,161776.22,0
5665,15799483,Diaz,535,France,Male,46,5,144655.2,1,1,1,196098.17,0
5666,15693029,Jackson,522,Germany,Female,39,0,99880.51,2,1,1,52711.78,0
5667,15730732,Robinson,805,France,Female,36,5,135800.72,1,0,0,161107.06,0
5668,15733064,Martinez,735,Spain,Female,55,5,0.0,2,0,0,7746.88,0
5669,15780674,Rodriguez,622,Germany,Male,32,4,95311.13,2,1,1,150299.71,0
5670,15776479,Jones,610,Spain,Male,62,5,0.0,1,1,1,168505.13,0
5671,15815338,Hill,672,Germany,Female,23,6,126384.59,2,0,0,61064.23,0
5672,15613719,King,520,Spain,Male,34,10,0.0,2,1,0,141196.6,0
5673,15630688,Robinson,605,France,Female,50,4,0.0,1,0,0,192512.91,1
5674,15726525,Schneider,709,Germany,Male,40,7,126238.47,3,1,0,132801.95,1
5675,15696368,Dubois,722,Germany,Male,31,4,82655.86,2,0,0,118546.88,0
5676,15718091,Nguyen,614,Spain,Male,33,9,0.0,1,1,0,16551.63,0
5677,15794625,Jackson,805,France,Female,43,6,145103.12,2,1,0,43475.45,1
5678,15729618,Wright,751,Germany,Male,30,8,90029.71,2,0,1,54427.87,0
5679,15761419,White,575,Spain,Female,58,3,0.0,2,1,1,33172.21,0
5680,15657510,Rodriguez,526,France,Female,37,7,0.0,2,0,0,18466.57,0
5681,15714874,Williams,708,Spain,Female,36,2,0.0,2,1,0,176113.22,0
5682,15730051,Jackson,606,France,Male,42,6,0.0,2,1,0,39189.35,0
5683,15643697,Hall,588,France,Male,26,2,0.0,2,1,1,172666.86,0
5684,15795153,Lee,672,Germany,Female,40,6,105532.9,1,1,1,187438.47,0
5685,15606336,Wright,720,France,Male,73,1,0.0,2,0,0,83143.24,0
5686,15615743,Wilson,727,France,Male,37,5,0.0,2,1,0,56500.27,0
5687,15631055,Laurent,655,France,Female,40,5,121398.4,2,0,1,159899.3,0
5688,15679802,Navarro,427,France,Male,47,9,0.0,2,1,1,195722.49,0
5689,15682762,Williams,743,Spain,Male,57,1,0.0,1,0,1,29327.81,0
5690,15605044,Romero,572,Spain,Female,40,2,145355.6,2,1,1,67559.8,0
5691,15808295,Ruiz,680,Germany,Male,36,7,117262.91,1,1,0,153902.74,0
5692,15724349,Garcia,638,France,Male,49,10,0.0,2,1,1,1071.11,0
5693,15685208,Nelson,850,Germany,Male,30,8,78096.4,1,1,0,75783.77,0
5694,15690992,Adams,850,Spain,Female,57,6,0.0,2,0,1,24611.64,0
5695,15720631,Johnson,605,Germany,Female,51,2,177862.61,1,0,1,162939.52,1
5696,15603072,Wilson,520,France,Female,49,4,0.0,1,1,1,51734.16,0
5697,15779986,Smith,527,France,Female,42,9,0.0,2,1,1,123755.89,0
5698,15615669,Muller,676,Spain,Male,45,2,0.0,1,1,0,114917.02,0
5699,15622518,Carter,598,Spain,Female,45,10,138899.12,1,1,0,185799.11,0
5700,15668554,Taylor,542,France,Male,41,3,99297.51,2,1,0,15640.45,0
5701,15576139,Girard,599,Spain,Female,33,5,170260.24,1,0,1,96168.24,0
5702,15753983,Young,694,France,Female,46,6,0.0,1,1,1,178965.52,0
5703,15672460,Robinson,642,France,Male,28,3,0.0,2,1,0,105858.57,0
5704,15573280,Ruiz,603,Spain,Female,29,1,130119.54,2,0,0,192146.11,0
5705,15749691,Ruiz,615,Germany,Female,58,3,142816.0,1,1,1,48229.59,0
5706,15767332,Adams,634,France,Male,29,0,133231.86,1,0,1,95993.67,0
5707,15706005,Nguyen,672,Spain,Female,53,7,181917.07,1,1,1,160611.96,1
5708,15748968,Robinson,677,Spain,Female,29,2,0.0,3,0,1,89389.07,1
5709,15790447,Wright,490,France,Male,36,4,167110.81,2,0,1,50107.68,0
5710,15779451,Harris,666,Germany,Male,37,3,100146.99,1,1,1,22057.98,0
5711,15793131,Roberts,615,Spain,Female,26,2,0.0,2,0,1,169549.73,0
5712,15593885,Wright,552,Germany,Male,44,10,170534.43,2,0,1,28424.47,0
5713,15567519,Nelson,614,Spain,Male,27,3,108092.27,2,0,0,26786.76,0
5714,15727189,Allen,762,Germany,Female,27,6,108329.4,2,1,0,77368.7,0
5715,15607357,Navarro,728,France,Female,27,3,147669.06,1,1,1,185856.56,0
5716,15747502,Weber,659,France,Male,23,4,134047.21,1,1,0,115637.48,0
5717,15799694,Brown,563,Spain,Male,48,2,119435.25,2,0,1,72684.74,1
5718,15759786,Hoffmann,518,Spain,Female,33,10,0.0,1,1,0,183604.92,1
5719,15645816,Baker,559,France,Male,35,6,0.0,1,0,1,56553.49,0
5720,15690405,Jones,651,France,Female,36,4,0.0,2,1,1,5118.25,0
5721,15634070,Muller,653,Spain,Female,33,6,0.0,2,0,0,71656.69,0
5722,15641315,Walker,587,France,Male,28,10,0.0,2,1,1,126015.65,0
5723,15635099,Girard,735,France,Female,32,6,114656.04,2,1,1,178573.9,0
5724,15716595,White,687,Spain,Female,36,10,122536.45,1,0,0,124623.02,0
5725,15699339,Jones,393,Spain,Female,28,7,153045.65,2,1,0,116956.49,0
5726,15769390,Jones,661,Spain,Male,33,7,166564.69,2,1,1,144127.59,0
5727,15768161,Miller,723,Germany,Male,50,4,128003.96,1,0,1,41771.82,1
5728,15791231,Weber,670,France,Female,32,5,0.0,2,1,1,177598.98,0
5729,15588947,Diaz,706,Spain,Female,42,6,0.0,1,1,0,117924.12,1
5730,15697915,Bernard,624,France,Female,20,9,0.0,1,1,1,106206.64,0
5731,15661998,Martin,644,France,Male,44,8,0.0,3,1,1,128097.15,1
5732,15626190,Allen,646,Spain,Male,25,3,95722.07,1,0,0,19318.99,0
5733,15765394,Torres,668,Germany,Male,44,4,58171.28,1,1,0,126200.69,1
5734,15606774,Green,594,Spain,Female,48,4,0.0,2,1,1,23844.08,0
5735,15576233,Laurent,756,France,Female,42,10,0.0,1,1,0,100169.21,0
5736,15584490,Hill,788,Spain,Female,34,2,0.0,3,1,1,164533.66,1
5737,15801743,Moore,598,Germany,Male,27,6,110460.1,1,1,1,29311.46,0
5738,15761982,Girard,537,Germany,Female,43,2,70104.0,2,0,1,80442.93,0
5739,15711018,Rodriguez,520,Spain,Male,33,1,0.0,1,1,1,126220.81,0
5740,15715044,Davis,689,France,Male,35,1,0.0,1,1,0,129523.94,0
5741,15684972,Ramirez,707,Germany,Female,30,0,130684.17,1,1,0,32627.66,1
5742,15766763,King,690,Germany,Male,36,9,180054.22,1,0,0,66550.7,1
5743,15689933,Meyer,698,Spain,Female,36,9,0.0,2,0,0,3405.33,0
5744,15805285,Ramirez,595,Spain,Female,29,0,0.0,1,0,1,159220.16,0
5745,15623067,Martinez,457,Germany,Male,41,2,128483.75,2,0,0,162659.83,0
5746,15726733,Robinson,602,France,Male,58,4,0.0,1,1,0,106672.39,1
5747,15663132,Vargas,810,France,Male,50,1,0.0,1,1,0,195568.22,0
5748,15796113,Green,676,Spain,Female,59,4,142746.84,1,0,0,22059.36,1
5749,15664227,Fournier,691,Spain,Male,32,10,0.0,2,0,1,127710.63,0
5750,15784004,Diaz,738,Spain,Male,29,4,0.0,2,1,0,40161.76,0
5751,15661914,Sanchez,569,France,Male,24,5,79750.97,1,0,1,69748.82,0
5752,15649975,Sanchez,672,France,Female,34,9,0.0,1,0,1,8900.64,0
5753,15621694,Flores,700,Spain,Male,36,0,165936.81,2,1,0,27654.59,0
5754,15740889,Perez,560,Spain,Male,38,9,0.0,1,0,1,73055.62,0
5755,15726950,Fernandez,685,France,Male,28,5,0.0,1,0,0,114187.37,0
5756,15606739,Ramirez,776,Germany,Male,39,7,160486.21,1,1,1,97237.25,1
5757,15815537,Schmidt,611,France,Male,37,10,174811.77,1,1,0,195320.69,1
5758,15767798,Wilson,483,France,Male,40,7,0.0,3,1,0,159920.16,1
5759,15738423,Taylor,667,France,Female,42,3,0.0,1,0,1,10562.85,1
5760,15605988,Thomas,586,France,Male,30,8,144636.85,1,1,1,5458.74,0
5761,15744555,Moore,668,France,Male,38,2,73744.31,2,1,1,181349.61,0
5762,15661642,Navarro,568,Spain,Female,49,4,77941.2,1,1,1,105527.36,1
5763,15654685,Harris,656,Germany,Male,41,7,195038.72,2,1,1,197243.9,0
5764,15605770,Schneider,769,Spain,Male,37,4,0.0,2,1,1,7698.51,0
5765,15627651,Jones,647,France,Male,31,9,85861.58,1,1,1,183773.36,0
5766,15578047,Weber,490,France,Male,35,2,0.0,2,1,0,133899.87,0
5767,15776092,Walker,686,France,Male,26,7,0.0,1,1,0,95595.13,0
5768,15693693,Brown,652,Germany,Female,46,2,155000.14,4,1,0,53685.83,1
5769,15755708,Moreau,671,France,Male,31,6,0.0,2,0,1,102068.22,0
5770,15684301,Williams,744,Germany,Female,29,10,118131.49,1,1,0,139630.65,1
5771,15620273,Rodriguez,599,Spain,Female,27,10,135092.1,1,0,0,44800.1,0
5772,15771483,Perez,622,Spain,Male,31,8,0.0,2,0,0,165862.0,0
5773,15712664,Flores,550,France,Female,33,6,135557.38,1,1,1,170238.92,0
5774,15745267,Brown,669,Germany,Male,52,4,91908.47,2,1,1,127946.64,0
5775,15779121,Diaz,666,France,Male,31,3,113477.32,3,1,1,102872.28,0
5776,15802219,Martin,625,France,Female,56,0,87206.8,1,0,1,181104.33,1
5777,15660803,Lee,722,Germany,Male,52,5,149086.8,1,1,1,72211.55,0
5778,15666435,Dubois,549,Germany,Female,52,8,117599.12,1,1,1,124226.36,1
5779,15707041,Romero,662,Germany,Female,43,9,130547.76,1,0,1,89143.09,0
5780,15674746,Dubois,708,France,Male,25,10,100504.69,1,0,0,62624.24,0
5781,15592984,Miller,597,Spain,Male,50,2,139687.01,2,0,1,185282.05,1
5782,15659447,Brown,517,Spain,Female,26,10,140713.88,1,1,0,50906.9,0
5783,15625591,Wright,486,France,Male,29,3,77739.77,1,0,1,127369.4,0
5784,15621747,Mitchell,665,Spain,Male,33,7,0.0,1,1,0,55525.36,0
5785,15604086,Nguyen,814,France,Male,31,8,85813.46,2,0,1,120755.32,0
5786,15798855,Lopez,591,Germany,Male,47,7,100073.89,2,0,0,151905.98,1
5787,15812434,Romero,694,Spain,Female,45,4,148111.19,2,1,1,90366.55,0
5788,15768177,Muller,415,Spain,Male,36,1,0.0,2,1,1,86849.36,0
5789,15584223,Walker,686,Spain,Male,43,5,124127.35,2,1,1,98470.78,0
5790,15677561,King,544,France,Female,38,0,0.0,2,1,0,107143.02,0
5791,15795175,Nguyen,612,Spain,Female,37,6,0.0,1,0,0,102236.71,0
5792,15568551,Walker,658,Germany,Female,33,2,163026.33,2,0,1,31923.93,0
5793,15760906,Hall,489,France,Female,30,2,163417.17,2,1,1,119593.16,0
5794,15595361,Fournier,850,France,Male,22,6,0.0,1,1,0,152016.83,0
5795,15571069,Moreau,591,Spain,Male,46,2,0.0,2,1,0,146441.96,1
5796,15597724,Lewis,709,Germany,Female,31,10,123554.48,2,0,1,132351.36,0
5797,15648735,Perez,795,Germany,Male,31,1,160840.38,1,1,1,78874.91,1
5798,15682834,Young,678,Spain,Female,30,9,0.0,1,0,0,106619.77,0
5799,15680010,Roberts,531,Germany,Male,40,8,107887.15,2,1,1,157701.93,0
5800,15673520,Anderson,660,France,Female,42,3,114085.13,1,1,1,27761.97,1
5801,15571835,Lopez,472,France,Female,32,6,55295.41,1,1,0,96034.18,0
5802,15574613,Schmidt,618,Germany,Female,37,4,141749.43,1,1,0,93333.59,1
5803,15593659,Lewis,813,Spain,Male,32,2,0.0,2,0,1,126456.26,0
5804,15743193,Hoffmann,513,Germany,Female,46,3,145773.63,2,0,1,144317.52,0
5805,15651659,Clark,570,Germany,Female,41,3,106761.92,1,1,1,43553.85,1
5806,15703889,Thomas,830,Germany,Female,23,5,77469.33,2,0,1,37046.78,0
5807,15681318,Davis,633,Germany,Female,42,6,125035.15,1,0,0,30409.14,1
5808,15731176,Carter,563,Spain,Male,38,8,86044.51,2,0,1,127622.8,0
5809,15698427,Carter,688,France,Male,30,6,138101.74,3,1,1,119494.75,1
5810,15768373,Davis,605,Spain,Male,29,8,0.0,2,1,0,35790.47,0
5811,15573017,Diaz,387,Germany,Female,45,10,185159.67,2,1,0,119839.36,0
5812,15566871,Bernard,518,France,Female,46,9,163149.84,2,0,1,156793.5,0
5813,15748537,Brown,850,Germany,Male,38,4,129205.25,1,1,0,29861.9,0
5814,15762164,Lee,682,Germany,Female,32,5,113360.98,1,0,0,41453.04,0
5815,15700471,Harris,792,Germany,Male,30,8,147511.83,1,0,0,44205.14,0
5816,15726358,Fournier,550,Spain,Female,30,7,130140.73,1,1,1,132699.07,0
5817,15774797,Hall,645,France,Male,34,1,0.0,2,1,0,179157.41,0
5818,15642875,Campbell,634,France,Male,49,10,0.0,1,1,1,10584.99,1
5819,15700870,Castillo,597,France,Male,25,8,0.0,1,1,0,171808.41,0
5820,15572758,Fournier,670,France,Female,37,7,0.0,1,1,0,82592.12,0
5821,15660381,King,542,Germany,Female,34,10,140358.01,2,1,1,166637.88,0
5822,15751057,Hill,767,Spain,Male,41,1,122829.3,1,1,1,166459.46,0
5823,15762564,Harris,695,Germany,Male,28,9,178013.46,2,0,0,128943.47,0
5824,15588355,Thompson,633,France,Female,35,3,147690.26,1,1,1,48572.66,0
5825,15581391,Girard,663,France,Male,45,8,79242.5,2,1,0,5850.52,0
5826,15800428,Diaz,621,France,Female,38,0,0.0,1,0,1,33968.77,0
5827,15744608,Adams,483,Germany,Male,32,6,143687.78,2,1,1,64285.9,1
5828,15755549,Schneider,554,France,Female,30,1,0.0,1,1,1,154257.23,0
5829,15653560,Thomas,633,Germany,Female,52,10,112204.47,1,1,0,142669.55,1
5830,15607195,Rivera,616,Spain,Male,27,5,0.0,2,1,1,104657.09,0
5831,15795419,Alvarez,713,Germany,Female,55,9,81088.97,2,1,1,6461.32,1
5832,15789310,Thompson,704,France,Male,38,8,113230.34,1,0,0,23515.53,1
5833,15589086,Fischer,596,France,Female,36,5,0.0,1,1,0,185603.24,0
5834,15658368,Nelson,557,Germany,Female,49,2,149476.6,3,1,1,143792.47,1
5835,15673897,Gonzalez,723,Germany,Male,49,5,160082.12,1,1,0,182879.9,1
5836,15798523,Williams,668,France,Female,37,3,0.0,2,0,1,107994.09,0
5837,15640221,Bernard,590,Spain,Male,41,2,79244.75,1,1,0,11081.21,0
5838,15774152,Girard,539,Germany,Female,28,3,125255.44,2,1,0,156226.48,0
5839,15682532,Muller,584,France,Female,35,2,0.0,1,1,0,197936.29,0
5840,15610224,Mitchell,688,France,Female,31,9,122097.54,2,0,1,102118.16,0
5841,15797676,Meyer,814,France,Male,53,10,170943.22,1,0,1,17513.62,0
5842,15701125,Walker,629,France,Female,51,2,0.0,2,0,0,127846.29,1
5843,15605489,Hoffmann,569,France,Male,28,2,0.0,1,0,0,151464.97,0
5844,15568376,Jones,850,Germany,Male,28,0,129690.61,1,0,0,166210.04,0
5845,15569097,Thompson,614,France,Female,35,4,115784.09,1,1,0,150324.53,0
5846,15713580,Bernard,573,Spain,Male,55,6,120323.11,2,0,0,195785.48,1
5847,15697427,Rivera,610,Spain,Male,33,2,0.0,1,0,1,76699.28,0
5848,15741245,Fischer,606,France,Male,68,5,0.0,2,1,1,148100.1,0
5849,15714467,Moreau,773,France,Female,27,3,0.0,2,1,0,144384.52,0
5850,15632292,Muller,488,Spain,Female,31,0,0.0,1,1,0,76597.35,1
5851,15594482,Schmidt,708,Spain,Male,28,2,0.0,2,0,1,178481.25,0
5852,15611620,Muller,649,Spain,Male,38,8,135874.61,2,1,0,47715.68,0
5853,15802419,Schneider,596,France,Female,33,9,0.0,2,0,1,135698.29,0
5854,15646584,Moore,617,France,Male,54,4,139541.46,2,1,0,81264.11,1
5855,15649949,Muller,626,France,Female,32,6,0.0,2,1,0,55949.16,0
5856,15606068,Ramirez,659,Spain,Female,46,6,0.0,2,1,0,22710.09,0
5857,15748849,Miller,606,Germany,Female,28,3,82239.36,1,1,1,1514.43,0
5858,15576179,Rivera,644,Germany,Male,34,7,116979.14,2,1,1,44735.52,0
5859,15685132,Campbell,575,Germany,Female,24,4,95257.75,2,1,0,143708.95,0
5860,15712396,Hill,850,France,Female,56,0,0.0,1,0,0,94028.87,1
5861,15712264,Navarro,748,Germany,Male,35,4,99134.54,1,0,0,152885.63,0
5862,15803743,Fournier,697,France,Female,46,1,77926.64,1,1,0,194017.48,0
5863,15613902,Anderson,607,Germany,Male,25,5,61929.22,1,1,1,30436.02,0
5864,15639693,Lewis,730,Germany,Female,26,5,138862.56,2,1,0,69356.17,0
5865,15792480,Perez,679,Germany,Female,28,5,78317.01,2,1,1,41299.48,0
5866,15800885,Diaz,662,France,Male,31,1,0.0,2,1,0,117129.82,0
5867,15594432,Schneider,598,Spain,Male,49,10,0.0,1,1,1,153245.71,0
5868,15638424,Perez,677,Germany,Male,32,1,127848.94,1,0,1,42824.12,0
5869,15784849,Miller,813,France,Male,42,3,0.0,2,1,1,159824.82,0
5870,15658683,Navarro,658,France,Female,60,3,0.0,1,0,0,7823.51,0
5871,15688112,Hoffmann,624,Germany,Male,34,5,148633.13,2,0,0,129705.94,0
5872,15730359,Navarro,660,France,Female,26,4,98743.43,2,1,0,169510.95,0
5873,15667392,Moreau,654,France,Male,28,10,164622.66,1,1,0,183568.27,0
5874,15793265,Anderson,597,France,Female,43,9,142901.36,1,1,0,71115.95,0
5875,15700050,Wright,578,France,Female,31,0,109862.01,2,0,1,21492.42,0
5876,15772467,Green,727,France,Female,25,6,0.0,1,0,0,100196.13,1
5877,15688890,Martin,767,Germany,Female,78,5,123403.89,1,1,0,93111.24,0
5878,15787667,Scott,850,France,Female,50,10,107141.82,1,0,0,125066.4,0
5879,15576396,Davis,694,Germany,Female,29,3,67755.55,2,1,1,116080.12,0
5880,15711794,Lewis,661,France,Female,66,5,0.0,2,1,1,39762.49,0
5881,15594176,Walker,737,France,Male,72,10,0.0,1,1,0,9118.1,1
5882,15785340,Lee,562,France,Male,61,5,0.0,2,1,1,194064.31,0
5883,15723805,Navarro,712,Spain,Male,34,6,0.0,2,0,0,82444.23,0
5884,15720494,Moreau,751,Spain,Female,36,3,144824.15,2,1,0,114968.18,0
5885,15682683,Ramirez,749,France,Female,42,8,0.0,1,0,1,7363.31,0
5886,15701542,Hoffmann,812,France,Female,30,0,0.0,1,1,1,34779.1,0
5887,15572669,Schneider,592,France,Female,49,10,95353.51,2,1,1,98467.38,0
5888,15782198,Hill,602,France,Male,40,1,120521.17,1,1,1,90563.16,1
5889,15683204,Garcia,629,Spain,Female,48,6,148094.32,2,1,1,49503.52,0
5890,15803144,King,542,France,Male,32,0,0.0,2,1,1,160528.75,0
5891,15806226,Clark,702,Spain,Male,39,1,0.0,1,1,0,181361.86,0
5892,15587788,Martin,715,Germany,Female,27,7,88970.88,1,1,1,58149.33,0
5893,15625193,Bernard,704,Germany,Male,32,8,80528.78,1,1,1,138156.83,0
5894,15814406,Moreau,664,Spain,Female,33,3,0.0,2,1,0,32060.62,0
5895,15755264,Rivera,748,France,Female,43,0,0.0,1,1,1,20838.0,0
5896,15644399,Thomas,706,Spain,Female,47,0,118748.39,2,1,0,35802.61,0
5897,15661212,Roberts,592,France,Male,28,10,0.0,2,0,1,29628.53,0
5898,15617593,Jones,364,Spain,Male,52,8,0.0,2,0,0,97741.11,1
5899,15750606,Dubois,618,Germany,Male,41,4,117510.21,2,1,1,41888.31,1
5900,15614450,Moore,654,France,Male,44,2,97120.36,2,1,1,51229.21,0
5901,15582940,Nelson,655,Spain,Male,47,7,0.0,2,1,1,44611.88,0
5902,15761317,Ramirez,633,France,Male,29,9,0.0,2,1,1,128462.57,0
5903,15670543,Weber,598,France,Female,52,7,0.0,2,1,1,184406.21,0
5904,15594410,Jackson,568,Spain,Female,31,9,0.0,1,1,1,55505.81,0
5905,15612887,Walker,550,France,Female,36,9,0.0,1,1,1,48907.67,0
5906,15708367,Clark,692,Spain,Male,34,3,118952.42,1,1,1,24778.3,0
5907,15575931,Lee,756,Germany,Female,66,8,129475.46,2,1,0,196987.7,1
5908,15785232,Nelson,529,Germany,Male,29,2,90950.83,2,0,1,164780.6,0
5909,15725900,Diaz,644,France,Male,62,2,151884.77,1,0,0,73095.16,0
5910,15691029,Wilson,727,France,Male,56,10,0.0,1,0,0,4380.56,1
5911,15725897,Sanchez,632,Spain,Female,27,3,126259.7,2,1,0,105862.78,0
5912,15788239,Schmidt,719,France,Female,31,9,0.0,2,0,0,38851.95,0
5913,15775477,Weber,755,Germany,Male,31,3,95948.57,2,0,1,2809.82,0
5914,15691964,Miller,688,France,Female,44,10,0.0,2,0,0,78457.23,0
5915,15580617,Walker,602,France,Female,52,3,162349.74,2,1,0,132266.24,0
5916,15715936,Wright,778,Germany,Male,31,0,85735.95,2,1,0,157059.09,0
5917,15730708,Hill,624,Spain,Female,26,5,122303.6,2,0,0,51694.05,0
5918,15797408,Vargas,624,Spain,Male,44,6,75643.67,2,1,1,96797.9,0
5919,15681327,Carter,700,Spain,Male,38,4,145052.47,2,0,0,145562.32,0
5920,15724732,Girard,621,France,Female,27,2,0.0,2,1,1,197912.38,0
5921,15680450,Girard,628,France,Male,43,9,0.0,2,1,1,184303.89,0
5922,15580322,Brown,614,France,Female,37,4,0.0,2,1,1,62739.43,0
5923,15644586,Navarro,632,Germany,Male,28,7,104654.06,2,0,1,82527.88,0
5924,15611863,Schneider,669,France,Female,32,1,0.0,1,1,1,185560.45,1
5925,15768548,Romero,459,Germany,Female,60,9,92742.32,2,1,1,112665.45,0
5926,15731899,Green,641,France,Female,22,8,92632.02,2,0,1,2222.17,0
5927,15792160,Williams,479,Spain,Female,29,1,0.0,1,0,1,143298.88,0
5928,15686892,Ramirez,611,Spain,Female,26,5,117339.63,2,0,1,92671.11,0
5929,15708392,Navarro,683,Spain,Male,34,8,0.0,1,1,0,152063.73,0
5930,15635177,Weber,618,France,Male,39,8,179579.84,2,1,1,182786.19,0
5931,15657110,Hall,718,Spain,Female,36,4,138492.13,1,1,1,74133.17,0
5932,15710061,Rodriguez,684,France,Male,37,1,147945.27,1,0,0,92955.85,0
5933,15787949,Young,441,France,Male,39,0,141935.49,2,1,0,87895.96,0
5934,15743205,Fournier,766,France,Female,32,10,0.0,1,0,0,77218.16,0
5935,15656559,Jackson,674,France,Male,74,1,135713.34,2,1,0,96605.2,0
5936,15755385,White,595,Germany,Male,38,3,89730.58,1,0,0,124331.79,0
5937,15699025,Wilson,604,France,Female,27,9,95313.9,1,1,0,1666.42,0
5938,15658321,Lopez,448,France,Female,36,10,149126.77,1,1,1,173386.44,1
5939,15758828,Mitchell,671,Germany,Female,44,5,104954.19,1,0,1,174126.73,1
5940,15635755,White,713,Spain,Male,46,7,160260.51,2,1,0,36923.33,0
5941,15707909,Taylor,584,Germany,Male,42,5,141792.85,2,1,0,23853.47,1
5942,15686723,Weber,562,Germany,Female,38,1,84400.32,2,1,0,141635.12,0
5943,15599715,Ruiz,664,France,Male,29,5,0.0,1,1,1,190435.84,0
5944,15621739,Ramirez,766,Spain,Female,41,8,0.0,1,1,1,29722.5,0
5945,15606239,Diaz,756,France,Male,36,6,143547.91,1,0,1,164195.51,0
5946,15707206,White,730,France,Male,31,6,154917.51,1,0,0,190029.76,0
5947,15609576,Hall,846,France,Male,38,9,108316.32,1,1,1,163922.75,0
5948,15743115,Fournier,740,Germany,Male,47,2,119861.85,2,1,1,110005.13,1
5949,15578553,Clark,762,France,Male,25,6,0.0,1,1,0,184341.5,0
5950,15654877,Navarro,658,Germany,Female,29,2,146266.26,1,1,1,2558.54,0
5951,15764097,Rivera,616,France,Female,20,0,109526.44,2,0,0,172487.5,0
5952,15746286,Hall,760,France,Male,45,10,0.0,1,1,0,138592.61,1
5953,15594463,Campbell,555,France,Female,28,8,117804.92,1,1,0,77907.75,0
5954,15587905,Meyer,691,France,Male,51,10,73209.82,1,0,1,172117.92,1
5955,15733668,Garcia,591,France,Male,35,5,0.0,2,0,1,147491.57,0
5956,15785441,White,683,Germany,Female,42,6,129483.41,1,0,0,159238.73,1
5957,15735920,Ramirez,676,Germany,Female,45,0,114275.52,1,1,0,57026.1,1
5958,15740935,Jones,666,France,Female,36,2,97281.27,1,1,1,115080.09,0
5959,15574540,Adams,648,Germany,Male,53,0,98756.11,2,0,0,71775.53,0
5960,15774324,Davis,702,France,Male,38,3,76616.92,1,0,0,131116.95,0
5961,15734243,King,717,France,Female,39,4,0.0,1,1,0,147990.05,0
5962,15728411,Jackson,514,France,Female,27,2,0.0,2,1,1,129346.98,0
5963,15628865,Young,646,France,Female,61,8,103340.88,2,1,0,175773.53,0
5964,15724833,Brown,609,France,Female,47,6,159663.17,2,1,1,25658.28,0
5965,15621899,Alvarez,669,Germany,Male,28,4,137894.17,1,1,1,110453.84,0
5966,15620574,Young,610,France,Female,27,4,92419.67,3,1,0,107316.68,0
5967,15706090,Jackson,774,Spain,Female,33,6,72186.61,1,1,1,149769.92,0
5968,15583285,Jones,643,France,Male,34,4,0.0,1,1,1,96744.08,0
5969,15761520,Fournier,746,Germany,Male,37,8,163364.19,1,0,1,50770.78,1
5970,15692916,Carter,558,Spain,Female,52,8,139915.38,1,1,0,50808.53,1
5971,15710728,Lewis,623,France,Male,52,2,0.0,1,1,0,66984.22,0
5972,15621465,Williams,590,France,Female,47,10,0.0,2,0,1,83020.43,0
5973,15802476,Campbell,688,Germany,Female,24,5,154355.31,1,1,0,137012.26,1
5974,15725237,Castillo,535,Spain,Male,58,2,0.0,1,0,1,84010.15,0
5975,15783246,Torres,484,Spain,Male,49,9,0.0,2,1,1,44013.7,0
5976,15810952,Rivera,589,France,Female,43,4,122461.11,1,1,1,27229.29,0
5977,15687415,White,704,Spain,Male,35,1,92049.59,1,0,1,140881.65,0
5978,15706027,Allen,571,France,Female,42,5,0.0,2,0,1,22295.1,0
5979,15696411,Moreau,676,France,Male,26,4,0.0,2,1,1,59363.14,0
5980,15739918,Martinez,587,Germany,Female,42,2,113710.18,2,0,1,42524.47,0
5981,15617346,Nelson,480,France,Male,48,7,91880.52,1,0,0,16861.57,0
5982,15579132,Allen,733,Germany,Male,40,4,140751.97,1,1,0,176895.93,1
5983,15618876,King,713,Spain,Female,35,5,0.0,1,1,1,14380.17,0
5984,15628955,Wright,646,France,Male,53,0,106214.81,1,1,1,47352.13,0
5985,15692152,Moreau,654,Germany,Male,70,4,129175.08,2,1,0,34089.76,0
5986,15676779,Harris,630,France,Male,43,0,115880.33,1,0,0,170560.53,1
5987,15735242,Campbell,550,France,Female,48,3,147727.28,1,0,0,179040.29,1
5988,15712230,Romero,777,France,Female,37,8,122715.27,1,1,0,110804.75,0
5989,15790469,Baker,640,Spain,Male,33,10,108531.56,1,0,1,140176.18,0
5990,15781094,Williams,685,France,Male,49,3,0.0,1,1,1,168716.83,0
5991,15604862,Bernard,602,France,Male,64,7,0.0,1,1,0,61719.34,0
5992,15776708,Martinez,693,Germany,Female,31,7,77764.83,1,1,1,103562.23,0
5993,15648233,Scott,761,Spain,Male,29,8,102051.18,1,1,1,1494.48,0
5994,15623036,Castillo,666,Spain,Female,32,0,66459.3,2,0,0,49834.57,0
5995,15641720,Lopez,685,Germany,Male,31,3,73902.95,2,1,1,104701.98,0
5996,15616154,Anderson,735,France,Female,54,7,0.0,2,1,0,66921.81,0
5997,15683923,Lopez,719,Germany,Female,52,3,121789.61,1,1,0,28510.75,1
5998,15692120,Robinson,751,Spain,Male,32,7,112080.06,1,0,1,18575.73,0
5999,15725762,Sanchez,681,Spain,Female,39,9,0.0,2,1,0,170134.91,0
6000,15670937,Gonzalez,681,Spain,Male,29,9,0.0,1,1,0,150286.23,0
6001,15783058,Jones,673,France,Female,36,5,63054.46,2,0,0,157186.46,0
6002,15724317,Sanchez,734,France,Male,28,2,142403.63,1,1,1,136225.6,0
6003,15791814,Scott,608,Germany,Male,35,3,117511.96,2,1,1,34902.76,0
6004,15802503,Girard,701,France,Male,29,6,0.0,2,1,1,147270.52,0
6005,15769507,Miller,850,France,Male,53,8,138765.7,1,1,1,111263.02,1
6006,15769278,Green,685,France,Female,40,9,152469.64,1,1,0,3054.16,1
6007,15590460,Sanchez,534,Germany,Female,42,9,93412.97,2,1,0,10109.43,1
6008,15794211,Smith,622,Spain,Male,31,2,84359.97,2,1,0,43894.69,0
6009,15618441,Jones,710,Spain,Male,34,1,0.0,2,1,1,157585.84,0
6010,15674741,Young,585,Spain,Female,39,1,115511.7,2,1,0,120047.28,0
6011,15777211,Fernandez,555,Spain,Male,64,2,157437.29,1,1,1,119553.36,0
6012,15756980,Adams,516,Germany,Male,38,3,135337.96,2,1,1,197433.85,0
6013,15612790,Alvarez,630,France,Female,56,0,124443.34,3,0,1,99136.56,1
6014,15695051,Flores,806,Germany,Male,34,10,83566.44,3,1,0,91991.37,1
6015,15591841,Navarro,598,France,Male,38,3,98832.97,1,1,1,92498.21,0
6016,15665400,Nelson,735,France,Male,52,1,0.0,2,1,1,62314.66,0
6017,15670642,Harris,623,France,Male,46,5,0.0,1,1,1,43781.33,0
6018,15754518,Moore,612,Spain,Female,31,1,0.0,2,1,1,14240.49,0
6019,15667950,Sanchez,700,Germany,Female,42,9,133539.85,2,1,1,62578.17,0
6020,15802655,Lopez,501,Spain,Female,43,10,0.0,1,1,1,23469.18,0
6021,15624367,Weber,812,Spain,Male,45,10,142954.04,1,1,0,29819.22,1
6022,15770632,Hill,702,Spain,Female,31,4,137090.81,1,0,0,116173.33,0
6023,15796335,Miller,752,France,Female,28,6,101979.28,1,0,1,44646.29,0
6024,15656364,Perez,625,Spain,Female,57,1,0.0,1,0,1,33477.74,0
6025,15732087,Lewis,698,Spain,Female,71,0,0.0,1,0,0,105320.24,1
6026,15725930,Navarro,740,Spain,Female,44,6,0.0,1,1,0,1805.45,1
6027,15795566,Baker,641,France,Female,34,8,0.0,2,1,0,114970.83,0
6028,15581080,Wilson,565,France,Female,54,0,0.0,2,1,1,76995.15,0
6029,15599288,Hoffmann,559,Spain,Female,30,10,0.0,2,1,0,57358.31,0
6030,15742595,Johnson,609,France,Male,30,4,0.0,1,0,1,12653.56,0
6031,15712141,Ruiz,672,France,Female,59,6,0.0,2,0,0,47932.13,0
6032,15641248,Diaz,634,France,Female,68,0,138874.01,1,1,1,151500.35,0
6033,15767590,Gonzalez,603,France,Male,33,9,0.0,1,1,0,84436.09,0
6034,15745290,Adams,716,France,Male,31,6,0.0,1,1,1,128534.89,0
6035,15654530,Martin,605,Spain,Male,38,5,0.0,2,0,1,169207.45,0
6036,15710046,King,592,Spain,Female,29,6,129627.63,1,1,0,168628.91,0
6037,15668027,Moreau,741,Spain,Male,27,9,191805.63,1,0,1,162021.93,0
6038,15677853,Ramirez,703,France,Male,27,0,0.0,2,0,0,28105.49,0
6039,15736390,Dubois,531,France,Male,42,0,0.0,2,0,1,139834.48,0
6040,15645462,Fournier,521,France,Male,37,5,0.0,2,1,0,36526.18,0
6041,15703376,Clark,543,France,Female,52,8,0.0,1,1,0,128801.64,1
6042,15631489,Walker,647,France,Male,59,10,83731.55,1,1,0,86331.92,1
6043,15633607,Hoffmann,764,Spain,Male,44,1,156332.74,1,0,0,187148.87,0
6044,15810725,Perez,790,Spain,Male,29,4,36740.98,1,1,1,76077.68,0
6045,15806659,Hall,723,Germany,Female,24,8,25541.82,2,1,0,162800.72,0
6046,15753420,Miller,836,France,Female,34,10,66348.34,1,1,0,44806.33,0
6047,15788225,Fischer,670,France,Male,33,2,0.0,1,1,1,5029.58,0
6048,15747568,Perez,758,France,Male,30,10,60087.72,1,1,0,151663.61,0
6049,15596958,Thomas,595,France,Female,43,8,159301.64,2,0,1,141457.19,0
6050,15806390,Gonzalez,499,Germany,Female,44,2,121256.51,1,1,1,38233.25,0
6051,15714556,Clark,620,France,Female,41,8,0.0,1,1,1,42459.13,1
6052,15802525,Gonzalez,638,Germany,Male,70,6,109604.65,1,1,0,179424.2,1
6053,15590226,Wright,850,Spain,Female,27,9,0.0,2,0,1,86881.78,0
6054,15591737,Williams,650,France,Female,35,9,117482.99,2,1,1,113728.33,0
6055,15813745,Meyer,551,France,Male,38,2,178440.26,2,0,1,22680.97,0
6056,15678627,Clark,744,France,Female,34,7,125987.36,2,1,0,21538.41,0
6057,15633084,Harris,576,France,Female,33,5,124855.06,2,1,0,151024.74,0
6058,15628811,Robinson,664,Germany,Female,47,8,88427.44,1,1,0,62535.85,0
6059,15581434,Taylor,735,Spain,Female,31,1,89898.37,2,1,1,146714.84,0
6060,15682012,Wagner,560,Spain,Male,30,2,0.0,1,1,1,20074.03,0
6061,15719921,Diaz,797,Germany,Male,44,2,138459.81,2,0,0,2781.17,0
6062,15611394,Jackson,759,France,Male,44,10,0.0,2,0,0,83192.83,0
6063,15754270,Navarro,684,France,Female,26,4,60714.67,2,1,0,78355.45,0
6064,15614235,Diaz,820,France,Male,52,2,133432.7,1,1,1,193073.78,1
6065,15743239,Alvarez,613,France,Male,65,8,0.0,1,1,0,6125.24,0
6066,15636181,Moore,727,Spain,Female,25,7,0.0,2,1,0,123582.02,0
6067,15668792,Clark,677,France,Male,47,6,137105.07,1,0,0,164126.55,0
6068,15592444,Campbell,588,France,Female,40,9,0.0,2,0,1,69678.31,0
6069,15694655,Girard,591,France,Male,39,9,0.0,1,1,0,137183.79,0
6070,15594795,Becker,847,France,Male,53,3,0.0,2,1,1,157837.6,0
6071,15691655,Thompson,753,Spain,Male,40,10,0.0,1,1,0,58121.59,0
6072,15746955,Roberts,736,France,Male,40,6,0.0,2,1,0,159834.12,0
6073,15694379,Allen,589,France,Male,33,9,0.0,2,1,1,193830.51,0
6074,15784828,Romero,719,France,Male,54,7,128226.12,2,1,1,62588.37,1
6075,15808532,Lee,614,Spain,Female,26,0,0.0,1,1,1,38932.73,0
6076,15582610,Taylor,815,Germany,Male,49,10,101175.44,1,1,0,183149.29,1
6077,15760051,Fischer,768,Germany,Male,31,6,63776.54,1,1,0,4182.94,1
6078,15569506,Campbell,739,France,Male,37,4,149006.67,1,1,1,26715.47,0
6079,15648992,Romero,729,France,Male,29,3,75523.89,2,1,0,77575.04,0
6080,15808422,Fischer,641,Spain,Male,34,6,109236.58,2,1,1,136697.79,0
6081,15702427,Girard,697,France,Male,30,10,108589.35,2,1,0,186013.28,0
6082,15782423,Dubois,800,France,Female,35,1,157689.69,2,0,1,107379.41,0
6083,15626256,Allen,695,Germany,Female,51,2,139931.42,2,1,1,156482.68,1
6084,15619814,Flores,568,France,Female,33,0,101563.83,1,0,0,53986.13,0
6085,15791669,Harris,772,France,Female,25,2,0.0,1,1,0,137570.12,0
6086,15772779,Baker,584,Spain,Male,43,0,113759.8,1,1,1,50607.42,0
6087,15633817,Moore,647,France,Male,32,2,0.0,1,1,1,172052.56,0
6088,15682634,Romero,604,France,Male,30,5,0.0,1,1,0,71701.56,0
6089,15774270,Miller,397,France,Female,38,9,128832.25,1,1,0,145413.19,0
6090,15736790,Fournier,667,Germany,Male,22,6,113910.36,2,1,0,77330.33,0
6091,15684253,Miller,850,France,Male,33,2,193510.57,2,1,1,115649.71,0
6092,15713227,Fernandez,681,France,Female,54,0,96314.99,1,1,1,126242.32,1
6093,15682984,Anderson,850,Germany,Male,43,9,156725.35,1,1,0,46336.48,1
6094,15574202,Rodriguez,635,Germany,Male,38,1,107307.64,2,1,1,59709.55,0
6095,15678214,Campbell,671,Spain,Female,37,8,0.0,2,0,1,51915.22,0
6096,15764761,Bernard,640,France,Male,51,2,160699.63,2,1,0,87302.81,0
6097,15773983,Hall,656,France,Male,32,6,136498.85,1,1,1,9715.19,0
6098,15792324,Martin,686,Germany,Male,35,9,116725.09,2,0,0,198349.87,0
6099,15724301,Lopez,796,Germany,Male,23,10,109456.92,1,1,1,58054.48,0
6100,15731202,Garcia,569,France,Female,37,1,0.0,2,1,0,87274.47,0
6101,15728774,Alvarez,651,Germany,Female,43,5,109351.44,2,1,0,54821.6,1
6102,15789985,Romero,710,France,Male,33,5,0.0,1,1,1,78124.96,0
6103,15801622,Wright,774,Spain,Male,41,9,99664.01,1,0,1,181054.54,0
6104,15700780,Dubois,441,Spain,Male,35,8,174304.13,1,1,1,138909.15,0
6105,15665006,Alvarez,514,France,Female,42,1,82339.64,1,0,0,99584.85,0
6106,15622910,Castillo,654,Spain,Male,39,9,128649.57,2,1,1,136530.56,0
6107,15748138,Smith,759,Spain,Male,31,3,130084.66,1,1,0,99221.44,1
6108,15733162,Young,603,France,Female,35,7,0.0,1,1,0,40914.89,0
6109,15608099,Scott,715,France,Female,37,1,111903.72,1,1,1,59039.11,0
6110,15599020,Fischer,842,Germany,Female,36,2,108859.16,2,1,0,97677.34,0
6111,15699951,Schneider,651,France,Female,59,0,0.0,1,1,1,147394.55,1
6112,15656073,Schneider,628,France,Male,36,1,123200.64,1,1,1,10734.46,0
6113,15815357,Scott,696,France,Female,55,10,129413.24,1,0,1,73978.36,1
6114,15570172,Allen,667,Spain,Female,29,1,111391.71,1,0,0,26226.47,1
6115,15585428,Young,675,France,Male,42,6,180245.08,1,1,1,131332.15,0
6116,15778445,Baker,632,Spain,Male,47,8,0.0,2,1,1,43639.04,0
6117,15731769,Alvarez,625,France,Male,26,0,127811.84,3,1,0,69834.83,1
6118,15667780,Walker,553,France,Female,44,3,0.0,1,1,1,81965.74,0
6119,15798033,Scott,709,Spain,Female,24,5,138305.17,1,1,1,84649.02,0
6120,15809333,Rivera,549,France,Female,32,3,0.0,1,0,1,110107.24,0
6121,15740235,Nguyen,571,France,Male,38,9,0.0,1,1,1,21719.74,0
6122,15646977,Perez,534,France,Female,59,1,0.0,2,0,0,161725.04,0
6123,15610675,Davis,618,Germany,Male,44,7,120655.16,2,0,1,109267.34,0
6124,15675813,Sanchez,653,France,Male,32,4,149478.33,1,1,1,107319.5,1
6125,15807933,Alvarez,543,France,Female,50,4,143589.68,1,1,0,56096.16,1
6126,15748273,Wright,624,France,Female,26,3,0.0,1,1,1,1057.29,0
6127,15749013,Smith,666,France,Female,27,7,148065.57,1,1,1,121797.11,0
6128,15657015,Diaz,498,France,Male,24,3,0.0,2,1,0,95499.4,0
6129,15730075,Torres,576,Germany,Male,41,6,122865.12,2,1,0,79818.87,0
6130,15786563,Fernandez,825,France,Male,33,0,0.0,1,1,1,108901.77,0
6131,15584622,Jackson,581,France,Male,38,3,0.0,1,0,1,141613.16,0
6132,15659716,Becker,719,Germany,Female,27,5,96998.7,2,1,1,109362.38,0
6133,15775275,Green,601,Germany,Male,52,2,88945.05,2,1,1,86308.45,0
6134,15623630,Martinez,669,France,Male,50,1,143261.14,1,1,0,198211.94,0
6135,15690728,White,573,France,Male,26,2,103484.01,2,1,1,117589.21,0
6136,15624269,Wilson,466,France,Female,29,5,118499.96,2,1,0,54517.07,0
6137,15656944,Roberts,607,Spain,Female,55,10,0.0,1,0,1,45068.87,0
6138,15686347,Sanchez,693,France,Male,33,7,0.0,2,1,1,94882.23,0
6139,15600462,Clark,716,France,Male,28,9,0.0,2,1,0,26535.95,0
6140,15786097,Jackson,664,France,Female,40,6,0.0,1,1,1,5702.35,0
6141,15777660,Diaz,575,France,Female,33,0,155981.17,2,1,1,111815.86,0
6142,15584671,Robinson,739,France,Male,27,1,0.0,1,0,0,81800.85,0
6143,15571147,Laurent,580,France,Male,60,8,0.0,1,0,0,162138.43,0
6144,15678491,Baker,586,Germany,Female,24,6,83490.67,2,1,1,1042.55,0
6145,15640314,Diaz,555,Germany,Female,36,9,94229.24,1,1,0,142972.45,1
6146,15715914,Thomas,609,Germany,Male,47,4,124017.92,1,1,0,142795.34,0
6147,15566002,Mitchell,621,Spain,Male,53,10,153778.11,2,0,0,167197.03,0
6148,15735005,Thompson,678,France,Male,44,3,0.0,1,1,0,162806.31,1
6149,15729420,Becker,519,Spain,Male,48,9,94178.81,1,1,0,194381.56,1
6150,15591185,Schmidt,605,Germany,Male,46,1,163375.64,2,1,0,25695.97,0
6151,15580682,Meyer,572,Spain,Male,38,4,118157.93,1,1,1,67270.11,0
6152,15733644,Lopez,691,Germany,Male,30,10,92562.97,1,0,1,191119.6,0
6153,15592483,Wilson,679,France,Male,34,8,0.0,2,0,1,166095.09,0
6154,15742520,Hill,550,France,Male,28,4,120302.54,2,0,0,162100.34,0
6155,15751518,Lopez,698,France,Male,39,9,94393.81,1,1,1,113838.01,1
6156,15704723,Smith,645,France,Female,30,5,0.0,1,1,1,189979.93,0
6157,15684684,Lewis,727,France,Male,36,10,0.0,2,0,0,86633.98,0
6158,15613784,Thomas,587,France,Female,35,1,95122.72,1,1,0,68858.16,0
6159,15592808,Moore,707,France,Female,41,9,0.0,2,1,0,197484.77,0
6160,15725435,Mitchell,734,Spain,Female,36,7,0.0,2,0,1,68463.13,0
6161,15617791,Laurent,657,Germany,Male,37,1,143620.58,2,1,0,180845.83,0
6162,15577279,Alvarez,850,Germany,Male,27,3,142933.97,2,1,1,76957.61,0
6163,15640013,Weber,698,France,Female,32,8,0.0,1,1,0,145412.72,0
6164,15794535,Miller,821,Germany,Male,20,8,116537.71,2,1,1,97110.21,0
6165,15684908,Weber,850,Spain,Male,43,2,0.0,2,0,1,118594.16,0
6166,15622907,Adams,488,Germany,Male,34,0,124070.76,2,1,0,180553.55,0
6167,15813730,Smith,762,Germany,Female,33,3,127205.57,1,1,1,144422.5,0
6168,15599145,Navarro,700,France,Female,39,3,113933.46,2,1,1,160163.35,0
6169,15770931,Martin,674,France,Male,38,6,91235.87,2,1,1,90438.34,0
6170,15699079,Vargas,586,Germany,Female,39,8,151697.19,2,0,1,20265.86,0
6171,15647312,Walker,564,Spain,Female,41,3,0.0,2,1,1,184177.18,0
6172,15757181,Perez,548,France,Male,36,4,0.0,1,1,0,195416.81,0
6173,15652006,Dubois,850,France,Male,28,2,74411.19,2,1,1,57101.97,0
6174,15766547,Weber,697,France,Male,27,0,112039.89,2,1,0,174693.88,0
6175,15660956,Torres,518,France,Female,31,10,0.0,2,0,1,111714.07,0
6176,15590212,Taylor,548,Spain,Female,57,8,97300.63,1,1,0,72010.68,1
6177,15603643,Jackson,454,Germany,Female,37,8,127233.91,1,1,0,5175.91,0
6178,15614843,Jackson,766,France,Female,42,10,129432.21,2,1,0,160124.08,1
6179,15808831,Thomas,654,France,Male,34,0,0.0,1,1,1,196694.1,0
6180,15768146,Moreau,699,France,Female,35,4,0.0,2,1,0,41556.07,0
6181,15664057,Becker,650,France,Female,30,8,0.0,2,1,0,1413.59,0
6182,15691408,Fournier,742,Germany,Female,43,6,117517.87,1,0,1,65326.15,1
6183,15714083,Thomas,612,Spain,Male,34,8,0.0,1,0,0,182549.11,0
6184,15650258,Alvarez,679,Germany,Male,44,4,165996.08,1,1,1,173481.08,0
6185,15641064,Hoffmann,677,France,Male,23,1,0.0,1,0,0,87704.38,0
6186,15611095,Lopez,537,Germany,Male,45,6,105418.48,1,1,1,163415.92,1
6187,15813076,Perez,580,Germany,Female,29,8,168517.42,2,1,0,58557.41,0
6188,15704858,Hill,621,France,Female,30,8,78265.09,2,0,1,115033.3,0
6189,15699116,Meyer,681,Germany,Female,48,1,162047.27,2,1,0,134318.65,0
6190,15666608,Sanchez,785,Germany,Male,50,6,116610.02,2,0,1,22513.79,1
6191,15665324,Campbell,661,Spain,Male,38,6,45531.24,2,1,0,31186.89,0
6192,15782945,Walker,641,France,Male,49,3,0.0,1,1,1,16682.46,0
6193,15594078,Hall,680,France,Female,32,2,112817.44,2,1,0,199171.28,0
6194,15579362,Moreau,635,France,Female,33,2,0.0,1,1,1,77782.49,0
6195,15580500,Fournier,648,France,Male,54,1,98419.47,2,1,0,63225.49,0
6196,15695718,Dubois,797,France,Female,24,5,75553.79,2,0,1,69092.78,0
6197,15724536,Jones,628,Spain,Female,42,3,0.0,1,1,0,193602.41,0
6198,15700883,Romero,675,France,Male,36,7,0.0,2,1,0,5091.43,0
6199,15683535,Scott,587,France,Male,39,6,0.0,2,1,1,185495.75,0
6200,15704838,Bernard,772,Spain,Male,38,6,156218.24,2,1,0,114789.68,0
6201,15644645,Miller,562,Germany,Male,39,10,114683.96,1,1,1,107645.74,1
6202,15631724,Baker,643,France,Female,35,1,0.0,1,1,1,69248.59,0
6203,15742935,Smith,745,Germany,Male,39,0,72678.34,1,1,1,5764.44,0
6204,15794466,Fischer,566,France,Female,42,3,138441.73,1,1,0,169413.22,1
6205,15698614,Williams,734,France,Female,62,0,0.0,2,0,0,105312.37,0
6206,15666654,Rodriguez,451,Germany,Male,34,8,142272.66,1,1,1,1039.41,0
6207,15797541,Garcia,544,France,Female,36,4,71344.86,1,1,0,140706.05,1
6208,15766686,Anderson,641,France,Male,39,1,93151.65,1,1,0,84635.05,0
6209,15787362,Wright,850,France,Female,49,0,0.0,1,0,1,78851.19,1
6210,15622256,Nguyen,664,Spain,Male,25,9,0.0,1,1,0,12294.75,0
6211,15747379,Roberts,666,France,Female,29,4,110114.8,1,0,1,134530.53,0
6212,15764208,Clark,761,Germany,Male,61,5,116976.16,1,1,0,129619.11,1
6213,15640107,Robinson,545,France,Male,41,1,0.0,2,0,0,193736.52,0
6214,15736238,Mitchell,356,Germany,Male,41,8,92898.6,1,0,0,21615.56,1
6215,15666209,Carter,818,France,Female,72,8,0.0,1,1,1,189061.54,0
6216,15656897,Moore,709,France,Female,40,3,114498.15,2,1,0,95644.35,0
6217,15572319,Wagner,607,Germany,Female,33,9,77218.48,1,1,1,10745.94,0
6218,15677365,Ramirez,656,Germany,Male,22,3,106571.19,2,0,1,151084.46,0
6219,15674968,Martinez,752,France,Female,35,9,0.0,2,1,0,82663.55,0
6220,15756963,Campbell,637,France,Female,37,10,0.0,2,0,0,18023.28,0
6221,15595426,White,664,France,Male,47,5,108457.02,1,1,0,25333.51,0
6222,15800164,Gonzalez,847,France,Male,47,6,158478.79,1,0,1,192662.16,0
6223,15691030,Young,529,Germany,Male,43,9,112371.3,2,0,0,130823.82,0
6224,15639008,Flores,700,France,Female,49,1,114390.19,1,1,0,190554.16,0
6225,15715622,Martin,531,Germany,Male,39,5,136456.68,1,1,0,155221.48,1
6226,15612429,Ruiz,802,France,Male,26,10,102086.39,1,1,1,125217.96,0
6227,15750823,Wagner,678,France,Female,34,2,0.0,1,1,0,23756.43,1
6228,15667233,Scott,583,France,Female,35,4,0.0,2,1,0,90050.31,0
6229,15662693,Thomas,504,France,Male,38,9,119363.7,2,0,1,48130.76,0
6230,15757038,Lopez,616,France,Female,50,7,68552.24,2,0,1,31989.18,0
6231,15603592,Fernandez,668,Spain,Male,36,5,0.0,1,1,1,98765.66,0
6232,15607159,Green,762,France,Female,37,1,0.0,1,0,0,62668.49,1
6233,15772242,Lopez,544,Spain,Male,75,1,67489.62,1,0,0,190649.15,0
6234,15794183,Adams,570,France,Male,29,9,48221.69,1,1,0,5823.63,0
6235,15648825,Johnson,602,France,Female,40,5,0.0,2,0,1,5686.75,0
6236,15786130,Robinson,575,France,Male,32,10,196242.84,2,1,1,124835.29,0
6237,15802547,Clark,600,France,Female,41,1,0.0,1,1,1,18615.18,0
6238,15576083,Lewis,558,Germany,Male,52,4,165389.77,1,0,0,110805.45,1
6239,15810089,Gonzalez,690,Spain,Male,45,1,97328.94,2,1,1,163149.5,0
6240,15738980,Brown,603,Germany,Female,40,1,95068.73,1,0,0,25094.86,1
6241,15734901,Moreau,651,Germany,Female,37,0,81018.85,1,1,1,14086.99,1
6242,15617116,Campbell,680,France,Female,49,6,82900.15,2,1,1,190303.18,0
6243,15774241,Fischer,516,France,Female,46,2,0.0,2,1,1,171965.03,0
6244,15812169,Anderson,708,Spain,Male,37,1,172053.26,1,1,1,49324.22,1
6245,15789238,Roberts,670,France,Male,72,9,112431.64,1,1,1,96486.15,0
6246,15772349,Weber,670,France,Male,31,4,103561.66,2,1,0,30895.54,0
6247,15604563,Brown,637,Spain,Male,70,5,92266.19,2,1,0,167691.29,0
6248,15783291,Green,624,Spain,Male,50,6,113487.25,1,1,0,38443.02,1
6249,15781262,Campbell,655,Germany,Male,27,4,94137.16,2,1,1,166013.83,0
6250,15808400,Thomas,659,France,Female,32,1,0.0,2,1,0,49582.52,0
6251,15760308,Williams,536,Spain,Male,40,5,0.0,1,0,0,22039.26,0
6252,15812582,Thomas,803,France,Female,26,10,0.0,1,0,1,42659.47,0
6253,15730851,Navarro,583,France,Male,46,7,104231.67,1,1,0,108117.82,1
6254,15596401,Schneider,656,France,Male,37,7,120431.65,2,1,1,177009.6,0
6255,15792571,Clark,763,Spain,Male,47,6,57886.26,2,1,1,7732.3,0
6256,15757370,Wagner,617,Spain,Male,45,3,0.0,1,1,0,28637.12,0
6257,15626853,Ruiz,673,Germany,Female,35,5,123931.62,1,1,0,110621.89,0
6258,15625493,Schneider,437,France,Male,32,4,0.0,1,1,0,18166.03,0
6259,15577805,Mitchell,458,France,Female,23,6,121446.79,1,0,0,69520.14,1
6260,15779682,Taylor,648,France,Female,71,9,97977.49,2,1,0,74757.64,0
6261,15790900,White,668,Spain,Male,44,0,128375.62,2,1,0,97576.51,0
6262,15622384,Carter,757,France,Female,28,5,0.0,1,1,0,143671.06,0
6263,15613518,Scott,728,France,Female,36,2,0.0,2,1,1,49243.55,0
6264,15666824,Gonzalez,496,Germany,Male,49,10,168117.82,3,0,0,65541.12,1
6265,15768728,Johnson,773,France,Female,38,1,131057.57,1,0,1,86564.39,0
6266,15758423,Young,535,Spain,Male,27,0,0.0,1,1,0,78465.2,0
6267,15654379,Robinson,734,France,Female,46,7,120260.11,1,0,0,143275.89,1
6268,15581381,Laurent,606,Spain,Male,27,2,0.0,2,0,1,9173.04,0
6269,15624472,Dubois,850,France,Female,48,2,0.0,1,1,1,29606.98,1
6270,15684029,Smith,593,France,Female,41,5,0.0,2,0,1,27636.87,1
6271,15589313,Lewis,643,France,Female,37,10,0.0,2,1,1,107113.5,0
6272,15672911,Davis,665,France,Female,36,1,0.0,1,1,0,17008.1,1
6273,15620644,Weber,626,Germany,Male,35,5,113168.35,1,0,1,14969.77,1
6274,15669277,Martinez,553,France,Female,44,3,78225.8,2,1,0,156248.66,0
6275,15715269,Baker,850,France,Male,28,2,0.0,1,0,0,196063.18,0
6276,15770251,Becker,591,Germany,Male,32,5,132143.28,1,1,0,7276.87,0
6277,15611647,Johnson,587,France,Male,55,10,74504.27,2,1,0,34380.46,0
6278,15708965,Roberts,639,Germany,Female,68,2,152635.16,1,0,1,101808.97,1
6279,15725595,Muller,669,Germany,Female,36,2,163608.22,2,0,1,180004.62,0
6280,15741862,Jones,584,France,Male,39,1,94647.16,1,1,0,100834.32,0
6281,15792700,Ramirez,742,Spain,Female,29,6,0.0,1,1,1,75910.35,0
6282,15793436,Baker,665,France,Female,31,2,148343.89,1,0,1,167850.43,0
6283,15594179,Fernandez,652,France,Male,24,6,89314.67,1,1,0,154111.88,0
6284,15749698,Clark,704,France,Male,26,0,107337.4,1,1,0,160027.32,0
6285,15786354,Rodriguez,568,Spain,Female,33,7,0.0,3,1,1,46831.47,1
6286,15624080,Jackson,593,Germany,Female,48,2,131094.84,1,1,1,130054.56,1
6287,15802752,Perez,648,Germany,Male,37,0,163691.1,1,1,1,36637.59,0
6288,15621021,Schneider,740,Spain,Male,55,0,111942.53,2,0,1,91260.24,0
6289,15606898,Muller,626,France,Male,32,8,0.0,2,0,0,167794.86,0
6290,15735723,Baker,619,Spain,Male,51,10,66624.63,4,1,1,159056.04,1
6291,15674760,Vargas,445,Germany,Male,76,4,96561.15,1,1,0,111035.28,1
6292,15815027,Nguyen,583,Spain,Male,41,1,110992.13,1,1,0,153995.96,0
6293,15601656,Wagner,490,Spain,Male,23,9,155404.41,2,1,1,13496.79,0
6294,15777228,Roberts,514,Spain,Female,23,0,0.0,2,1,0,165980.68,0
6295,15627161,Sanchez,685,France,Male,26,3,0.0,1,1,1,158846.99,0
6296,15795148,Schmidt,850,Spain,Male,30,10,0.0,2,1,1,148325.62,0
6297,15723022,Gonzalez,669,Spain,Male,47,4,131285.71,2,0,1,28836.86,0
6298,15758751,Wilson,682,Germany,Female,33,8,82193.46,1,0,0,42699.58,1
6299,15795325,Gonzalez,576,France,Male,51,3,0.0,2,1,0,43868.33,0
6300,15761713,Nelson,548,Spain,Male,32,2,0.0,1,0,1,136828.76,0
6301,15717152,Flores,849,France,Male,75,3,156405.54,1,1,0,56084.3,1
6302,15596032,Lewis,572,France,Female,56,9,140706.74,1,1,1,26386.96,1
6303,15768292,Navarro,456,Germany,Male,33,4,127038.17,1,1,1,112559.06,0
6304,15785624,Walker,674,France,Male,29,9,0.0,1,0,0,71366.38,0
6305,15606619,Nelson,608,Germany,Female,56,10,119754.73,2,1,0,96126.88,1
6306,15680361,Johnson,708,France,Female,28,8,0.0,2,1,0,146113.77,0
6307,15698088,Navarro,802,Germany,Male,32,3,140090.46,1,1,0,46369.66,0
6308,15689592,Miller,686,Spain,Male,28,6,0.0,1,0,1,181276.37,0
6309,15665609,Vargas,672,France,Female,39,4,0.0,2,0,0,143710.54,0
6310,15710649,Garcia,714,Germany,Female,52,6,139355.2,1,1,1,163637.87,1
6311,15654295,Clark,850,France,Female,33,7,0.0,1,0,1,82605.9,0
6312,15624312,Williams,850,Spain,Female,49,10,111601.48,1,1,1,117281.57,0
6313,15653705,Lopez,619,Spain,Female,40,8,0.0,2,1,0,156933.95,0
6314,15577963,Johnson,742,France,Female,28,5,158327.94,2,0,0,9434.45,0
6315,15575099,Wright,823,Germany,Male,32,9,131194.1,1,1,1,73287.99,0
6316,15806486,Roberts,717,Germany,Female,26,8,112836.54,2,1,1,22986.0,0
6317,15759266,Schmidt,644,Germany,Female,27,3,110059.27,2,1,1,160191.52,0
6318,15614711,Hoffmann,602,Germany,Female,62,1,98104.95,3,0,1,194332.65,1
6319,15635487,Jackson,660,France,Male,38,4,116062.65,2,1,1,180657.78,0
6320,15795088,Allen,539,Germany,Male,37,7,156911.59,1,1,1,183767.05,1
6321,15722870,Thomas,737,France,Female,38,2,0.0,1,0,1,75007.06,0
6322,15636064,Hill,785,France,Female,29,10,79929.07,1,1,0,104116.65,0
6323,15796849,Torres,611,Spain,Male,33,10,0.0,1,0,1,77889.23,0
6324,15737975,Alvarez,606,France,Female,41,0,107120.04,2,0,0,73139.51,0
6325,15654442,Lopez,548,Germany,Male,24,4,88502.7,1,0,0,2947.29,1
6326,15609180,Hill,695,France,Male,23,2,119032.53,2,1,1,118145.76,0
6327,15814224,Schmidt,649,Spain,Female,31,9,0.0,1,1,1,162618.36,0
6328,15632235,Diaz,510,Germany,Female,30,8,119599.49,2,0,0,79455.95,0
6329,15662527,Martinez,850,France,Male,53,7,132703.82,1,1,0,170135.56,0
6330,15773380,Alvarez,478,France,Male,29,8,0.0,2,0,0,89303.2,0
6331,15669398,Perez,510,France,Male,41,8,0.0,2,1,1,127890.08,0
6332,15717899,Moore,741,Spain,Female,30,8,0.0,2,0,1,2379.89,0
6333,15652830,Johnson,714,Germany,Female,41,7,64183.79,1,1,0,124139.33,0
6334,15640982,Alvarez,581,France,Female,39,10,120019.43,2,0,1,58831.45,0
6335,15751672,Walker,574,Germany,Female,58,6,78775.63,2,1,1,160320.31,0
6336,15786685,Martin,694,France,Male,29,1,0.0,2,1,1,291.45,0
6337,15596147,Young,687,France,Male,29,4,96301.4,1,1,0,21898.56,0
6338,15641701,Walker,582,France,Female,80,7,134603.26,1,1,1,163545.52,1
6339,15650055,Girard,746,France,Male,52,9,0.0,2,1,0,89225.36,1
6340,15675961,Girard,705,Germany,Male,32,7,111466.7,1,1,1,53640.73,0
6341,15726341,Taylor,780,Spain,Male,29,3,114568.81,2,0,0,3815.17,0
6342,15669032,Walker,645,Spain,Female,28,2,140656.08,2,1,0,71815.99,0
6343,15586951,Lopez,729,Spain,Male,51,9,120373.27,1,1,0,158850.26,1
6344,15796832,King,628,France,Male,31,2,133766.23,1,1,1,105974.94,0
6345,15698388,Nelson,702,France,Female,30,0,120843.13,1,1,0,23537.87,0
6346,15750533,Hall,685,Germany,Male,29,7,168707.73,1,1,0,74492.21,0
6347,15588091,Martin,732,Spain,Male,43,5,104400.35,2,1,0,69022.89,0
6348,15584836,Campbell,700,Germany,Female,34,7,187371.06,1,0,0,21150.03,0
6349,15711922,Perez,467,France,Female,51,5,100801.13,1,1,0,73750.75,1
6350,15750754,Scott,589,Germany,Male,66,6,140898.33,1,1,1,27711.66,0
6351,15584314,Hill,658,Spain,Male,39,3,0.0,1,0,1,142385.47,0
6352,15796685,Davis,695,Spain,Male,40,5,111993.36,1,1,0,45318.05,1
6353,15789569,Gonzalez,730,Spain,Male,34,1,0.0,1,1,0,57681.67,0
6354,15630694,Bernard,703,France,Female,38,7,77309.12,3,1,1,30312.83,1
6355,15757796,Fournier,582,France,Female,24,6,0.0,1,1,0,158952.63,0
6356,15584712,King,739,France,Male,41,3,111535.68,1,1,1,185908.37,0
6357,15668688,Meyer,572,France,Female,48,6,160687.64,2,0,0,38617.47,0
6358,15769541,Castillo,773,Spain,Male,28,2,96929.61,1,1,1,105474.4,0
6359,15770797,Baker,779,Germany,Male,62,8,76296.46,2,0,0,182010.6,0
6360,15599376,Baker,649,France,Female,32,6,0.0,1,1,0,188642.99,0
6361,15740860,Miller,587,France,Male,56,7,0.0,1,1,0,27713.36,0
6362,15619545,Lopez,582,Germany,Male,44,6,122222.58,1,1,1,119846.15,1
6363,15769761,Schneider,544,Germany,Female,27,9,99010.63,2,0,1,100992.83,0
6364,15568715,Hoffmann,561,France,Male,51,8,105194.06,2,0,0,81821.7,0
6365,15729366,Wilson,632,Spain,Male,37,3,123122.8,1,1,0,162950.14,0
6366,15631089,Allen,596,France,Male,42,4,95271.33,2,1,0,5179.99,0
6367,15763573,Young,494,France,Male,34,5,104810.32,2,0,0,168362.29,0
6368,15717311,Muller,603,France,Male,35,8,0.0,3,1,1,46978.31,1
6369,15732972,Jones,659,Germany,Male,25,0,142696.32,1,1,1,28803.92,0
6370,15737950,Fernandez,617,Germany,Male,43,10,79586.34,1,0,0,126092.68,0
6371,15719779,Fournier,563,Spain,Male,37,3,109959.62,2,1,0,188287.38,0
6372,15705354,Ramirez,418,France,Female,40,4,135261.41,1,1,1,103710.39,0
6373,15666476,Robinson,761,Spain,Female,42,2,137560.38,2,1,0,192761.42,0
6374,15683829,Girard,646,Germany,Female,41,5,85220.58,2,1,0,122803.51,0
6375,15737830,Bernard,681,France,Female,43,2,142926.6,1,1,0,119218.35,0
6376,15716164,Lee,668,France,Female,24,10,133616.32,1,1,0,37198.63,0
6377,15675645,Nelson,698,France,Male,34,3,139589.81,1,1,1,29670.66,0
6378,15774228,Rodriguez,673,Spain,Male,27,3,0.0,2,1,0,126028.97,0
6379,15702084,Hill,660,France,Male,21,0,0.0,2,1,0,12480.07,0
6380,15815369,Young,724,France,Male,42,7,0.0,3,0,0,194675.83,1
6381,15638457,Meyer,745,Germany,Female,66,10,194270.91,1,1,0,55648.46,0
6382,15764668,Taylor,784,Spain,Male,22,6,0.0,2,1,0,92676.17,0
6383,15700210,Dubois,569,Germany,Female,43,9,132270.47,2,1,0,36458.56,0
6384,15801513,Girard,674,Spain,Male,33,4,0.0,2,1,1,90052.64,0
6385,15792684,Schmidt,494,France,Male,36,7,0.0,1,0,0,46229.59,0
6386,15571826,Hill,603,Spain,Male,43,9,150335.1,1,1,1,167669.44,0
6387,15796611,Brown,631,France,Male,41,8,0.0,1,0,1,12678.07,0
6388,15627903,Fischer,722,France,Male,34,1,130740.96,2,1,0,83235.23,0
6389,15734068,Carter,639,Spain,Female,32,10,0.0,2,1,0,153501.0,0
6390,15743313,Young,715,France,Male,41,0,0.0,2,1,1,176867.29,0
6391,15653433,Davis,617,France,Female,23,1,185169.09,3,1,1,193479.06,1
6392,15638809,Robinson,594,Germany,Female,42,2,50898.51,1,1,0,11483.15,1
6393,15634003,Lewis,572,France,Male,33,7,0.0,1,1,1,26290.37,0
6394,15787886,Torres,717,France,Female,54,9,131886.12,1,1,1,49571.94,1
6395,15635734,Hall,613,Germany,Male,36,5,81861.94,1,1,0,191027.29,0
6396,15626857,Hoffmann,415,Spain,Male,53,3,189549.39,1,0,1,193727.3,1
6397,15635654,Davis,712,Spain,Male,28,5,0.0,1,1,1,115080.17,0
6398,15753485,Miller,560,France,Female,28,7,0.0,2,0,0,146732.81,1
6399,15689538,Perez,669,Germany,Male,30,2,82909.35,1,1,0,93816.29,0
6400,15634793,Allen,540,Spain,Female,57,2,168167.8,2,1,1,180843.17,0
6401,15638899,Flores,651,France,Female,36,3,170218.87,1,0,0,21841.84,1
6402,15801166,Adams,372,France,Male,31,5,0.0,2,1,1,160484.7,0
6403,15638776,Becker,647,France,Female,41,8,0.0,2,1,0,95539.53,0
6404,15740565,Alvarez,565,Germany,Female,30,5,128590.53,1,0,0,90981.49,1
6405,15631993,Ramirez,527,France,Male,41,1,0.0,1,1,0,113705.28,1
6406,15724704,Fernandez,724,Germany,Male,36,2,120165.85,2,1,0,94960.82,0
6407,15637057,Lee,638,Spain,Male,31,0,144516.49,2,1,1,170736.26,0
6408,15718633,Clark,626,France,Male,36,4,138598.35,2,0,1,48079.37,0
6409,15637558,Weber,580,Germany,Female,36,5,105637.05,1,1,1,25336.07,0
6410,15685565,Adams,737,France,Male,46,2,87113.64,2,1,0,128008.86,0
6411,15669560,Thomas,608,France,Male,27,0,115215.36,2,1,0,150241.58,0
6412,15669258,Muller,794,Spain,Female,32,1,142941.56,2,1,1,99061.11,0
6413,15780835,Nelson,769,France,Female,39,7,115714.77,2,1,0,130233.21,0
6414,15628396,Johnson,788,Spain,Female,30,4,92862.08,1,0,1,96244.04,0
6415,15603128,Adams,744,Germany,Male,35,10,118589.5,1,1,1,166519.25,0
6416,15653995,Brown,591,France,Female,31,6,85496.29,2,1,1,142209.6,0
6417,15602592,Carter,655,France,Male,33,3,104071.59,1,1,1,192020.39,0
6418,15729583,Allen,630,France,Female,28,0,0.0,1,1,0,121116.47,0
6419,15802272,Wagner,731,Spain,Male,66,8,0.0,2,1,1,134961.17,0
6420,15589712,Martin,649,Germany,Male,23,3,144143.73,2,1,0,106342.41,0
6421,15570723,Muller,626,France,Female,31,6,121520.5,1,1,0,108815.45,0
6422,15728020,Taylor,811,Germany,Female,36,5,132475.59,3,0,1,15647.35,1
6423,15655662,Allen,618,Germany,Female,36,0,125240.49,2,1,1,89205.83,0
6424,15703070,Hall,589,Spain,Male,51,10,0.0,1,1,1,47373.69,0
6425,15682912,Anderson,611,France,Female,27,1,0.0,1,0,0,193563.3,0
6426,15766922,Ruiz,754,France,Male,25,6,0.0,2,1,0,179449.96,0
6427,15794987,Nelson,668,France,Male,32,1,154881.52,2,1,1,81918.91,0
6428,15721661,Martin,694,France,Male,36,10,0.0,1,1,0,21683.68,0
6429,15665465,Romero,673,France,Male,34,3,0.0,1,1,0,76957.41,0
6430,15658426,Meyer,437,France,Male,48,5,0.0,1,1,0,198756.95,1
6431,15658187,Diaz,546,France,Female,27,0,0.0,2,0,0,13645.54,0
6432,15633237,Moore,623,France,Male,31,8,0.0,1,0,0,180231.22,1
6433,15644589,Muller,681,France,Female,42,2,72423.37,2,1,0,21257.53,0
6434,15746509,Dubois,555,Spain,Female,36,1,104928.82,1,1,0,111431.71,0
6435,15663970,Diaz,552,Germany,Male,52,3,95072.11,2,1,1,173635.24,0
6436,15812414,Jones,620,France,Female,36,6,0.0,1,1,0,123652.38,0
6437,15680890,Clark,779,Germany,Male,27,3,142103.02,1,1,1,34837.95,0
6438,15641569,Becker,441,France,Female,49,3,0.0,1,1,1,199116.33,0
6439,15607716,Girard,393,Spain,Male,48,0,0.0,2,1,0,172206.69,0
6440,15600549,Williams,818,Germany,Male,41,8,139637.72,1,1,1,30237.82,0
6441,15575591,Adams,502,France,Male,70,3,72762.01,2,1,1,103490.54,0
6442,15745320,Navarro,611,Spain,Female,37,9,0.0,2,1,0,129834.33,0
6443,15600203,Torres,504,Spain,Male,38,4,173889.26,1,1,1,118020.27,0
6444,15692908,Nelson,621,Spain,Female,47,7,0.0,2,0,0,70806.68,0
6445,15813282,Navarro,637,France,Male,39,3,0.0,2,1,1,163530.39,0
6446,15650813,Martin,806,France,Female,38,0,0.0,2,1,0,55798.43,0
6447,15613916,Schneider,720,Germany,Male,25,7,99788.42,2,1,1,60707.72,0
6448,15790821,Perez,526,France,Male,26,6,120287.94,2,1,1,109403.03,0
6449,15732206,Wagner,465,Germany,Male,26,10,93704.72,1,1,1,12673.3,1
6450,15801841,Johnson,698,Spain,Male,33,8,138164.04,2,1,1,15620.36,0
6451,15771097,Williams,600,France,Female,52,6,0.0,1,1,0,193302.2,0
6452,15716537,Campbell,580,France,Female,61,0,0.0,1,1,0,86767.07,0
6453,15755444,Campbell,765,France,Male,55,9,123555.79,1,1,0,112792.34,0
6454,15584201,Anderson,480,France,Male,56,1,90292.24,1,1,1,198085.62,1
6455,15645398,Williams,614,Germany,Male,29,8,128242.94,2,1,1,195075.79,0
6456,15782356,Moreau,711,Germany,Female,36,7,128945.33,1,1,1,154216.05,0
6457,15578661,Carter,536,France,Female,28,8,0.0,2,0,1,117166.0,0
6458,15580921,Nguyen,776,Germany,Female,40,3,115073.19,2,1,1,49741.93,1
6459,15618325,Muller,552,Germany,Female,33,5,123096.89,2,1,0,36385.52,0
6460,15699174,Wright,643,Germany,Male,25,0,99473.15,2,1,0,23871.67,0
6461,15668864,Perez,583,France,Male,42,3,69766.74,2,1,1,74811.19,0
6462,15568161,Rivera,384,Germany,Female,30,9,143272.51,2,1,1,52838.79,0
6463,15750875,Miller,609,Germany,Male,35,2,143051.9,2,1,0,168864.23,0
6464,15756021,Bernard,727,France,Male,32,10,0.0,2,1,1,183938.25,0
6465,15573270,Rivera,550,Germany,Male,43,0,90214.72,1,1,1,120990.17,1
6466,15674336,Lewis,589,Spain,Female,38,4,0.0,1,0,1,130510.26,0
6467,15796545,Gonzalez,600,France,Female,36,4,0.0,1,1,0,107017.87,1
6468,15661019,Campbell,702,Germany,Female,54,10,182580.85,1,1,0,22158.02,1
6469,15778333,Thomas,615,Spain,Male,32,5,0.0,2,1,1,171445.14,0
6470,15752537,Bernard,652,Spain,Male,41,9,0.0,1,1,0,7782.05,0
6471,15587678,Wagner,654,France,Male,33,9,96715.96,2,1,0,134990.94,0
6472,15684133,Carter,599,Germany,Female,76,6,129082.27,2,0,0,33331.04,0
6473,15598853,Gonzalez,814,Spain,Male,50,7,0.0,1,0,1,156015.43,1
6474,15741886,Taylor,551,Germany,Female,60,8,108434.91,2,1,0,130212.07,0
6475,15803095,Diaz,718,France,Male,38,5,132193.94,2,1,0,49278.27,0
6476,15735513,Jackson,774,France,Female,51,10,103443.88,2,0,1,155480.56,0
6477,15626152,Lee,637,Spain,Female,28,4,0.0,2,1,1,156825.01,0
6478,15704438,Lopez,656,France,Male,27,8,115026.78,2,0,1,99891.77,0
6479,15813747,Vargas,701,France,Female,34,3,153433.5,1,1,1,109862.49,0
6480,15769842,Wagner,614,France,Male,40,3,0.0,1,1,0,21253.54,0
6481,15713447,Dubois,466,Spain,Female,52,3,0.0,2,1,0,85382.47,0
6482,15622770,Moore,626,France,Female,37,2,0.0,1,1,0,132009.11,0
6483,15684429,Carter,810,Spain,Female,34,8,0.0,2,1,1,13786.5,0
6484,15614805,Martin,705,Germany,Male,46,4,94487.64,1,1,0,71840.21,1
6485,15693686,Smith,657,Spain,Female,59,7,0.0,1,1,0,90126.36,1
6486,15777624,Jones,723,Spain,Female,47,2,0.0,2,1,0,142202.64,0
6487,15754724,Vargas,636,France,Female,42,7,0.0,2,1,1,73889.3,1
6488,15798603,Hill,653,Germany,Female,51,0,150647.57,1,0,1,185191.81,1
6489,15567263,Rivera,608,France,Male,49,7,91538.47,2,1,0,160649.51,0
6490,15585188,Campbell,696,Spain,Male,47,5,0.0,1,0,1,100333.03,0
6491,15575222,Williams,598,France,Male,50,1,0.0,2,1,1,142383.18,0
6492,15788066,Taylor,619,Germany,Male,40,3,182056.28,2,1,0,62300.7,1
6493,15569983,Vargas,735,Spain,Female,63,0,0.0,2,1,0,98565.48,0
6494,15610187,Flores,631,France,Female,27,1,0.0,2,1,0,114324.19,0
6495,15610279,Hill,705,Spain,Male,44,8,0.0,1,1,1,56655.31,0
6496,15685139,Wagner,713,France,Male,31,9,88320.97,2,1,0,169102.65,0
6497,15746428,Thomas,643,France,Female,39,9,86505.92,2,1,0,110494.08,0
6498,15623708,Campbell,616,France,Female,27,1,131822.62,1,1,1,92342.01,0
6499,15805100,White,522,France,Female,33,6,66680.56,2,1,0,63080.64,0
6500,15677082,Anderson,544,Germany,Male,34,6,124836.53,1,0,1,177632.4,0
6501,15724643,Scott,709,Spain,Female,42,3,0.0,2,1,0,61731.03,1
6502,15679277,Girard,707,France,Male,32,6,127716.09,1,1,0,24788.02,0
6503,15733223,Martinez,554,Germany,Male,35,2,103575.09,3,0,0,17314.87,0
6504,15657099,Young,688,Spain,Female,46,10,0.0,2,0,1,172166.93,0
6505,15665766,Lewis,671,Spain,Male,53,2,38960.2,2,1,0,63868.32,1
6506,15568655,Diaz,741,France,Female,34,2,0.0,2,0,1,129455.83,0
6507,15618779,Wagner,850,Spain,Male,56,8,0.0,1,1,1,198741.36,0
6508,15721839,Fernandez,706,France,Male,45,2,105949.47,1,1,1,52615.73,0
6509,15712211,Torres,583,Germany,Female,55,9,135694.3,2,1,1,126514.33,0
6510,15711956,Roberts,722,Germany,Male,38,6,133360.57,1,1,0,109243.87,0
6511,15594476,Rivera,549,Spain,Male,35,9,78677.58,1,0,0,13473.45,0
6512,15602776,Flores,850,France,Male,37,6,124712.13,1,1,1,69134.61,0
6513,15657232,Moreau,531,France,Male,42,10,141965.29,2,1,1,25499.66,0
6514,15577445,Fernandez,693,Spain,Female,38,8,72208.68,2,1,1,48389.33,0
6515,15651257,Scott,650,France,Male,38,8,126122.52,2,1,1,171809.94,0
6516,15793144,Rivera,610,France,Female,45,1,0.0,2,1,1,66178.03,0
6517,15667695,Allen,604,Germany,Female,32,8,125125.78,2,0,0,5530.78,0
6518,15807508,Nelson,782,Germany,Male,39,3,105893.47,2,1,0,177342.39,0
6519,15699796,Mitchell,705,France,Male,27,9,78923.12,1,1,1,184529.08,0
6520,15675457,Robinson,635,France,Female,37,0,0.0,2,1,0,108617.02,0
6521,15674655,Diaz,818,Spain,Female,34,0,0.0,1,1,0,70650.94,0
6522,15577745,Laurent,638,France,Male,34,7,0.0,1,1,1,162622.13,0
6523,15624054,Miller,721,France,Female,28,0,137783.88,1,0,1,19795.99,0
6524,15597693,Fernandez,520,France,Male,32,3,0.0,1,1,1,122616.01,0
6525,15815228,Laurent,525,France,Male,42,5,95193.21,2,1,0,29514.72,1
6526,15741436,Campbell,719,Spain,Male,30,2,0.0,2,1,1,171970.74,0
6527,15571100,Muller,680,France,Male,24,8,0.0,2,1,0,153453.75,0
6528,15708517,Rivera,850,France,Male,44,6,74181.13,2,1,1,179951.9,0
6529,15615509,Harris,582,Germany,Male,69,7,120478.28,1,1,0,193386.15,0
6530,15633617,Meyer,716,France,Male,32,2,103636.49,1,1,1,159393.75,1
6531,15674831,Lopez,626,France,Female,27,0,139083.74,1,1,0,53474.37,0
6532,15732569,Muller,732,Spain,Male,62,0,112571.71,1,1,1,123660.97,1
6533,15604185,Carter,725,Germany,Female,24,2,81038.94,1,0,0,187322.08,0
6534,15675747,Roberts,647,France,Female,43,2,166121.8,1,1,0,38098.63,1
6535,15711919,Fernandez,578,France,Male,31,6,125196.85,1,0,0,38275.41,0
6536,15797167,Walker,617,France,Male,68,9,0.0,1,1,0,149467.4,0
6537,15610774,Ramirez,542,France,Male,36,3,76665.57,1,1,1,125683.89,0
6538,15578162,Lewis,685,Germany,Female,32,6,108741.62,1,1,1,90348.38,1
6539,15585073,Anderson,378,Germany,Male,21,10,96492.3,1,1,1,18120.72,0
6540,15659271,Harris,594,Germany,Male,47,5,115791.18,1,0,1,152334.77,1
6541,15608884,Dubois,738,Spain,Female,47,2,0.0,1,0,1,67692.39,1
6542,15779081,Muller,735,France,Male,55,5,122294.44,2,0,0,181937.11,0
6543,15736466,Fernandez,494,Spain,Male,40,0,143400.24,1,0,1,119085.46,0
6544,15615003,Fernandez,707,Germany,Female,35,10,101980.14,1,0,1,150901.0,0
6545,15790995,Robinson,539,France,Female,52,10,126624.04,2,1,0,36229.85,0
6546,15720390,Perez,613,Spain,Male,33,0,87325.86,2,0,1,135198.41,0
6547,15647114,Schneider,724,France,Male,27,2,168962.39,2,0,1,193623.2,0
6548,15726702,Roberts,555,Germany,Male,43,1,87857.83,1,1,0,44771.2,1
6549,15751252,Vargas,788,Germany,Male,50,9,112822.52,2,1,0,148176.74,1
6550,15606661,Flores,675,France,Male,26,9,94383.44,1,1,0,81468.12,0
6551,15743949,Carter,695,Spain,Male,39,3,90485.02,2,1,1,20093.68,0
6552,15606995,Nelson,754,France,Female,48,5,166173.98,2,1,1,178949.48,0
6553,15669967,Davis,736,Spain,Female,32,7,0.0,1,1,1,86947.85,0
6554,15566627,Perez,728,France,Female,62,10,0.0,1,0,1,69344.74,0
6555,15767177,Young,586,France,Female,32,9,221666.93,1,0,1,158358.09,0
6556,15577422,Rodriguez,542,France,Male,32,7,152330.43,2,1,1,2588.08,0
6557,15570498,Anderson,623,Spain,Male,33,5,149782.55,2,0,0,117970.2,0
6558,15655491,Jones,696,France,Male,29,7,0.0,2,0,0,10580.58,0
6559,15813898,Moore,525,Spain,Male,32,7,0.0,3,1,1,188368.59,1
6560,15622303,Jackson,707,France,Male,39,6,123156.92,1,1,1,179879.93,0
6561,15789971,Dubois,686,France,Female,30,2,89834.57,1,1,1,129594.58,1
6562,15585863,Moreau,632,France,Male,44,0,118808.85,2,0,0,105431.94,0
6563,15692099,Bernard,656,France,Male,26,5,0.0,1,1,0,155882.6,0
6564,15784647,Weber,656,Spain,Male,30,9,82466.66,1,0,0,141002.13,0
6565,15684551,Muller,693,France,Female,63,10,149858.61,1,0,0,85631.73,0
6566,15709348,Lopez,722,Germany,Female,31,5,124789.35,1,0,0,32304.59,0
6567,15812531,Harris,850,Germany,Male,37,10,117506.87,2,0,1,168454.46,0
6568,15807212,White,666,Germany,Male,38,0,172180.9,1,0,1,138185.2,0
6569,15697967,Carter,588,Germany,Female,29,9,124763.8,1,0,0,62805.8,0
6570,15678576,Johnson,465,Spain,Male,31,2,0.0,1,0,0,86754.1,0
6571,15653048,Becker,513,Germany,Female,41,3,88228.0,2,1,1,145860.05,0
6572,15809229,Lewis,577,Germany,Female,31,3,96231.49,1,1,1,126932.3,0
6573,15678015,Wagner,717,Germany,Female,31,2,119958.24,1,0,1,183798.4,0
6574,15669657,Weber,612,Germany,Male,31,3,122851.9,1,0,1,5913.28,0
6575,15635975,Fischer,689,France,Female,54,6,128891.96,1,1,1,125650.99,0
6576,15585195,Flores,579,Germany,Male,51,0,150056.32,2,0,0,76899.87,1
6577,15804233,Martinez,694,France,Male,39,2,0.0,1,1,1,57807.68,0
6578,15741407,Mitchell,735,Spain,Male,35,3,71588.84,2,0,1,179966.0,0
6579,15776093,Wright,611,Spain,Male,38,0,0.0,2,1,1,85841.71,0
6580,15674131,Dubois,692,Spain,Male,42,9,132000.39,1,1,0,84726.06,0
6581,15773052,Schmidt,607,Spain,Female,42,4,0.0,2,1,0,55574.27,0
6582,15703412,Ruiz,531,Germany,Female,31,6,113186.79,1,1,0,148899.37,0
6583,15798465,Wright,704,Germany,Male,34,6,119325.69,2,0,0,88284.0,0
6584,15580515,Martin,690,France,Female,33,3,107641.17,2,1,0,78757.62,0
6585,15758728,Moreau,708,France,Female,40,2,135832.45,1,1,0,138427.5,0
6586,15657242,Rodriguez,743,France,Male,54,0,119057.17,2,1,0,123745.52,0
6587,15569098,Hill,626,France,Female,37,9,0.0,1,1,0,198773.06,0
6588,15567545,Castillo,633,Spain,Female,38,8,156675.03,1,0,0,62129.74,1
6589,15716316,Carter,622,Spain,Female,30,7,0.0,1,1,0,186765.7,0
6590,15661386,Diaz,683,Germany,Male,25,7,148582.67,1,0,1,100777.01,0
6591,15643920,Sanchez,637,France,Female,33,8,0.0,1,1,0,5546.82,1
6592,15604454,Flores,662,Germany,Female,45,0,126526.39,1,1,0,143453.68,1
6593,15672363,Vargas,580,France,Male,30,7,99726.0,2,0,0,77078.04,0
6594,15726652,Green,550,Spain,Male,24,10,0.0,2,1,1,175697.66,0
6595,15664529,Clark,562,Spain,Male,43,9,147501.87,2,1,0,82293.94,0
6596,15628932,Thompson,690,France,Male,41,2,0.0,2,1,0,23719.23,0
6597,15751710,Wright,646,France,Male,32,6,0.0,2,0,0,135139.14,0
6598,15629651,Alvarez,602,France,Male,31,2,0.0,2,0,0,68591.7,0
6599,15721771,Fournier,714,France,Female,34,1,0.0,1,1,0,123984.71,0
6600,15689737,Dubois,791,France,Female,32,3,0.0,2,0,0,58319.82,0
6601,15615266,Jackson,602,France,Male,58,3,0.0,1,1,0,67381.03,1
6602,15685191,Roberts,545,France,Male,34,10,82834.88,2,1,0,104556.57,0
6603,15793795,Jones,742,France,Male,41,5,176281.67,2,1,0,102724.3,1
6604,15659665,Brown,651,France,Male,35,9,0.0,3,1,0,198940.69,1
6605,15789119,Nguyen,632,Germany,Female,41,10,134352.14,1,1,1,107890.48,1
6606,15739530,Navarro,749,France,Male,32,7,0.0,1,1,1,120815.15,0
6607,15747527,Nguyen,625,Spain,Female,32,5,0.0,1,1,0,171180.37,0
6608,15702658,Rivera,689,France,Male,37,5,113418.33,2,0,1,1604.6,0
6609,15577366,Mitchell,666,France,Male,31,8,82558.12,2,1,0,188325.58,0
6610,15758172,Romero,850,France,Female,33,3,0.0,1,1,0,67084.68,0
6611,15672183,Scott,637,Germany,Male,44,4,91720.87,2,0,0,165133.28,1
6612,15715414,Fournier,741,France,Male,51,3,139591.19,1,0,1,118569.69,0
6613,15617467,White,626,Germany,Male,65,2,121032.25,2,1,0,170660.37,0
6614,15784295,White,694,France,Female,43,3,0.0,2,1,1,76670.21,0
6615,15786489,Miller,631,Spain,Male,40,1,0.0,2,1,1,170722.09,0
6616,15780069,Fournier,727,France,Female,29,9,81711.44,2,1,1,186320.17,0
6617,15637436,Gonzalez,641,France,Female,49,9,0.0,2,1,0,59672.01,0
6618,15779108,Lopez,699,Spain,Female,57,7,119353.71,2,0,0,124146.6,0
6619,15718176,Clark,577,France,Female,33,8,0.0,2,0,0,41745.13,0
6620,15750473,Wagner,573,France,Female,63,4,0.0,2,0,1,131982.89,0
6621,15609544,Martin,467,Spain,Female,51,5,104005.09,2,0,1,185808.0,0
6622,15665486,Hall,685,France,Male,43,10,122358.15,1,1,0,129565.03,1
6623,15724425,Wright,587,France,Female,35,0,0.0,1,0,1,146973.3,0
6624,15709148,Fernandez,850,France,Female,27,1,0.0,1,1,0,175457.73,0
6625,15585868,Wright,604,France,Male,58,9,141047.59,2,0,1,135806.85,0
6626,15597286,Scott,771,Spain,Female,27,0,0.0,1,1,1,50397.93,0
6627,15718886,Johnson,761,Germany,Male,59,8,121443.2,1,1,1,132400.42,1
6628,15802439,Moore,626,Germany,Male,61,4,135009.23,2,0,1,185495.62,0
6629,15735823,Meyer,579,France,Male,29,7,84236.02,2,0,1,144625.99,0
6630,15607389,Robinson,637,Germany,Male,27,10,176604.87,1,1,1,53615.61,0
6631,15581734,Young,760,Germany,Male,33,6,122325.23,2,1,0,179928.94,1
6632,15786939,Smith,850,France,Male,36,0,117359.89,1,0,1,184987.81,0
6633,15634073,Young,530,Spain,Male,32,5,0.0,2,1,1,47368.71,0
6634,15791156,Rivera,651,Germany,Male,33,0,154177.77,2,1,1,73391.51,0
6635,15790695,Muller,591,Spain,Female,36,10,0.0,1,1,1,22444.46,0
6636,15734992,Smith,615,France,Male,57,3,139115.24,2,1,1,185393.47,0
6637,15812061,Nguyen,816,France,Female,35,10,122667.09,2,0,1,115587.38,0
6638,15705802,Meyer,575,Germany,Female,44,10,87568.99,3,1,1,64994.73,1
6639,15791134,Hoffmann,494,Spain,Male,28,3,0.0,1,1,1,54498.15,0
6640,15785898,Smith,670,France,Male,38,3,144885.61,1,1,0,113173.67,0
6641,15722101,Gonzalez,687,France,Male,33,9,0.0,2,1,1,193801.74,0
6642,15734668,Martinez,609,Spain,Male,44,7,84056.84,2,0,0,92922.51,0
6643,15788285,Castillo,584,France,Male,27,5,0.0,2,1,1,196133.05,0
6644,15794074,Hall,666,France,Female,53,9,0.0,1,0,0,148324.65,1
6645,15722052,Rivera,519,Germany,Female,33,2,100764.13,1,0,1,140902.03,1
6646,15733607,Nguyen,691,France,Male,30,7,91363.44,1,1,1,30703.81,0
6647,15619917,Roberts,616,France,Female,61,3,122285.0,2,1,1,39031.08,0
6648,15626186,Weber,785,France,Male,40,0,123281.1,1,1,0,147764.51,1
6649,15618586,Allen,681,Spain,Female,36,3,119661.14,1,0,0,33079.66,0
6650,15811279,Martinez,635,France,Female,27,1,102324.72,2,1,1,110070.16,0
6651,15720343,Torres,628,Germany,Male,29,10,90647.15,2,1,0,102549.54,0
6652,15632395,Young,462,Spain,Female,27,2,0.0,1,1,0,144818.87,0
6653,15596201,Martinez,638,Germany,Female,37,10,100501.36,1,1,0,110127.64,0
6654,15619963,Dubois,630,Germany,Male,51,8,136606.94,2,0,0,43643.11,0
6655,15798395,Torres,655,Germany,Male,40,4,68939.04,1,0,1,156181.82,1
6656,15582910,Lopez,632,France,Female,38,8,0.0,2,1,0,156885.44,0
6657,15662844,Robinson,789,Germany,Male,36,0,85802.33,1,1,0,7918.1,1
6658,15766376,Alvarez,624,Spain,Male,47,1,78513.2,2,1,0,108403.69,0
6659,15594435,Becker,568,Spain,Female,35,8,0.0,1,1,0,16374.5,0
6660,15631962,Vargas,489,France,Male,26,4,154556.39,1,0,1,23232.71,0
6661,15616240,Scott,607,France,Male,49,1,0.0,1,0,1,11345.95,0
6662,15705434,Davis,548,Spain,Female,28,1,0.0,2,0,1,151916.16,0
6663,15628360,Smith,524,France,Male,25,8,0.0,2,1,0,113427.76,0
6664,15801089,Jackson,620,Spain,Male,40,5,139977.74,2,1,1,101260.68,0
6665,15773218,Schneider,760,France,Female,24,4,0.0,1,0,1,42593.48,0
6666,15570722,Flores,741,Germany,Male,37,4,101747.88,2,0,0,4572.44,0
6667,15574826,Schneider,526,Spain,Female,38,1,0.0,1,0,1,44597.07,0
6668,15617085,Hill,654,France,Female,42,10,91090.15,2,0,0,63972.79,0
6669,15569147,Hill,691,France,Male,40,2,0.0,2,1,0,172855.41,0
6670,15588031,Green,707,Spain,Male,27,4,0.0,2,0,1,29404.01,0
6671,15695681,Castillo,806,France,Female,47,9,119613.18,2,1,0,41985.4,0
6672,15566735,Romero,537,France,Female,36,0,95646.05,1,0,0,27599.02,1
6673,15746923,Hill,564,Germany,Male,33,6,133542.88,2,1,1,156505.84,0
6674,15789896,Moore,586,France,Male,27,5,137329.67,1,1,0,28828.89,0
6675,15743971,Brown,686,Germany,Male,50,7,118511.41,2,1,1,20196.44,0
6676,15626260,Lewis,386,France,Female,48,9,0.0,1,0,0,102017.27,0
6677,15809772,Laurent,628,France,Female,32,1,0.0,1,0,0,101272.16,0
6678,15662432,Martin,477,Spain,Male,42,4,125158.01,2,1,1,88735.53,0
6679,15712956,Fischer,650,France,Female,45,4,0.0,2,1,0,171017.82,0
6680,15614120,Carter,850,France,Male,34,9,128601.39,1,1,1,111357.16,0
6681,15732014,Scott,737,Germany,Male,49,4,144101.03,1,1,0,4751.93,1
6682,15772845,Wagner,531,Spain,Female,49,4,110875.35,2,1,0,63243.79,0
6683,15710605,Romero,609,Germany,Male,25,2,124399.09,2,1,0,155052.71,0
6684,15689408,Jackson,564,Spain,Female,44,6,0.0,2,1,1,28281.0,0
6685,15805124,Anderson,776,France,Male,32,6,147148.16,1,1,1,169193.44,0
6686,15814917,Becker,436,France,Female,30,5,117712.7,1,1,0,102883.74,0
6687,15594423,Nelson,607,Spain,Female,24,6,0.0,2,0,1,65925.25,0
6688,15616849,Weber,582,Spain,Male,38,9,0.0,1,0,1,44009.66,0
6689,15642188,Campbell,536,Germany,Male,34,9,119520.45,2,1,1,64441.94,0
6690,15784035,Thompson,811,France,Female,32,6,109941.23,1,1,1,10812.03,0
6691,15809433,Hill,498,France,Male,45,10,99077.34,1,1,1,111736.59,0
6692,15694833,Jones,534,France,Female,90,4,0.0,1,1,1,51232.93,0
6693,15614972,Williams,805,Spain,Female,42,0,134156.42,2,1,1,174963.66,0
6694,15571270,Schneider,640,Spain,Male,34,8,0.0,1,0,0,28537.81,0
6695,15741517,Miller,633,France,Female,49,8,0.0,1,0,0,92810.03,1
6696,15702737,Muller,589,France,Male,29,0,130427.31,2,1,1,144839.41,0
6697,15745590,Alvarez,650,France,Male,32,3,113151.26,2,1,0,150503.23,0
6698,15683884,Girard,608,France,Male,38,2,0.0,2,1,0,44182.86,0
6699,15652645,Fournier,579,Germany,Female,38,5,144709.74,1,1,1,190385.79,1
6700,15633785,Torres,514,Germany,Female,47,3,176447.8,1,1,1,189751.63,0
6701,15798773,Hoffmann,654,France,Male,57,8,0.0,2,0,0,83115.45,0
6702,15681908,Torres,592,Germany,Male,47,6,116492.26,1,0,1,91792.97,0
6703,15744646,Young,604,Spain,Male,57,9,0.0,3,1,1,66851.02,1
6704,15730743,Adams,714,France,Female,58,9,161726.66,3,1,0,79222.82,1
6705,15642759,Alvarez,601,France,Male,40,3,0.0,2,1,1,158170.35,0
6706,15635991,Girard,639,France,Male,35,6,136711.56,4,1,0,101992.01,1
6707,15661397,Harris,812,France,Male,44,6,124782.98,2,1,1,178885.05,0
6708,15573247,Young,687,Germany,Male,25,5,151347.24,2,1,1,82163.28,0
6709,15743551,Adams,598,Germany,Female,47,10,103222.41,1,0,0,138699.71,0
6710,15605672,Davis,544,France,Male,45,0,67900.54,1,1,0,146870.4,0
6711,15815187,Harris,637,France,Male,28,10,0.0,1,1,0,66896.9,0
6712,15693939,Thomas,726,Spain,Male,55,10,0.0,2,1,0,182305.0,0
6713,15721482,Muller,593,France,Male,50,4,0.0,2,1,0,101821.45,1
6714,15743979,Davis,646,Germany,Male,43,3,110775.41,2,1,1,101422.25,0
6715,15603627,Roberts,590,Germany,Male,35,0,154164.39,2,0,0,9957.21,0
6716,15725133,Jones,610,Spain,Male,56,1,0.0,2,1,0,169924.71,1
6717,15764344,Johnson,526,Germany,Male,25,2,156691.13,1,1,0,122057.53,0
6718,15706767,Anderson,670,Spain,Male,36,9,110165.68,2,1,0,45854.26,0
6719,15698936,Lopez,658,Germany,Female,44,8,160650.25,1,0,0,62951.22,1
6720,15654820,Wright,787,France,Male,51,9,135911.38,2,1,1,73392.55,0
6721,15622964,Dubois,654,France,Male,49,3,65652.95,1,0,1,166876.14,0
6722,15619214,Laurent,575,France,Female,28,3,0.0,1,0,0,161184.63,0
6723,15667454,White,785,France,Male,42,9,0.0,2,0,1,108122.18,0
6724,15782648,Nelson,679,France,Male,39,6,0.0,1,0,1,156900.49,0
6725,15807875,Mitchell,662,France,Female,25,0,0.0,2,1,1,113498.92,0
6726,15773271,Nguyen,642,France,Male,27,8,0.0,2,0,1,29665.47,0
6727,15606140,Weber,658,France,Female,24,1,0.0,1,1,1,44334.88,0
6728,15645964,Brown,560,France,Male,25,0,0.0,2,0,1,64832.5,0
6729,15579444,Rivera,635,Germany,Female,28,10,123562.65,1,1,1,45520.96,0
6730,15659240,Allen,622,Germany,Female,36,10,127060.51,2,0,0,179938.94,0
6731,15566356,Sanchez,678,Spain,Male,36,7,0.0,1,1,0,39062.84,0
6732,15710924,Scott,751,Germany,Male,41,3,92501.86,2,1,1,19308.15,1
6733,15679787,Roberts,737,Spain,Female,31,1,121118.51,2,1,1,167031.28,0
6734,15738522,Mitchell,693,Spain,Male,52,5,127886.23,2,1,1,28201.26,0
6735,15613300,Robinson,476,France,Male,48,5,107791.73,2,0,0,921.96,1
6736,15685151,Wagner,601,Spain,Female,41,0,134305.57,1,1,0,135781.24,1
6737,15791522,Davis,466,France,Female,60,7,146038.11,2,1,1,30082.01,0
6738,15602426,Rivera,748,Germany,Female,40,0,149338.71,2,1,0,79447.05,0
6739,15707656,Lee,631,Spain,Female,26,5,0.0,2,1,1,64969.53,0
6740,15729013,Schmidt,629,France,Female,44,1,70261.97,2,1,1,192428.23,0
6741,15719932,Hill,577,Germany,Female,38,0,133070.23,2,1,0,19724.28,0
6742,15727192,Johnson,766,France,Female,33,3,111467.1,2,0,1,11452.7,0
6743,15613841,Smith,653,France,Female,34,6,0.0,2,1,0,155536.48,0
6744,15764457,Lee,632,France,Female,42,10,0.0,1,1,1,66652.51,0
6745,15795910,Campbell,655,France,Male,40,0,169108.01,2,1,0,112577.88,0
6746,15672346,Sanchez,663,France,Female,64,5,107582.31,1,1,0,1995.38,1
6747,15725650,Laurent,630,Germany,Male,39,8,176250.43,1,1,0,197844.69,0
6748,15594459,Fischer,766,Germany,Female,40,3,143445.88,1,1,0,130354.81,1
6749,15736626,Adams,765,France,Female,38,8,0.0,2,0,0,131138.77,0
6750,15686944,Harris,652,Germany,Female,77,4,116150.55,2,1,1,149939.55,0
6751,15768528,Hoffmann,568,France,Male,38,0,95094.59,1,1,1,72659.49,0
6752,15630885,Hill,675,France,Male,28,2,141084.46,2,0,1,80339.2,0
6753,15641983,Dubois,585,Spain,Male,32,4,0.0,2,1,1,87532.84,0
6754,15632487,Weber,782,Spain,Female,42,6,104943.17,2,1,0,158741.48,0
6755,15674767,Martinez,796,France,Female,26,1,141384.5,2,1,1,16788.47,0
6756,15717823,Young,713,France,Male,35,5,0.0,2,0,0,57762.46,0
6757,15771799,Campbell,531,Spain,Male,54,8,68386.79,1,1,0,156197.26,1
6758,15805287,King,598,Spain,Male,34,4,138629.81,1,1,1,13769.8,0
6759,15800865,Vargas,624,France,Male,59,2,148991.87,1,1,0,189618.81,1
6760,15727082,Green,562,France,Female,34,7,0.0,1,1,0,110546.01,0
6761,15740314,Lopez,614,France,Female,49,6,178667.23,1,1,1,24395.62,1
6762,15617420,Adams,666,Germany,Female,38,4,162094.68,1,0,0,39386.2,1
6763,15635561,Anderson,694,Spain,Male,28,9,68477.74,2,0,1,41155.77,0
6764,15677940,Young,768,Germany,Male,64,8,109271.98,1,1,1,37255.08,1
6765,15654377,Garcia,641,France,Female,28,1,0.0,1,1,1,103802.93,1
6766,15598046,Vargas,614,Germany,Female,33,6,84428.4,2,1,1,161785.21,0
6767,15661755,Miller,518,Spain,Male,66,6,0.0,2,1,1,32559.34,0
6768,15594900,Green,677,France,Female,40,2,124490.04,2,1,0,10090.37,0
6769,15648061,Davis,599,Spain,Male,31,2,0.0,1,1,0,6840.42,0
6770,15768181,Dubois,623,France,Male,38,1,0.0,2,1,1,25051.56,0
6771,15785821,Garcia,588,France,Female,44,3,0.0,1,1,1,40321.68,0
6772,15693066,Wright,591,Germany,Female,34,2,132352.55,1,0,0,81954.68,0
6773,15651083,Wagner,713,France,Female,55,7,95243.52,1,1,1,148470.47,0
6774,15694457,Thomas,638,Spain,Male,31,10,122098.12,2,0,0,4878.47,0
6775,15721383,Adams,795,Germany,Male,24,5,136588.94,1,0,1,56568.52,0
6776,15567169,Harris,535,France,Female,48,9,147506.61,3,1,1,5135.93,1
6777,15679876,Wright,765,France,Female,36,5,0.0,1,0,1,198310.36,0
6778,15693583,Walker,596,Germany,Male,49,10,124814.3,1,1,0,138715.21,1
6779,15576574,Jackson,638,France,Male,34,4,0.0,2,0,0,39802.91,0
6780,15671770,Dubois,691,Germany,Male,42,8,107766.71,1,0,0,20404.33,1
6781,15588379,Ruiz,743,France,Female,33,9,0.0,2,0,1,56609.79,0
6782,15582050,Ruiz,747,France,Female,35,10,0.0,2,1,0,147274.73,0
6783,15753561,Diaz,745,Germany,Male,26,4,132408.72,2,1,1,199474.4,0
6784,15721927,Young,623,France,Male,28,3,0.0,2,1,1,53193.8,0
6785,15643658,Wilson,819,Germany,Male,40,0,139240.39,1,0,1,162371.43,0
6786,15706684,Ramirez,703,Germany,Female,48,6,74435.7,1,1,1,166181.25,0
6787,15672792,Johnson,358,France,Male,42,6,0.0,1,1,1,135320.97,0
6788,15664829,Smith,649,Germany,Male,29,4,113647.54,2,1,0,102745.0,0
6789,15579351,Romero,609,Spain,Female,43,2,0.0,2,1,1,185674.54,0
6790,15659041,Gonzalez,616,Spain,Male,29,9,0.0,1,1,0,131361.87,0
6791,15637387,Taylor,708,France,Female,40,10,0.0,1,0,0,104119.4,0
6792,15709864,Young,676,France,Female,31,10,123747.08,2,1,0,122117.82,0
6793,15661728,Anderson,581,Germany,Male,36,4,126196.41,2,1,0,154528.67,0
6794,15640254,Mitchell,792,Germany,Female,32,8,114297.6,1,1,0,26292.95,0
6795,15708234,Sanchez,521,Germany,Female,43,9,107808.69,1,0,1,166589.18,1
6796,15715013,Rivera,515,Germany,Female,33,8,123604.23,1,1,1,169706.29,0
6797,15664605,Romero,541,Spain,Female,44,3,118967.36,1,1,0,70443.22,0
6798,15805116,Perez,689,France,Male,23,9,97105.86,1,1,1,12929.81,0
6799,15678572,Adams,682,Germany,Male,49,7,69652.49,2,1,1,155809.66,0
6800,15615350,Becker,567,France,Male,29,1,0.0,1,1,1,175038.35,0
6801,15793881,Hoffmann,588,France,Male,57,1,124594.6,2,1,0,115713.28,1
6802,15702584,Fournier,646,Germany,Male,34,5,144808.31,1,0,0,149605.4,0
6803,15585752,King,542,France,Male,53,10,0.0,2,1,1,152790.45,0
6804,15654981,Hall,724,France,Female,25,8,104898.15,1,1,1,58010.67,0
6805,15749977,Brown,798,Spain,Male,51,7,126318.55,1,0,0,22649.14,1
6806,15568459,Muller,629,Spain,Female,30,6,123587.83,1,0,0,175698.62,0
6807,15650572,Miller,680,Germany,Female,51,10,121519.08,2,0,1,50105.09,1
6808,15737571,Vargas,657,Spain,Male,37,5,104162.58,2,1,1,86763.97,1
6809,15762572,Girard,779,France,Female,35,4,96568.61,2,1,0,175032.39,0
6810,15787945,Moreau,834,Spain,Male,54,4,0.0,1,0,1,64114.91,1
6811,15646538,Clark,611,France,Female,32,5,0.0,2,1,0,83291.91,0
6812,15606210,Brown,649,France,Female,59,2,0.0,2,1,1,5771.59,0
6813,15684879,Young,729,France,Female,35,10,179919.34,1,1,0,15301.96,0
6814,15812646,Nguyen,680,France,Female,38,10,0.0,1,1,0,131979.91,1
6815,15585693,Green,558,Germany,Female,39,4,134704.23,1,1,1,189019.99,1
6816,15624946,Hill,471,France,Female,28,8,147695.77,2,1,1,24348.46,0
6817,15699003,Perez,588,Germany,Female,41,8,139385.42,2,1,0,181936.87,0
6818,15728086,Vargas,678,France,Male,30,6,0.0,2,1,0,22710.13,0
6819,15656560,Flores,608,France,Female,29,1,0.0,1,1,1,176491.0,0
6820,15761751,Ruiz,544,Spain,Female,29,0,0.0,2,0,1,177712.04,0
6821,15682082,Ruiz,590,Germany,Male,34,7,119556.09,1,0,0,6141.84,0
6822,15687678,Ruiz,824,Spain,Female,55,1,146999.33,1,1,0,69283.95,1
6823,15648844,Diaz,537,France,Female,31,9,0.0,1,1,0,43021.51,0
6824,15805090,Wright,616,France,Female,41,4,0.0,3,0,0,196685.95,1
6825,15713809,Meyer,596,Germany,Male,53,8,138825.22,2,1,0,59079.89,1
6826,15572113,Thomas,836,Germany,Female,35,1,172008.22,1,1,0,109703.9,0
6827,15763357,Gonzalez,503,France,Female,39,4,0.0,1,1,1,84759.6,0
6828,15594247,Nelson,570,Spain,Male,56,1,130434.57,2,1,0,105138.27,1
6829,15648885,Lee,652,Germany,Female,43,5,151223.63,2,0,0,134981.33,0
6830,15766748,Jones,663,Germany,Female,42,0,76115.14,1,1,0,71875.63,0
6831,15685880,Flores,755,France,Male,37,3,58954.89,3,1,0,179222.57,1
6832,15655595,Wright,745,Germany,Female,58,3,115375.55,2,1,0,46223.18,1
6833,15615084,Clark,578,France,Male,34,5,0.0,2,1,1,172748.55,0
6834,15777254,Flores,677,Spain,Female,33,0,160407.61,2,0,0,112805.84,0
6835,15590663,Young,630,France,Female,34,3,145855.47,2,1,1,185131.83,0
6836,15748895,Walker,602,France,Male,44,8,0.0,1,1,0,167684.82,0
6837,15689804,Martin,745,France,Male,40,4,0.0,1,0,1,151083.76,0
6838,15651111,Hill,671,Germany,Male,30,6,153673.88,2,1,0,67437.95,0
6839,15729277,Wilson,801,Spain,Male,46,9,122807.88,1,1,1,43799.76,1
6840,15604960,Becker,692,Spain,Female,43,5,0.0,2,1,0,180936.98,0
6841,15782505,Sanchez,736,Germany,Male,31,9,184310.15,2,1,1,29713.75,0
6842,15597975,Hall,383,Spain,Male,41,10,82374.59,2,1,1,5749.79,0
6843,15671869,Castillo,655,Germany,Male,49,5,172128.35,2,1,1,167587.75,0
6844,15566845,Muller,688,France,Female,35,5,63698.05,2,1,1,163746.09,0
6845,15770284,Castillo,697,Germany,Female,25,3,119554.3,1,0,1,183476.56,0
6846,15690409,Moore,797,France,Male,36,9,136820.1,1,1,1,148795.97,0
6847,15602443,Fournier,707,France,Male,34,8,105235.55,2,1,0,167644.62,0
6848,15590092,Wright,529,France,Male,24,2,128624.63,2,0,0,25858.63,0
6849,15667803,Nelson,699,France,Male,33,7,0.0,2,0,1,121661.74,0
6850,15775191,Mitchell,728,Spain,Male,28,2,138626.27,1,1,1,183051.67,0
6851,15589656,Nguyen,588,Spain,Female,53,10,0.0,2,1,1,180882.88,0
6852,15631369,Campbell,607,France,Male,54,3,99645.63,2,0,0,179717.78,0
6853,15638280,Baker,723,Germany,Male,42,0,125674.3,2,0,1,142370.14,0
6854,15626181,Muller,647,France,Female,36,10,110371.51,1,1,0,72914.18,0
6855,15594724,Fernandez,753,France,Female,34,6,0.0,2,1,0,38723.58,0
6856,15723568,King,665,France,Male,48,9,0.0,2,1,1,15850.98,0
6857,15689421,Diaz,436,France,Male,35,9,126020.36,1,0,0,19357.52,1
6858,15760120,Harris,653,France,Female,37,4,101840.67,2,0,1,31551.95,0
6859,15799601,Alvarez,609,France,Male,40,4,105674.57,1,1,0,112563.05,1
6860,15695116,Torres,707,France,Female,58,9,86738.02,1,0,1,5921.54,0
6861,15663876,Allen,689,France,Female,25,4,0.0,1,0,0,35205.84,0
6862,15781805,Moore,556,Spain,Female,31,2,93016.52,1,0,0,71516.17,1
6863,15590288,Allen,667,France,Male,27,6,0.0,2,0,1,128679.11,0
6864,15740842,Ruiz,699,France,Male,42,6,0.0,2,1,0,170585.19,0
6865,15736551,King,691,Germany,Female,25,9,167018.55,1,1,0,81609.35,1
6866,15731763,Lewis,742,France,Male,30,1,116712.69,1,1,0,70258.07,0
6867,15730857,Torres,548,Germany,Male,39,5,203182.93,2,1,1,103748.75,0
6868,15775209,Dubois,632,France,Female,46,6,138503.4,1,1,1,119254.81,0
6869,15742338,Brown,431,Germany,Male,36,10,123833.13,2,1,0,71675.73,0
6870,15666998,Thomas,762,Germany,Female,30,2,178254.36,2,1,1,129174.27,0
6871,15689708,Muller,659,Germany,Female,34,6,93530.33,1,1,0,79971.3,0
6872,15695876,Nelson,639,Germany,Female,34,6,119562.81,3,1,0,39109.7,1
6873,15793427,Lee,638,France,Male,47,10,0.0,1,0,1,169407.85,0
6874,15654743,Martinez,697,France,Female,31,4,81281.49,2,1,1,41414.63,0
6875,15635122,Moore,751,France,Female,47,1,0.0,1,0,1,158095.73,1
6876,15631127,Young,622,France,Male,36,6,0.0,2,1,1,117287.36,0
6877,15674210,Wagner,690,France,Female,50,9,140038.3,2,1,0,151099.38,0
6878,15679634,Thompson,689,France,Male,38,1,0.0,3,1,0,1663.26,0
6879,15772307,Torres,437,Germany,Male,32,7,69281.94,2,1,1,43316.35,0
6880,15667831,Walker,581,France,Female,50,5,155846.62,2,1,0,88323.0,1
6881,15683822,Nelson,692,France,Male,67,8,97500.15,1,0,0,173442.64,0
6882,15801741,Schmidt,770,Germany,Male,39,3,149332.3,2,1,1,20370.04,0
6883,15738802,Thompson,782,France,Female,48,9,82503.46,1,1,1,113266.5,0
6884,15579151,Moore,531,Spain,Male,38,1,0.0,2,1,0,168125.57,0
6885,15681662,Clark,747,Spain,Male,31,5,0.0,1,0,1,3189.64,0
6886,15636844,Vargas,750,Spain,Male,51,5,126836.94,2,1,1,7430.36,0
6887,15777416,Laurent,690,France,Female,28,3,0.0,1,1,1,79320.55,0
6888,15806049,King,454,France,Female,27,1,128720.75,2,1,0,18354.17,0
6889,15721960,Flores,598,Germany,Male,51,10,113265.23,3,1,0,17126.07,1
6890,15605187,Thomas,661,Germany,Female,34,4,105693.73,2,1,0,42673.5,0
6891,15689862,Perez,627,Germany,Male,28,10,157584.64,2,1,0,95507.14,0
6892,15810751,Smith,440,France,Male,59,3,157573.48,1,1,1,66650.17,1
6893,15728315,Lewis,625,France,Male,45,7,177130.99,2,1,1,194473.71,0
6894,15687108,Flores,560,France,Male,36,5,0.0,1,0,0,89497.25,0
6895,15656514,Lopez,707,France,Male,41,4,117691.32,2,1,1,115152.11,1
6896,15626269,Flores,697,France,Female,39,5,123266.6,2,1,1,75166.84,0
6897,15679384,Jackson,701,Spain,Female,45,2,0.0,2,1,1,20799.12,1
6898,15767018,Perez,614,France,Female,36,1,84147.09,1,0,1,83902.65,0
6899,15615404,Wright,652,Germany,Female,46,7,105022.74,1,1,0,90165.59,0
6900,15763777,Scott,642,Spain,Male,38,3,0.0,2,1,1,190322.61,0
6901,15656033,Moore,739,France,Male,24,5,0.0,1,1,1,178702.04,0
6902,15738115,Rodriguez,598,Germany,Male,32,6,144769.58,2,1,0,929.2,0
6903,15809147,Perez,577,Germany,Male,43,10,62630.83,1,1,1,55340.91,0
6904,15677609,Lopez,743,France,Female,27,9,97521.35,1,1,1,115285.87,0
6905,15585314,Lee,730,France,Male,38,2,0.0,1,1,1,141314.31,0
6906,15658071,Wagner,695,Spain,Male,34,0,0.0,1,1,0,89429.27,0
6907,15584537,Garcia,803,Germany,Male,59,10,115146.99,1,0,0,142409.14,1
6908,15626950,Navarro,850,Spain,Female,46,0,0.0,2,1,0,143762.2,0
6909,15720648,Navarro,769,Spain,Male,27,7,0.0,1,0,1,142163.95,0
6910,15599816,Ruiz,578,France,Female,44,8,0.0,1,1,1,50425.88,0
6911,15778551,Schneider,731,Germany,Male,34,9,82201.16,1,1,0,1821.13,0
6912,15639154,Rodriguez,661,Germany,Male,38,3,67697.49,2,1,0,38774.51,0
6913,15665630,Anderson,595,Germany,Male,34,3,118760.88,1,1,1,70320.69,0
6914,15618614,Scott,578,Germany,Female,60,2,143199.97,2,1,0,89599.88,0
6915,15617983,Nelson,676,Germany,Female,58,1,108005.92,2,1,0,17904.88,1
6916,15700478,Sanchez,729,Spain,Male,31,2,0.0,1,0,1,138940.77,0
6917,15744322,Nelson,784,France,Male,50,2,146055.03,2,1,0,28721.66,0
6918,15685508,Flores,715,Germany,Male,32,10,107220.44,2,1,0,57466.1,0
6919,15637002,Bernard,706,France,Male,31,5,69335.85,2,1,1,64557.39,0
6920,15723426,Mitchell,630,Germany,Male,38,5,143190.22,1,0,0,117542.42,1
6921,15725168,Flores,671,Germany,Male,37,6,96089.27,2,0,1,146783.47,0
6922,15740177,Clark,505,Spain,Female,30,1,0.0,2,1,0,61838.22,0
6923,15646964,Martin,705,France,Female,26,10,98119.79,1,0,1,167583.57,0
6924,15624132,King,692,Germany,Female,38,4,82931.15,2,1,0,71062.64,0
6925,15792102,Weber,836,France,Female,30,5,0.0,2,0,1,161312.37,0
6926,15608675,Gonzalez,646,France,Female,35,2,104822.19,2,0,1,31898.28,0
6927,15765952,Wagner,766,France,Female,52,3,0.0,2,0,1,71760.33,1
6928,15604503,Lee,604,Spain,Male,35,1,0.0,1,1,1,116611.96,0
6929,15613768,Baker,815,France,Male,25,5,0.0,2,0,0,100808.92,0
6930,15742630,Romero,791,Spain,Male,50,10,0.0,1,1,0,72294.8,1
6931,15747644,Nelson,760,France,Female,42,0,116078.24,2,1,0,42404.52,0
6932,15814638,Moore,656,Germany,Male,47,4,68961.77,2,0,0,100844.07,0
6933,15591110,Brown,628,Germany,Male,37,4,136285.47,2,0,1,18509.36,0
6934,15619514,Moore,614,Germany,Male,37,7,175034.15,1,1,0,79141.51,0
6935,15571212,King,556,Germany,Female,69,8,171912.93,1,0,1,14144.59,1
6936,15574954,Weber,695,Germany,Female,42,9,115969.2,2,1,0,86572.96,1
6937,15601645,Harris,626,Spain,Female,50,2,130396.75,1,0,0,192552.52,0
6938,15729572,Sanchez,687,Germany,Female,89,2,86802.37,1,1,0,97097.15,1
6939,15687681,Campbell,666,France,Female,68,5,127949.39,2,1,0,117452.04,0
6940,15786208,Walker,546,France,Male,28,1,140595.79,1,1,1,100407.26,0
6941,15663424,Rivera,753,Germany,Female,29,5,135179.44,2,1,0,43569.14,0
6942,15727223,Anderson,659,France,Female,27,2,155266.93,2,1,0,21635.74,0
6943,15577713,Martin,734,Germany,Male,37,3,139784.44,2,0,1,66742.56,0
6944,15789584,Clark,537,Germany,Female,74,7,71012.65,1,1,0,102878.41,1
6945,15598531,Ramirez,576,France,Female,21,1,108529.15,1,1,1,139391.85,0
6946,15800479,Lewis,612,Spain,Female,32,4,149860.95,1,1,1,129492.17,0
6947,15683283,White,674,Germany,Female,37,7,71052.11,1,0,0,105549.38,1
6948,15582197,Becker,640,Germany,Male,29,5,122057.54,2,0,1,71078.27,0
6949,15781482,Nelson,782,Germany,Male,35,9,107246.33,1,1,0,51941.47,1
6950,15658029,Taylor,750,Spain,Male,35,0,82861.27,2,1,0,148641.33,0
6951,15772836,Rivera,579,Germany,Female,26,4,148222.15,1,1,0,178127.12,0
6952,15785300,Ramirez,850,Spain,Female,47,0,96457.32,2,1,0,126370.33,1
6953,15734129,Gonzalez,642,France,Female,35,0,183540.36,1,1,0,20071.77,1
6954,15599542,Flores,775,Germany,Female,28,4,113570.35,2,1,1,159004.41,0
6955,15608715,Garcia,622,Germany,Female,37,2,152246.46,2,1,0,118055.65,1
6956,15621314,Schneider,711,France,Male,46,1,0.0,1,1,1,130767.41,0
6957,15640442,Wright,742,France,Male,36,10,0.0,3,1,1,138347.18,0
6958,15656829,Nguyen,504,Germany,Male,29,8,122525.42,1,0,0,92447.8,0
6959,15600837,Lopez,819,France,Female,39,4,0.0,1,1,1,102050.71,0
6960,15802588,Flores,574,Spain,Male,66,10,0.0,3,1,1,62423.66,0
6961,15606303,Castillo,616,France,Female,32,0,0.0,1,1,0,125187.35,0
6962,15657290,Jackson,591,France,Female,30,10,0.0,1,1,1,98884.99,0
6963,15576530,Vargas,595,Germany,Male,33,9,76786.87,1,1,1,68523.89,0
6964,15657613,Adams,600,France,Female,30,5,0.0,3,1,0,46086.5,0
6965,15729663,Wagner,534,France,Female,30,7,0.0,2,1,0,125577.94,0
6966,15699272,Fischer,724,Germany,Female,28,3,147772.04,1,1,1,89734.29,0
6967,15756032,Diaz,661,Germany,Male,49,10,157863.55,1,1,0,40730.06,1
6968,15774118,Perez,637,France,Male,45,5,0.0,2,0,0,155842.9,0
6969,15619522,Robinson,749,Germany,Male,34,2,118264.23,2,1,1,108031.55,0
6970,15695393,Girard,821,Germany,Male,32,1,138523.84,1,1,0,126417.2,0
6971,15575717,White,499,Spain,Female,41,7,0.0,1,1,1,112535.42,1
6972,15764429,Nguyen,807,France,Female,39,10,112167.89,2,1,0,125125.33,0
6973,15606572,Martin,648,France,Female,38,7,106886.15,1,1,0,17804.3,0
6974,15749423,Williams,519,Spain,Male,54,7,0.0,2,1,0,57168.32,1
6975,15774626,Young,690,Germany,Female,43,8,120567.02,2,0,1,154681.83,0
6976,15808380,Romero,639,France,Male,92,3,0.0,2,1,1,159652.79,0
6977,15642081,Jackson,733,Spain,Male,32,3,137234.94,2,0,0,10175.93,0
6978,15574475,Davis,664,France,Female,67,8,0.0,2,1,1,146616.57,0
6979,15679984,Romero,685,Spain,Female,42,7,0.0,2,0,1,45431.82,0
6980,15709053,Hill,608,Germany,Female,28,2,122921.65,2,1,1,166893.3,0
6981,15762434,Young,550,Spain,Female,31,0,0.0,2,1,0,77435.35,0
6982,15785607,Rodriguez,722,Spain,Male,44,8,112684.08,1,1,1,59799.06,0
6983,15626763,Lewis,599,France,Male,27,9,121211.43,2,0,1,58252.32,0
6984,15724852,Diaz,689,Spain,Male,36,4,0.0,1,0,0,136829.62,0
6985,15611388,Harris,794,France,Female,76,9,109150.01,1,1,0,136146.92,0
6986,15727463,Girard,635,Germany,Male,21,9,101033.02,1,0,0,120161.03,0
6987,15743405,Martin,718,Germany,Male,36,7,99123.9,2,1,0,190225.43,0
6988,15624595,Lewis,647,France,Male,31,10,0.0,2,1,1,61618.48,0
6989,15712285,Sanchez,615,France,Female,68,10,0.0,2,1,0,122731.71,0
6990,15643980,Moore,498,France,Female,35,3,0.0,2,1,0,88179.22,0
6991,15577895,Taylor,646,France,Male,30,9,0.0,1,1,1,113436.8,0
6992,15585662,Dubois,634,France,Male,27,6,136016.69,1,0,0,29329.8,0
6993,15669977,Harris,566,Spain,Female,28,4,151185.98,1,0,1,183007.25,0
6994,15804210,Laurent,453,Germany,Female,64,2,126868.22,1,0,1,174488.96,1
6995,15803509,Jones,488,Spain,Male,22,7,120621.71,2,1,1,191230.11,0
6996,15608090,Romero,823,Spain,Male,42,8,100335.51,1,1,0,147509.78,0
6997,15790983,Lopez,654,Germany,Female,56,2,138706.53,2,1,1,140582.43,1
6998,15788574,Young,511,France,Female,36,5,0.0,1,1,0,10612.18,0
6999,15716906,Thompson,592,Spain,Male,28,9,0.0,1,1,0,88337.56,0
7000,15567323,Ramirez,651,Germany,Female,42,10,104658.85,1,1,1,7199.12,1
7001,15699897,King,694,Germany,Female,29,4,129764.98,2,1,0,185586.9,0
7002,15677343,Castillo,627,Spain,Male,31,9,152705.85,1,1,1,118032.46,0
7003,15578826,Vargas,846,Germany,Male,30,9,134515.25,1,0,0,12225.93,0
7004,15577612,Nguyen,850,Germany,Female,30,2,100917.56,1,1,1,119703.16,0
7005,15696676,Campbell,687,Spain,Male,48,5,0.0,1,1,0,129158.9,1
7006,15609214,Girard,614,France,Male,35,1,122143.64,2,1,0,196142.47,0
7007,15628735,Muller,687,Spain,Female,43,0,161655.64,2,1,0,131358.76,0
7008,15757621,Flores,521,France,Male,43,6,0.0,1,0,0,161587.27,0
7009,15755836,Lopez,747,France,Female,37,0,0.0,1,1,1,155120.67,0
7010,15729705,Fournier,667,Germany,Male,57,3,202227.07,2,1,1,144337.69,1
7011,15664186,Bernard,533,France,Male,29,1,0.0,1,1,0,21638.32,0
7012,15752162,Miller,593,Spain,Male,36,2,139049.71,1,1,1,66876.78,0
7013,15754940,Miller,706,France,Female,24,2,119902.61,1,1,1,150678.88,0
7014,15806445,Davis,488,Germany,Female,37,5,103699.27,2,0,0,178670.4,0
7015,15603505,Young,563,France,Female,47,8,0.0,3,0,1,32684.06,0
7016,15739807,Clark,605,Spain,Male,26,5,0.0,1,1,1,38.82,0
7017,15627084,Adams,745,France,Female,32,8,118586.83,1,1,0,170126.09,1
7018,15671661,Becker,816,France,Male,30,5,109463.4,2,1,1,47228.54,0
7019,15710985,Lopez,687,France,Female,21,7,0.0,1,1,0,105269.57,0
7020,15808963,Scott,350,Germany,Male,28,3,109022.36,1,1,0,198275.76,0
7021,15590311,Rivera,542,Spain,Female,44,3,115900.78,1,1,0,149274.31,1
7022,15623799,Martin,850,Spain,Male,36,1,86912.3,1,1,0,32496.11,0
7023,15665805,Miller,665,France,Male,40,5,0.0,1,1,1,185357.22,1
7024,15679712,White,397,France,Female,48,2,103891.12,1,1,1,43145.36,0
7025,15623538,Sanchez,850,France,Male,62,6,0.0,2,0,0,165182.08,0
7026,15599425,Lewis,520,Germany,Male,28,7,122434.04,1,1,1,2216.13,0
7027,15676559,Ruiz,706,Germany,Female,43,9,102291.61,2,1,0,47054.07,0
7028,15781666,Nelson,539,France,Male,31,5,104998.48,2,1,1,22149.17,0
7029,15743775,Mitchell,850,Germany,Female,28,10,126290.61,4,1,1,111483.08,1
7030,15815423,Girard,513,Spain,Female,34,5,105689.11,2,1,1,120635.85,0
7031,15805288,Carter,593,France,Female,43,7,91393.23,2,1,1,141351.82,0
7032,15578951,Ramirez,752,France,Male,37,10,0.0,1,1,0,58641.53,0
7033,15703230,Lee,596,France,Female,33,5,79140.81,1,1,1,189782.71,0
7034,15682972,Campbell,697,France,Male,45,10,88819.38,1,1,1,2733.03,0
7035,15614292,Ruiz,731,France,Male,44,6,153649.08,2,1,1,63877.19,0
7036,15674607,Baker,667,Germany,Female,32,0,85309.01,1,1,0,11749.97,1
7037,15638941,Scott,542,France,Female,43,5,0.0,1,1,0,73432.21,0
7038,15737423,Castillo,574,Germany,Male,37,8,85258.45,1,0,1,189213.21,0
7039,15737615,Ramirez,613,Spain,Male,30,7,0.0,2,1,0,60320.7,0
7040,15678088,Fournier,707,Spain,Female,43,2,0.0,1,0,0,61062.99,1
7041,15699185,Baker,729,Germany,Male,44,3,80719.35,2,1,1,58604.18,0
7042,15690434,Fournier,670,France,Female,27,7,0.0,2,0,1,165208.13,0
7043,15603683,Johnson,718,France,Male,42,8,0.0,2,1,0,117872.75,0
7044,15758395,Harris,496,France,Male,50,1,0.0,3,0,0,83382.79,1
7045,15655058,Young,679,Spain,Female,28,5,167258.17,1,0,0,73446.66,0
7046,15637438,Wright,644,Spain,Female,39,1,83307.91,1,1,0,136623.75,0
7047,15575909,Garcia,698,France,Male,28,3,208938.22,1,1,1,196456.69,0
7048,15724917,Rodriguez,723,France,Female,29,10,115649.77,2,1,0,90018.48,0
7049,15600149,Lewis,548,Germany,Male,25,0,102055.26,1,1,1,44954.3,0
7050,15782910,Green,639,France,Male,52,6,0.0,1,1,0,79434.12,1
7051,15618206,Jackson,779,Spain,Male,50,4,0.0,1,0,0,35932.05,1
7052,15657816,Nguyen,679,France,Male,51,3,0.0,1,0,1,132281.73,0
7053,15578086,Hoffmann,640,France,Female,33,9,0.0,1,0,1,4395.91,0
7054,15635610,Lewis,532,France,Male,48,9,122515.5,2,0,1,88126.09,1
7055,15658488,Hoffmann,703,France,Male,28,0,0.0,2,1,1,5832.57,0
7056,15574858,Hoffmann,515,France,Male,27,3,93180.32,4,0,1,6928.21,1
7057,15759207,Fournier,633,Spain,Female,33,2,178647.75,3,0,1,75822.57,0
7058,15815025,Dubois,602,France,Female,49,0,0.0,2,1,1,151019.39,0
7059,15809571,Laurent,688,Germany,Male,39,5,48139.47,1,1,0,133544.82,1
7060,15763175,Wilson,592,France,Male,32,4,120103.82,1,1,1,179869.79,0
7061,15589121,Lee,618,France,Female,32,4,0.0,1,0,1,85685.34,0
7062,15733467,Garcia,562,France,Male,52,7,119524.87,2,1,1,32465.08,0
7063,15766483,Adams,626,France,Female,45,10,0.0,1,1,0,15176.14,0
7064,15594147,Moreau,671,France,Female,53,7,111373.95,1,0,0,49164.31,1
7065,15762366,Young,616,France,Female,51,6,150534.1,1,1,1,100518.13,1
7066,15718366,Carter,620,Spain,Male,24,5,119651.07,1,1,0,55664.37,0
7067,15655224,Diaz,666,Germany,Male,49,4,123519.83,1,0,0,151778.64,0
7068,15779156,Torres,747,Spain,Male,45,5,0.0,1,1,1,131918.1,0
7069,15674623,Muller,722,France,Male,29,2,0.0,1,1,1,85646.05,0
7070,15698910,Rivera,525,Germany,Male,33,5,130710.21,2,1,0,142718.09,0
7071,15771041,Baker,724,Germany,Female,35,4,97709.43,2,1,0,92184.51,0
7072,15603096,Carter,783,France,Male,62,4,168083.26,1,1,0,8748.26,1
7073,15611437,Laurent,718,France,Male,37,9,96522.35,2,1,1,147472.67,0
7074,15804086,Rivera,416,Germany,Male,45,0,93973.51,2,1,1,132217.38,1
7075,15735293,Fernandez,676,Spain,Male,49,8,61660.99,1,1,1,104262.78,1
7076,15749959,Gonzalez,784,France,Female,33,1,0.0,2,0,1,29260.29,0
7077,15642445,White,606,France,Male,51,4,0.0,1,0,0,102938.91,0
7078,15708158,King,850,Spain,Female,36,7,122037.51,2,0,1,52026.83,0
7079,15591149,Nelson,439,France,Female,77,10,95124.56,1,1,0,194344.71,1
7080,15734553,Hall,664,Spain,Male,29,8,169505.21,1,0,0,93037.4,0
7081,15672092,Navarro,720,Spain,Female,35,7,0.0,2,0,0,156989.54,0
7082,15680350,Gonzalez,667,Spain,Male,50,4,102392.0,2,0,0,114326.63,0
7083,15613108,Scott,665,Spain,Male,31,3,0.0,2,0,0,164121.58,0
7084,15807135,Lopez,549,France,Female,46,3,131234.53,2,1,1,92815.8,0
7085,15794485,Martinez,594,Germany,Female,34,9,156289.45,1,1,0,115454.92,0
7086,15702310,Martinez,706,Spain,Male,28,6,135763.91,2,1,0,96523.48,0
7087,15718720,Schneider,445,Germany,Male,27,0,135234.49,1,0,0,188650.39,0
7088,15703911,Lewis,738,France,Male,39,0,123582.4,1,0,1,25761.72,0
7089,15732311,Muller,639,France,Male,42,1,0.0,1,1,1,69854.98,1
7090,15684990,Thompson,704,France,Female,29,6,101503.26,1,1,1,110207.38,0
7091,15611987,Ramirez,732,France,Male,43,10,53449.72,1,1,1,17924.34,0
7092,15631379,Wagner,850,Germany,Female,26,5,110600.76,2,1,1,168110.1,0
7093,15709788,Alvarez,786,Spain,Female,33,2,139196.31,1,1,0,174301.7,0
7094,15769315,Hoffmann,533,Spain,Male,36,4,112213.99,2,0,1,41553.71,0
7095,15599827,Green,850,Germany,Female,35,7,132979.72,3,1,1,188068.83,1
7096,15577756,Lewis,387,France,Female,38,0,176987.52,2,1,1,122828.44,0
7097,15735500,Thompson,607,France,Male,36,7,123186.95,2,1,0,118605.33,0
7098,15788473,King,667,France,Male,34,10,137228.83,1,1,1,69723.22,0
7099,15748945,Rivera,619,France,Female,34,10,0.0,2,1,0,113925.11,0
7100,15803533,Carter,677,France,Female,31,1,95469.56,1,1,1,51609.44,0
7101,15666167,Lee,634,France,Male,43,10,0.0,1,1,0,6963.49,0
7102,15722653,Taylor,775,France,Female,34,1,87319.78,2,1,1,147102.66,0
7103,15732815,Smith,603,Germany,Female,30,5,145450.4,2,1,0,191551.23,1
7104,15708379,Hall,639,France,Female,42,4,0.0,1,1,1,17891.04,1
7105,15727157,Clark,822,France,Male,40,7,0.0,1,0,1,119188.38,0
7106,15602766,Baker,744,France,Male,28,8,173089.74,1,1,1,51146.83,0
7107,15709954,Baker,634,Germany,Female,54,6,113217.0,1,1,0,74975.11,1
7108,15632065,Anderson,696,Germany,Male,33,8,146183.81,1,0,1,56416.61,0
7109,15618749,Thompson,832,France,Male,33,10,112577.45,2,1,1,13579.13,0
7110,15616331,Ramirez,516,France,Female,36,5,133405.97,2,1,0,197318.67,0
7111,15575492,Carter,545,Spain,Male,40,6,78184.55,1,1,0,114772.51,0
7112,15605658,Castillo,594,Germany,Female,37,6,105150.55,1,1,0,112503.86,0
7113,15696013,Bernard,671,Germany,Male,30,2,121988.84,4,1,1,115543.84,1
7114,15734071,Sanchez,744,Germany,Female,24,5,145508.28,2,0,0,16637.0,0
7115,15723776,Wagner,576,Spain,Male,54,6,0.0,2,1,0,79133.4,0
7116,15718573,Nguyen,559,Spain,Female,29,0,160994.64,3,1,0,184898.99,1
7117,15576880,Thompson,523,France,Male,41,4,0.0,2,0,1,110158.28,0
7118,15695241,Martin,559,Germany,Male,37,3,92229.73,1,1,1,79641.2,0
7119,15624732,Smith,586,France,Female,24,7,0.0,2,0,1,42571.73,0
7120,15641567,Hoffmann,440,Germany,Female,31,4,74495.12,2,1,0,49511.23,1
7121,15767142,Baker,596,France,Male,58,1,0.0,2,1,0,160932.51,0
7122,15586360,Nelson,548,France,Male,25,6,0.0,1,0,0,128040.19,0
7123,15668132,Miller,634,Spain,Female,34,5,0.0,2,1,0,65695.61,0
7124,15652563,Torres,815,Spain,Female,40,7,123790.64,1,1,0,179552.38,0
7125,15756868,Wright,495,France,Male,29,8,122950.04,1,0,0,4005.55,0
7126,15680114,Wright,748,Spain,Female,38,10,0.0,2,1,1,152478.39,0
7127,15736336,Hall,812,France,Male,42,6,0.0,1,0,1,106024.94,0
7128,15705783,Alvarez,744,France,Female,41,5,130801.27,2,1,0,178920.71,0
7129,15612744,Sanchez,683,Spain,Male,38,3,0.0,1,0,0,175136.56,0
7130,15599197,Ramirez,777,France,Male,35,7,0.0,2,1,1,63831.66,0
7131,15675412,Fernandez,711,France,Female,29,4,83986.34,2,0,1,6952.44,0
7132,15675599,Rivera,758,Germany,Male,42,10,53619.34,2,1,1,174374.6,0
7133,15808174,Becker,662,France,Female,36,7,0.0,2,1,1,165323.59,0
7134,15668625,Garcia,547,France,Male,61,3,0.0,2,1,0,32012.89,0
7135,15791381,Young,763,France,Male,45,10,144964.29,1,0,1,106642.12,0
7136,15732022,Perez,850,Germany,Female,32,4,159351.59,2,1,0,75090.25,0
7137,15569666,White,617,France,Female,39,6,194579.82,2,1,0,145419.04,0
7138,15578573,Fernandez,652,France,Male,27,7,121682.77,1,1,0,174024.52,0
7139,15787162,Moreau,661,Germany,Female,24,7,119995.6,1,1,1,124917.67,0
7140,15704667,Rodriguez,508,France,Male,32,6,0.0,1,1,1,189917.31,0
7141,15679292,Vargas,568,France,Female,26,8,88968.65,1,1,1,10333.82,0
7142,15810904,Campbell,680,Germany,Male,44,9,143255.54,2,1,1,79461.39,0
7143,15657426,Nelson,641,Spain,Male,59,1,176954.31,1,0,1,69822.75,1
7144,15691454,Campbell,652,France,Male,49,6,160883.61,1,0,0,50885.4,0
7145,15814774,Rodriguez,653,Spain,Female,33,6,0.0,1,1,1,72355.37,0
7146,15754991,Castillo,639,Germany,Female,44,10,84317.49,2,1,1,25444.38,0
7147,15633271,Davis,576,France,Female,32,6,0.0,1,1,1,100378.41,0
7148,15665065,Vargas,692,Spain,Male,51,1,116559.86,2,1,1,64200.86,0
7149,15570612,Taylor,682,Germany,Male,42,8,177572.82,2,1,1,117905.5,0
7150,15740469,Lopez,565,Germany,Male,36,8,103570.03,2,0,1,85276.14,0
7151,15634128,Schneider,690,Germany,Female,36,9,99907.42,2,1,0,928.1,0
7152,15693410,Wagner,590,Germany,Male,42,2,111323.2,2,0,0,105709.12,0
7153,15568286,Wagner,713,Spain,Female,36,1,0.0,1,1,1,110277.98,1
7154,15690609,Rodriguez,646,Germany,Male,49,0,121288.33,2,1,0,168910.35,0
7155,15808458,Moore,688,Spain,Female,33,4,0.0,2,1,0,57787.49,0
7156,15605554,Ramirez,667,Germany,Male,35,1,89204.9,3,1,0,148379.23,1
7157,15574051,Carter,645,Spain,Female,35,8,107129.5,3,1,0,175193.45,1
7158,15794355,Hill,682,Spain,Female,34,6,126949.25,1,1,0,138210.49,0
7159,15713829,Thompson,732,France,Female,30,3,101736.83,1,1,1,22272.55,0
7160,15705187,Jackson,662,France,Female,32,3,0.0,2,1,0,84038.7,1
7161,15625171,Girard,660,Germany,Female,36,4,100009.15,1,1,0,80045.75,1
7162,15694816,Weber,616,France,Female,35,1,0.0,1,1,0,49954.35,0
7163,15796978,Moreau,474,Germany,Male,56,4,128496.18,3,1,0,67867.53,1
7164,15810036,Campbell,653,Spain,Male,40,6,124597.95,2,1,1,140176.3,0
7165,15688301,Vargas,527,Spain,Female,52,5,143284.18,1,0,1,75551.83,1
7166,15645132,Harris,595,France,Female,26,5,0.0,1,1,0,40147.8,0
7167,15756497,Fournier,566,Germany,Male,47,9,101990.95,2,0,0,159571.59,0
7168,15642653,Rivera,580,France,Male,40,4,0.0,2,0,0,77536.32,0
7169,15625943,Wilson,586,Germany,Female,35,1,159606.92,2,1,0,85178.95,0
7170,15639676,Johnson,697,France,Male,29,5,177708.01,1,1,1,16790.16,0
7171,15642378,Walker,682,Germany,Female,43,1,154580.29,1,1,1,157503.97,0
7172,15771785,Moreau,661,Germany,Female,42,9,153814.43,3,1,1,16919.16,1
7173,15778079,Moreau,767,Germany,Male,44,1,88827.29,2,1,0,114355.48,1
7174,15671593,Thompson,850,Germany,Male,32,7,114793.82,1,0,0,151936.11,0
7175,15586622,Allen,699,France,Male,48,4,110905.01,1,1,1,24997.54,0
7176,15656933,Allen,738,France,Male,43,5,109850.76,2,0,1,60545.42,0
7177,15703000,Sanchez,677,France,Female,33,9,0.0,1,1,0,197786.29,0
7178,15619034,White,713,Spain,Female,54,9,130077.25,2,1,0,89223.89,0
7179,15747852,Fournier,492,Spain,Female,38,1,130432.36,1,1,1,115755.22,0
7180,15809394,Lewis,388,France,Male,25,9,0.0,2,0,0,172785.17,0
7181,15626052,Fournier,445,France,Female,33,3,97628.21,1,1,1,179983.78,1
7182,15800918,Becker,589,France,Male,48,4,0.0,1,1,1,68197.02,0
7183,15689229,Rodriguez,783,Germany,Female,33,9,118875.68,1,1,0,168471.83,1
7184,15719169,Jones,675,France,Male,37,1,101769.14,1,0,0,64951.53,1
7185,15657098,White,612,France,Female,49,4,113758.51,2,1,1,161559.58,0
7186,15717149,Scott,705,France,Female,33,1,80472.25,1,1,1,159066.27,0
7187,15666670,Moore,684,France,Male,45,6,0.0,1,1,1,116068.02,0
7188,15736531,Navarro,519,France,Female,28,7,108012.42,2,1,0,129922.31,0
7189,15783895,Muller,695,France,Male,40,6,0.0,1,1,1,113913.89,1
7190,15627490,Walker,731,Germany,Male,39,10,134228.13,2,1,1,21968.62,0
7191,15775083,Wright,850,Germany,Female,41,7,151343.02,1,1,0,87752.05,1
7192,15704002,Torres,642,France,Male,42,0,120048.1,3,0,0,24041.02,1
7193,15566707,Wright,814,Germany,Male,37,2,101162.73,3,1,1,10770.0,1
7194,15747833,Perez,611,France,Male,36,5,0.0,1,1,0,98558.91,0
7195,15754362,Baker,850,Spain,Male,37,5,0.0,2,1,0,52931.73,0
7196,15761079,Jones,592,Spain,Female,54,2,0.0,2,0,0,70032.81,0
7197,15772135,Brown,712,France,Female,38,5,144253.81,2,1,0,125401.03,0
7198,15652205,Jones,678,Spain,Male,67,5,0.0,2,0,1,93167.3,0
7199,15622023,Castillo,795,Germany,Male,42,4,150643.34,1,1,1,113355.37,1
7200,15627464,Dubois,781,Germany,Female,38,9,102644.56,1,1,1,134619.7,0
7201,15767823,Smith,549,France,Female,28,4,0.0,2,0,1,133862.55,0
7202,15755172,Scott,617,France,Male,46,8,0.0,1,0,0,137951.43,0
7203,15694880,Mitchell,850,France,Female,34,7,133229.49,2,1,1,91044.8,0
7204,15646827,Anderson,660,Spain,Male,48,10,115218.97,1,0,0,141568.93,0
7205,15739728,Hall,729,Germany,Male,31,6,119520.6,1,1,0,53518.51,0
7206,15700385,Schmidt,546,France,Female,37,5,111038.8,1,1,1,152703.36,0
7207,15699931,Taylor,626,Germany,Female,34,0,113973.88,1,0,1,158870.6,0
7208,15757686,Moreau,581,France,Male,45,7,0.0,1,1,0,179295.15,0
7209,15618770,Wright,740,France,Female,55,5,96755.86,2,0,1,188699.26,0
7210,15801254,Lopez,722,Germany,Female,36,9,115367.67,2,1,1,104124.47,0
7211,15647257,Girard,769,Germany,Female,33,6,72945.0,2,0,1,106549.8,0
7212,15616097,Campbell,545,Spain,Female,28,7,0.0,2,1,0,75800.66,0
7213,15579402,Dubois,703,Germany,Male,33,10,71583.77,1,0,0,155473.89,0
7214,15599625,Taylor,652,Germany,Female,55,10,155299.4,2,1,1,53873.15,1
7215,15658011,Baker,413,Spain,Male,37,2,177513.19,1,1,0,127894.71,0
7216,15731287,Martinez,695,France,Male,41,2,0.0,1,1,1,112291.59,0
7217,15580821,Miller,775,Germany,Male,27,8,114679.21,1,1,1,56005.79,1
7218,15679525,Roberts,802,Germany,Female,26,1,154386.36,2,1,1,51765.74,0
7219,15788783,Torres,647,France,Male,26,9,87050.68,1,1,0,32172.14,0
7220,15596306,Schneider,730,France,Male,51,1,129134.92,1,1,0,146688.18,1
7221,15698532,Hall,703,France,Female,37,4,0.0,1,0,0,164517.62,0
7222,15647638,Muller,576,France,Male,31,9,0.0,1,1,0,36360.11,0
7223,15686298,Walker,563,Germany,Male,46,1,64274.99,1,0,0,181585.42,1
7224,15627845,Allen,645,France,Male,34,0,0.0,1,1,1,41235.27,0
7225,15766907,Anderson,627,Germany,Female,48,8,102779.21,1,1,0,21387.12,1
7226,15609242,Brown,659,France,Male,36,8,0.0,1,0,0,175610.56,0
7227,15764929,Anderson,609,France,Male,48,8,0.0,2,1,0,184605.28,0
7228,15581559,Young,671,France,Male,30,5,137713.32,2,1,1,32844.91,0
7229,15779227,Jones,547,France,Female,41,8,0.0,3,1,0,35638.22,1
7230,15712736,Sanchez,798,Spain,Female,44,7,0.0,1,1,1,58585.94,0
7231,15806092,King,473,France,Male,26,4,0.0,1,0,1,12089.58,0
7232,15775521,Campbell,642,France,Female,37,8,0.0,3,1,0,83882.22,1
7233,15646267,Weber,630,France,Female,28,2,98978.67,2,0,1,143711.49,0
7234,15649585,Lopez,637,France,Female,26,4,127060.09,1,1,1,16838.27,0
7235,15581533,Robinson,568,Germany,Male,35,9,119525.03,1,0,1,60202.29,1
7236,15721339,Martin,503,Spain,Male,41,1,110372.87,2,1,1,71460.58,0
7237,15673881,Vargas,673,France,Female,31,4,0.0,2,1,1,188332.82,1
7238,15643309,Alvarez,630,Germany,Male,35,6,110270.31,1,1,1,148994.75,0
7239,15753449,Lopez,687,France,Male,32,6,75422.05,1,1,1,73771.1,0
7240,15583539,Campbell,490,Spain,Male,47,10,0.0,2,0,0,41274.7,0
7241,15598809,Williams,817,Germany,Male,52,7,95113.72,1,1,1,173824.76,1
7242,15624232,Lee,642,France,Female,72,0,0.0,2,0,0,56990.67,0
7243,15736721,Miller,355,Germany,Male,50,10,127862.45,1,1,0,124956.78,1
7244,15603793,Martin,668,Spain,Female,43,2,115004.43,1,1,1,138274.71,0
7245,15723804,Davis,604,France,Female,47,6,101879.8,2,0,0,157847.29,0
7246,15717387,Weber,540,Spain,Male,32,9,0.0,2,0,0,123518.44,0
7247,15589308,Dubois,770,Spain,Male,34,6,0.0,2,0,0,80367.14,0
7248,15712059,Laurent,740,France,Male,39,0,132624.31,2,1,1,29749.77,0
7249,15707442,Davis,683,Spain,Male,26,3,160237.85,2,1,0,39963.27,0
7250,15763697,Weber,657,Germany,Female,31,0,191277.92,2,1,1,117375.05,0
7251,15602515,Girard,699,Germany,Female,68,4,163523.72,1,0,0,97116.58,1
7252,15747499,Thompson,497,Germany,Female,35,9,119743.89,2,1,1,76456.63,0
7253,15593924,Diaz,669,Spain,Female,25,2,0.0,2,1,1,106471.39,0
7254,15768492,Rodriguez,770,Germany,Male,33,8,108920.36,2,0,0,171762.98,0
7255,15720683,Moreau,751,Germany,Female,39,0,125987.4,1,1,1,8498.78,0
7256,15700823,Brown,548,France,Male,42,2,107304.33,2,0,1,27470.54,0
7257,15798550,Carter,668,France,Male,36,6,0.0,2,1,1,271.39,0
7258,15726954,Harris,541,Spain,Male,41,10,139353.08,1,1,1,63956.89,1
7259,15792255,Fischer,665,Germany,Male,31,6,113984.03,3,1,1,33328.84,1
7260,15620702,Walker,577,France,Female,52,7,129537.22,1,1,1,55764.07,1
7261,15793899,Fournier,566,Spain,Female,49,8,113231.98,2,0,1,15086.5,0
7262,15781550,Bernard,685,Spain,Male,24,1,0.0,2,1,0,68920.85,0
7263,15779295,Mitchell,580,Germany,Male,29,10,59693.52,2,1,1,79985.78,0
7264,15619375,Nelson,573,France,Female,46,5,0.0,2,1,0,185207.27,0
7265,15732443,Harris,684,Germany,Female,40,3,117280.98,2,1,0,114216.74,0
7266,15724371,Gonzalez,506,France,Female,39,9,124194.21,2,1,0,169045.52,0
7267,15623532,Rodriguez,619,France,Male,38,5,128268.6,1,1,1,124807.41,0
7268,15615751,Campbell,501,Germany,Male,50,7,126493.26,2,1,0,89380.87,1
7269,15577557,Martinez,519,Spain,Female,40,4,118444.41,2,1,1,178281.02,0
7270,15784455,Meyer,764,France,Female,42,6,0.0,1,1,1,154546.93,1
7271,15614820,Brown,610,Spain,Male,38,1,0.0,1,1,1,5499.35,0
7272,15586941,Sanchez,580,Spain,Male,29,4,0.0,2,0,1,44044.52,0
7273,15709485,Roberts,733,France,Male,47,4,104495.98,2,0,1,199754.8,0
7274,15567106,Adams,807,France,Female,34,2,85268.37,1,0,1,153910.49,0
7275,15782595,Bernard,674,Germany,Male,34,10,185043.71,2,0,1,82565.64,0
7276,15608021,Davis,749,Spain,Female,35,6,144550.28,1,1,0,118306.25,0
7277,15715694,Harris,596,France,Female,28,9,0.0,2,1,1,154306.08,0
7278,15716923,Walker,655,Germany,Male,64,1,112930.99,1,1,0,78385.46,1
7279,15629201,Schneider,651,Germany,Male,46,4,138623.77,2,1,0,8906.74,1
7280,15781893,Harris,681,Germany,Male,29,8,104749.71,1,1,1,123487.96,0
7281,15660421,Johnson,744,Germany,Male,57,1,141026.48,1,1,1,23279.08,1
7282,15681695,Sanchez,507,France,Female,32,2,0.0,1,0,1,48486.01,0
7283,15649075,Jackson,564,France,Female,34,10,117605.68,2,1,1,103857.08,0
7284,15646959,Hoffmann,603,France,Male,32,1,166466.84,1,1,0,159364.67,0
7285,15707649,Hoffmann,556,Spain,Female,53,5,0.0,2,1,0,44940.16,0
7286,15580930,Campbell,672,Spain,Male,50,0,0.0,1,1,1,38487.07,1
7287,15574353,Torres,671,Spain,Female,36,3,0.0,2,1,0,84958.7,0
7288,15573278,Ruiz,656,France,Female,36,8,0.0,1,1,0,27319.64,0
7289,15748499,Gonzalez,611,Germany,Male,46,4,144830.18,1,1,1,49997.66,1
7290,15732892,Harris,781,France,Male,45,5,0.0,2,0,1,60117.42,0
7291,15785138,Harris,671,France,Female,37,10,105420.62,2,1,1,156112.92,0
7292,15769296,Miller,635,France,Male,37,4,0.0,1,0,1,132652.51,0
7293,15696637,Wilson,656,Spain,Female,46,6,128855.96,2,1,1,72420.89,0
7294,15659981,Brown,722,France,Male,25,5,0.0,1,0,1,189290.79,0
7295,15722906,Torres,671,Germany,Male,41,7,101181.33,1,1,1,55220.04,1
7296,15660595,Wright,566,Spain,Female,40,6,0.0,2,0,0,101614.93,0
7297,15685488,Schneider,821,Germany,Male,53,9,188303.06,1,1,1,123834.87,1
7298,15578117,Nguyen,695,France,Male,42,9,142630.53,1,1,1,191122.11,0
7299,15594687,Weber,538,Spain,Male,44,10,0.0,1,0,0,171022.58,1
7300,15628991,Gonzalez,474,Germany,Male,31,3,133014.58,1,1,0,74762.25,0
7301,15759385,Mitchell,717,France,Male,32,1,151336.38,2,1,1,100282.05,0
7302,15599198,Adams,775,Germany,Male,41,2,127565.7,2,0,0,91365.62,0
7303,15572017,Muller,694,Spain,Male,24,8,109604.12,2,0,1,61013.42,0
7304,15717950,Smith,709,France,Male,34,9,0.0,2,1,1,96195.69,0
7305,15675590,Hill,712,Germany,Female,28,2,54859.43,1,1,0,17792.33,1
7306,15779477,Carter,650,France,Female,32,5,111154.67,1,1,0,10914.74,0
7307,15604141,Hoffmann,487,France,Male,24,0,58216.86,1,1,1,13817.55,0
7308,15763584,White,582,Spain,Female,29,6,115436.27,1,1,1,27137.41,0
7309,15727293,Castillo,727,France,Female,52,7,0.0,1,1,1,56799.39,1
7310,15775441,Lewis,707,France,Female,28,1,117875.66,1,1,0,127864.21,1
7311,15712538,Muller,631,France,Female,30,10,0.0,1,1,0,168242.36,0
7312,15764261,Dubois,597,France,Male,33,9,0.0,1,1,0,156206.81,0
7313,15623254,Nguyen,667,France,Male,44,10,0.0,2,0,0,65291.54,0
7314,15576706,Navarro,617,Germany,Female,35,10,171041.4,2,1,1,8695.81,0
7315,15686479,Castillo,642,France,Male,26,0,0.0,1,1,0,10871.0,0
7316,15726754,Baker,663,France,Female,24,4,0.0,2,1,0,159557.93,0
7317,15580689,Fournier,575,Spain,Female,34,4,196432.85,1,1,0,174344.24,0
7318,15577429,Moore,728,Spain,Male,35,0,0.0,1,1,1,186348.29,0
7319,15680478,Wright,634,France,Male,47,10,0.0,2,1,0,193292.79,0
7320,15767732,Mitchell,697,France,Female,29,0,0.0,1,1,1,169749.35,0
7321,15698619,Anderson,656,France,Male,55,7,0.0,1,0,1,70991.59,1
7322,15754890,Schmidt,800,France,Female,26,3,134080.08,1,0,1,94940.05,0
7323,15625295,Hall,703,France,Female,26,6,0.0,2,0,1,166480.0,0
7324,15634189,Mitchell,690,Spain,Male,34,5,0.0,2,0,0,179630.83,0
7325,15601709,Fournier,686,Germany,Male,47,2,114618.13,2,1,1,72208.14,1
7326,15566068,Vargas,850,France,Female,39,4,146584.38,1,1,0,125676.63,0
7327,15661476,Clark,646,Spain,Female,29,7,0.0,1,1,1,35779.17,0
7328,15598194,Taylor,666,France,Male,65,6,141836.25,1,0,1,372.62,0
7329,15772195,Roberts,660,France,Male,39,2,0.0,2,0,1,71080.03,0
7330,15751644,Johnson,459,France,Male,40,2,0.0,2,1,1,184229.82,0
7331,15707239,Mitchell,659,France,Male,45,7,88899.22,1,0,0,131146.58,0
7332,15719902,Brown,749,Spain,Male,40,2,0.0,1,1,1,178932.07,0
7333,15746162,Lee,700,France,Male,33,6,120663.01,1,0,1,71771.95,0
7334,15798441,Moore,797,Germany,Female,58,10,65572.36,2,0,0,9480.75,1
7335,15594438,Martinez,726,France,Male,54,6,87594.42,3,1,0,71793.09,1
7336,15666955,Young,699,Spain,Female,62,3,128929.75,1,0,0,85742.58,0
7337,15790839,Smith,736,Germany,Female,33,7,57460.05,1,1,0,134367.35,1
7338,15803332,Anderson,685,France,Female,57,10,0.0,1,1,1,193385.8,1
7339,15655219,Martinez,623,France,Female,28,7,0.0,1,1,0,62121.1,0
7340,15743377,King,638,Spain,Male,37,6,0.0,1,1,1,151400.29,0
7341,15723228,Romero,419,Germany,Female,45,6,200717.91,2,0,1,177313.28,0
7342,15652296,Lopez,805,France,Male,27,0,89409.8,2,1,1,49613.36,0
7343,15565809,Romero,631,Spain,Male,60,0,87485.7,1,1,1,156104.58,0
7344,15799738,Becker,549,France,Female,33,6,77406.79,2,1,0,190873.69,0
7345,15677691,Martinez,614,France,Male,54,5,0.0,1,1,0,155465.58,1
7346,15778745,Johnson,820,Germany,Male,27,10,113391.83,2,1,0,79474.73,0
7347,15686649,King,657,France,Female,37,5,0.0,1,1,0,116619.68,0
7348,15782506,Perez,675,France,Male,31,9,111914.55,1,1,0,149100.3,0
7349,15648026,Robinson,850,France,Male,31,7,147031.73,2,0,1,161583.18,0
7350,15771518,Weber,731,France,Male,28,3,112404.69,2,1,0,141690.25,0
7351,15744055,Fernandez,622,France,Male,28,9,0.0,1,1,1,195535.5,0
7352,15707116,Nguyen,485,France,Female,29,1,0.0,2,1,0,172320.12,0
7353,15667386,White,712,Spain,Male,29,7,60534.72,1,0,0,43024.52,0
7354,15738828,Baker,584,Germany,Male,51,5,85687.49,2,0,0,199882.53,1
7355,15587145,Campbell,714,France,Female,53,7,0.0,1,1,1,140859.77,0
7356,15643580,Gonzalez,645,France,Female,27,1,0.0,2,1,0,182626.27,0
7357,15680131,Muller,690,Germany,Female,35,2,145795.44,1,1,1,99475.77,0
7358,15657364,Vargas,737,France,Male,50,3,0.0,1,0,1,178696.47,0
7359,15790721,Campbell,482,France,Female,43,6,0.0,1,1,1,196932.74,0
7360,15629545,Hill,662,Germany,Female,34,10,95664.18,2,1,1,164483.09,0
7361,15807715,Laurent,648,France,Female,31,9,0.0,1,1,1,159567.47,0
7362,15700743,Wright,678,Spain,Male,27,7,0.0,2,0,1,43206.3,0
7363,15712618,Green,699,Spain,Male,59,1,0.0,2,1,1,27050.14,0
7364,15786247,Becker,665,Spain,Male,40,8,0.0,1,0,1,153890.3,0
7365,15801363,Baker,587,France,Female,38,9,0.0,1,1,1,141288.29,0
7366,15751271,Smith,540,France,Male,30,5,0.0,1,1,1,124867.3,0
7367,15712527,Mitchell,496,France,Female,36,0,0.0,2,0,1,89300.26,0
7368,15681924,Romero,662,Spain,Male,50,1,0.0,2,0,1,12998.75,1
7369,15745231,Baker,701,Spain,Female,26,8,86740.69,1,1,0,114164.95,1
7370,15695325,Taylor,617,Spain,Male,30,1,0.0,1,1,0,106469.72,0
7371,15780009,Baker,731,France,Male,27,3,0.0,1,0,1,143470.22,0
7372,15805384,Rodriguez,639,Spain,Male,55,8,0.0,1,0,1,17863.34,1
7373,15764155,Ramirez,642,Germany,Female,26,1,161300.79,1,0,0,80523.05,0
7374,15597006,Alvarez,510,Spain,Male,39,4,0.0,2,1,0,84119.83,0
7375,15674236,Taylor,607,Germany,Male,27,7,102284.93,3,0,0,92893.31,1
7376,15626481,Miller,739,France,Female,38,5,0.0,2,1,1,6835.74,0
7377,15753188,Wagner,786,France,Female,27,9,0.0,1,1,1,117057.24,0
7378,15665490,Muller,632,Spain,Female,32,1,0.0,2,0,0,38592.11,0
7379,15577034,Sanchez,734,France,Female,58,6,137572.35,1,0,0,182433.97,1
7380,15741103,Lopez,787,France,Male,42,3,0.0,1,1,0,126382.73,0
7381,15594402,Fournier,559,France,Female,38,6,0.0,2,1,1,166206.07,0
7382,15752677,Taylor,681,France,Male,41,1,0.0,1,1,1,98364.24,0
7383,15755348,Thompson,668,Spain,Female,59,7,0.0,1,0,1,74189.09,1
7384,15583762,Miller,754,France,Female,38,2,0.0,2,1,1,51635.41,0
7385,15792539,Mitchell,569,France,Male,49,8,99626.01,1,0,1,79250.47,0
7386,15595583,Hoffmann,681,Spain,Male,50,9,0.0,1,0,0,184150.06,1
7387,15683464,Schneider,625,Germany,Female,48,3,125114.9,2,0,0,185026.5,1
7388,15687485,Robinson,691,France,Female,73,7,0.0,4,1,1,187872.72,1
7389,15702214,Flores,768,France,Female,44,6,0.0,1,1,0,153197.74,0
7390,15681812,Carter,793,France,Female,48,9,118734.53,1,1,1,35767.52,1
7391,15785414,Baker,769,France,Male,32,10,0.0,1,1,1,143531.07,0
7392,15679204,Vargas,554,France,Male,37,9,148257.5,1,1,1,67077.57,1
7393,15684018,Hoffmann,604,France,Female,37,2,0.0,2,0,0,85042.07,0
7394,15724860,Wright,748,Germany,Male,29,6,111063.47,2,0,0,92290.95,0
7395,15678573,Schneider,709,Spain,Female,30,1,113565.01,2,1,1,51211.96,0
7396,15709537,Hall,625,Spain,Female,36,3,126121.18,2,0,1,41659.71,0
7397,15749622,Davis,561,France,Male,39,3,164041.24,1,0,1,20737.24,0
7398,15620510,Diaz,350,France,Female,58,5,0.0,2,1,1,88237.44,0
7399,15701701,Becker,495,Spain,Female,29,9,175469.69,2,1,0,118381.91,0
7400,15778949,Lewis,620,Spain,Male,29,0,151979.74,1,0,0,176468.79,0
7401,15688483,Smith,622,Germany,Female,26,5,89335.32,1,0,0,3536.76,0
7402,15612445,Wilson,690,France,Female,46,8,0.0,2,0,1,9081.47,0
7403,15599220,Taylor,708,France,Male,63,2,109036.98,2,1,1,148683.96,0
7404,15619703,Wright,850,Germany,Male,36,8,115893.99,2,1,1,158080.0,0
7405,15807774,Castillo,575,Germany,Male,39,0,172205.39,2,1,1,6889.09,0
7406,15716344,Torres,461,France,Female,36,5,159859.26,1,1,0,152326.71,1
7407,15612206,Young,560,Spain,Male,44,10,0.0,2,1,1,111851.94,0
7408,15752814,Schneider,813,Germany,Male,28,4,198474.47,2,0,0,63909.68,0
7409,15644670,Anderson,651,Germany,Female,42,7,144790.8,1,1,1,130555.42,1
7410,15762028,Thompson,748,France,Female,36,1,164619.52,1,1,0,61413.15,0
7411,15608996,Romero,595,Spain,Female,46,4,0.0,2,1,0,88060.01,0
7412,15709130,Allen,601,Germany,Female,46,0,125947.08,1,1,1,97502.85,0
7413,15625817,Lee,484,France,Male,40,1,180922.92,1,1,1,58787.84,1
7414,15587771,Fischer,618,Germany,Male,34,3,96497.12,2,1,1,65646.32,0
7415,15739929,Vargas,651,Germany,Female,30,10,71632.82,3,0,1,178190.81,1
7416,15644116,Hoffmann,734,Spain,Male,45,10,0.0,1,1,1,81587.3,0
7417,15758220,Robinson,704,France,Male,37,0,106294.74,2,1,0,55433.65,0
7418,15703125,Dubois,843,Spain,Female,37,0,0.0,2,0,1,101279.39,0
7419,15631613,Wilson,635,France,Male,33,7,0.0,1,1,1,26811.53,0
7420,15691308,Campbell,674,France,Male,55,10,96459.43,1,0,0,112909.05,1
7421,15632334,Clark,648,France,Female,56,5,101775.62,1,1,1,168143.91,1
7422,15709031,Allen,583,France,Female,34,5,106770.56,1,1,0,96177.37,0
7423,15574474,Young,690,France,Male,31,6,0.0,1,0,1,3135.59,0
7424,15589584,Walker,623,France,Male,35,4,120169.12,1,1,1,180647.72,0
7425,15722148,Garcia,811,Germany,Female,31,8,130984.54,1,1,0,150186.05,0
7426,15710463,Adams,573,France,Female,41,1,91739.87,2,1,0,193692.43,0
7427,15813034,White,617,Spain,Male,37,0,0.0,1,1,1,161147.14,0
7428,15618194,Robinson,529,France,Male,45,0,0.0,1,0,0,172076.7,0
7429,15805089,Martin,683,Germany,Female,34,2,121323.81,2,1,0,183031.1,0
7430,15579978,Adams,521,Spain,Male,75,5,83414.82,2,0,1,50843.07,0
7431,15735017,Hall,649,Spain,Male,27,2,0.0,2,0,1,197068.29,0
7432,15733327,Ruiz,537,Germany,Male,37,6,135384.92,1,1,0,50749.67,0
7433,15795551,Clark,555,Germany,Male,69,0,164096.79,1,1,0,195247.14,1
7434,15777451,Hoffmann,576,France,Male,45,4,131663.16,2,1,0,159016.08,0
7435,15759099,Hill,721,France,Male,35,1,0.0,2,1,1,146538.73,0
7436,15569705,Martinez,641,France,Female,41,3,0.0,2,1,0,46017.71,0
7437,15767804,Miller,638,France,Male,28,7,0.0,1,1,1,61345.51,0
7438,15657996,Robinson,705,France,Male,37,0,0.0,1,1,0,30975.09,0
7439,15660040,Muller,586,France,Male,28,8,132927.93,2,1,1,59081.77,0
7440,15720054,Johnson,459,Spain,Female,25,2,94529.61,2,1,0,183957.6,0
7441,15683347,Lewis,543,Spain,Male,54,9,0.0,2,1,1,91810.46,0
7442,15695825,Campbell,622,Spain,Male,32,7,0.0,1,1,0,191435.24,0
7443,15571431,Perez,645,Germany,Female,27,9,125216.67,1,1,0,118325.98,0
7444,15655203,King,704,France,Female,34,6,112029.87,1,0,1,3269.89,0
7445,15786384,Nelson,636,France,Female,44,4,0.0,2,1,1,67527.32,1
7446,15636776,Alvarez,749,Germany,Male,28,1,126290.4,1,1,0,68273.26,0
7447,15742950,Castillo,685,Germany,Male,33,0,121800.52,1,1,1,85168.08,0
7448,15600918,Smith,513,France,Male,46,8,0.0,1,1,0,133999.81,1
7449,15661632,Meyer,403,France,Female,38,7,0.0,2,1,1,53639.34,0
7450,15572127,Thompson,552,France,Male,55,1,155064.84,1,1,1,81338.03,1
7451,15631350,Young,663,France,Male,46,1,155275.43,1,0,1,199535.66,1
7452,15742839,Moore,686,France,Male,43,8,0.0,1,1,1,72499.59,1
7453,15733796,Davis,640,France,Female,46,0,101530.75,2,0,0,100955.8,1
7454,15765515,Jackson,662,Germany,Male,26,5,157281.69,1,1,0,102686.25,1
7455,15765821,Williams,778,Spain,Male,37,3,0.0,2,1,1,39031.3,0
7456,15785122,Castillo,651,Germany,Female,66,7,118915.29,2,1,1,99114.89,0
7457,15667216,Romero,684,Germany,Female,33,0,110062.57,1,1,1,44249.36,0
7458,15791823,Scott,805,Spain,Female,37,0,0.0,2,1,0,21550.9,0
7459,15775599,Harris,474,France,Female,32,1,0.0,1,1,1,161604.59,0
7460,15623193,Scott,816,Germany,Male,32,8,122945.85,2,0,0,142908.06,0
7461,15719928,Diaz,402,France,Female,48,7,137988.65,1,1,0,54060.68,0
7462,15663968,Weber,570,Germany,Male,65,7,119071.48,1,1,0,26928.69,0
7463,15635188,Martinez,596,France,Female,57,6,136166.82,1,1,1,196601.57,1
7464,15630995,Lopez,492,Spain,Male,24,1,68613.29,2,1,0,183314.73,0
7465,15710978,Hill,634,Spain,Female,36,2,0.0,1,1,0,72383.82,0
7466,15799107,Young,645,France,Male,33,1,0.0,2,1,1,128977.26,0
7467,15809267,Wilson,722,France,Male,28,1,141205.98,2,0,0,57471.36,0
7468,15654825,Nguyen,719,France,Male,48,8,0.0,2,0,1,75202.55,0
7469,15579469,Dubois,667,Spain,Female,34,5,111849.48,1,1,1,107777.35,0
7470,15808437,Green,758,Germany,Male,29,4,150932.13,1,1,1,53822.13,0
7471,15585607,Robinson,713,France,Female,41,1,0.0,2,1,1,17339.09,0
7472,15717414,Allen,618,Spain,Male,27,7,184692.69,2,1,0,143991.9,0
7473,15743678,Johnson,662,France,Female,52,9,133368.09,1,0,0,38236.43,1
7474,15597908,Miller,588,France,Female,53,0,0.0,1,0,1,60090.95,1
7475,15614508,Campbell,531,France,Male,45,10,0.0,2,1,1,191121.83,0
7476,15608790,Lee,692,Germany,Female,42,2,129135.72,1,1,1,120555.24,0
7477,15606928,Laurent,505,France,Female,36,10,41779.24,2,0,0,45587.32,0
7478,15667453,Vargas,632,France,Female,40,8,0.0,2,1,1,57104.51,0
7479,15732018,Johnson,427,France,Female,36,9,136867.34,1,1,1,44764.33,0
7480,15716153,Meyer,657,Spain,Female,26,2,0.0,1,0,1,173936.93,0
7481,15727766,Scott,579,Germany,Male,45,6,65499.32,2,1,0,160087.19,0
7482,15760625,Brown,705,Spain,Male,55,0,86693.97,2,1,0,109634.17,0
7483,15676788,Roberts,628,Germany,Male,32,4,123482.46,2,1,0,25808.23,0
7484,15597754,Garcia,638,Spain,Female,47,1,0.0,1,0,0,147711.63,1
7485,15807725,Hall,655,France,Female,37,0,0.0,1,1,1,169769.15,0
7486,15700411,Jones,591,Spain,Male,32,9,149253.24,1,1,0,105519.11,0
7487,15733482,Fischer,595,France,Male,23,8,0.0,1,1,0,42224.55,0
7488,15576404,Taylor,595,France,Male,45,3,166065.69,1,1,1,138910.1,0
7489,15751106,Fischer,638,France,Female,42,4,156111.22,2,1,0,65326.57,0
7490,15746937,Lee,596,France,Female,29,5,0.0,1,1,1,183317.08,0
7491,15566046,Jones,694,Spain,Female,35,6,0.0,1,1,1,166036.93,0
7492,15655291,Fernandez,478,Spain,Female,37,6,0.0,1,1,1,81261.57,0
7493,15567227,Hill,505,Spain,Female,41,3,0.0,2,1,1,8042.98,0
7494,15743447,Dubois,833,France,Male,50,4,0.0,1,1,1,189562.13,0
7495,15626715,Hoffmann,608,Spain,Male,35,10,137690.27,2,0,0,190905.31,0
7496,15807145,Rivera,552,Germany,Male,25,1,106141.64,2,0,1,97129.79,0
7497,15743547,Fischer,648,France,Female,37,4,136548.58,2,1,1,1245.04,0
7498,15813933,Smith,724,Germany,Female,33,2,88043.38,1,0,0,144548.02,0
7499,15665539,Walker,712,Germany,Male,30,2,100530.15,2,1,1,56146.69,0
7500,15701825,Romero,577,France,Male,47,1,0.0,1,1,0,149865.59,1
7501,15593632,Brown,600,Germany,Male,30,1,146020.64,1,1,0,5841.98,1
7502,15743223,Schmidt,618,Germany,Female,27,10,161039.35,2,0,1,123362.74,0
7503,15680258,Green,680,France,Male,33,9,0.0,2,1,0,187874.09,0
7504,15713483,Adams,654,France,Female,37,8,0.0,1,1,1,103874.96,0
7505,15621341,Williams,561,Germany,Male,38,10,127678.02,2,1,0,189197.99,0
7506,15815382,Muller,601,Germany,Female,52,9,103540.25,2,1,1,144353.02,1
7507,15573293,Rivera,624,Spain,Female,31,1,104110.22,2,1,1,119287.82,0
7508,15625441,Diaz,794,Spain,Male,45,8,120791.01,2,0,1,169217.33,0
7509,15650698,Scott,633,Germany,Female,33,8,118534.27,1,1,1,184079.15,1
7510,15573119,Smith,850,Germany,Male,24,0,146305.16,1,1,0,171745.53,0
7511,15570041,Roberts,624,Germany,Female,50,9,93823.32,1,1,1,183627.44,1
7512,15607643,Anderson,487,Germany,Male,26,8,103361.64,1,1,1,12766.32,0
7513,15609498,Schmidt,684,France,Female,39,10,131000.73,2,1,1,42507.99,0
7514,15569725,Harris,752,Germany,Male,27,5,75902.08,2,1,0,53449.08,0
7515,15613189,Martinez,696,Germany,Female,42,8,164146.19,1,1,0,191999.79,1
7516,15596382,Romero,669,Germany,Male,28,8,146088.81,2,1,0,182374.45,0
7517,15676950,Moore,613,Spain,Female,25,7,0.0,1,0,0,162112.44,0
7518,15711548,Laurent,622,Germany,Male,35,10,89479.41,2,1,1,159407.74,0
7519,15621622,Lee,424,France,Male,23,1,115952.46,1,1,0,89183.2,0
7520,15577261,Williams,733,France,Female,35,3,141541.06,2,1,0,19909.95,0
7521,15630815,Hill,613,France,Male,45,1,0.0,2,1,0,133204.36,0
7522,15579679,Laurent,761,France,Male,65,6,0.0,1,0,0,104410.0,0
7523,15637520,Green,598,France,Female,39,0,134130.76,1,0,0,80774.69,0
7524,15576027,Moore,645,France,Male,36,3,129559.89,2,1,0,72634.9,1
7525,15664563,Taylor,771,France,Female,51,8,105525.86,1,0,0,32290.68,1
7526,15654475,Smith,780,France,Male,27,9,190422.18,1,1,1,81082.92,0
7527,15706321,Jackson,732,Spain,Female,30,2,0.0,2,1,0,184695.35,0
7528,15722142,Nguyen,468,Spain,Female,45,2,161848.53,2,1,1,39442.08,0
7529,15811262,Green,526,France,Male,32,0,140253.47,2,1,1,119775.31,0
7530,15635751,Smith,718,France,Male,34,3,131099.6,3,1,1,124808.11,0
7531,15747053,Walker,582,France,Female,37,7,0.0,1,1,1,76412.55,0
7532,15611135,Walker,657,France,Female,28,9,0.0,2,0,1,53940.14,0
7533,15651774,Thomas,670,France,Male,25,4,0.0,1,1,1,31183.7,0
7534,15643525,Hill,675,France,Male,29,1,0.0,2,0,1,83226.63,0
7535,15717392,Wilson,548,France,Male,33,3,0.0,2,0,1,100689.5,0
7536,15616142,Vargas,749,Spain,Female,42,5,129627.25,2,1,1,7306.4,0
7537,15592220,Baker,599,Germany,Female,37,6,99147.47,2,0,0,184784.24,0
7538,15606724,Davis,707,Spain,Male,44,6,57126.96,2,0,1,336.35,0
7539,15622977,Girard,630,France,Male,36,8,105915.41,2,0,0,9635.51,0
7540,15622808,Thompson,836,France,Female,46,6,148118.6,1,1,1,133732.55,0
7541,15610039,Roberts,791,Spain,Female,34,4,161333.44,1,1,1,157624.99,0
7542,15690223,Thompson,850,France,Male,23,1,145633.44,2,1,0,91505.45,0
7543,15605545,Garcia,810,Germany,Male,31,10,116822.42,2,0,1,64457.07,0
7544,15633286,Rodriguez,637,Spain,Male,38,0,152253.86,2,1,0,142983.67,0
7545,15643208,Clark,598,Germany,Female,43,3,179215.59,1,1,1,174102.69,0
7546,15786667,Baker,540,France,Male,32,4,136410.3,1,1,0,62881.95,0
7547,15652331,Gonzalez,676,Germany,Male,39,9,121848.11,2,0,0,122948.98,0
7548,15815192,White,652,France,Female,33,4,172955.24,2,1,1,179663.71,0
7549,15719985,Carter,646,France,Male,30,4,0.0,1,1,0,132686.34,0
7550,15623777,Vargas,570,France,Male,43,10,0.0,1,0,0,16361.01,0
7551,15736442,Dubois,685,Spain,Male,41,4,28206.1,1,1,1,32047.94,0
7552,15783786,Moore,613,Germany,Male,73,8,109405.71,1,0,1,160722.23,0
7553,15688171,Smith,603,France,Male,32,0,0.0,2,1,1,95433.81,0
7554,15760926,Wagner,666,France,Male,53,6,0.0,1,1,1,46433.39,1
7555,15760101,Castillo,642,Germany,Male,26,8,96946.55,1,1,0,16726.94,0
7556,15661329,Adams,512,Spain,Male,53,2,140614.6,1,1,0,15466.61,1
7557,15594038,Navarro,574,France,Female,37,8,0.0,2,0,1,102882.99,0
7558,15681308,Jones,702,France,Female,33,9,105974.29,2,1,1,147130.36,0
7559,15773054,Alvarez,645,Spain,Male,41,0,0.0,2,0,1,83094.06,0
7560,15770543,Ramirez,462,Spain,Female,41,2,137613.75,2,1,1,79727.0,0
7561,15716743,Schmidt,718,Spain,Male,50,1,0.0,1,0,1,582.76,1
7562,15650741,Hill,645,France,Female,29,10,94140.92,3,1,0,73059.63,1
7563,15708981,White,547,France,Female,26,3,118275.62,1,1,1,37435.55,0
7564,15695098,Williams,585,France,Female,41,10,100263.03,1,0,0,79511.97,1
7565,15755895,Brown,666,France,Female,40,4,106665.67,1,1,1,8824.41,0
7566,15688548,Rivera,436,Spain,Male,50,10,106498.97,2,0,1,111308.15,1
7567,15705775,Campbell,691,France,Male,32,6,104095.93,1,0,1,115737.77,0
7568,15790314,Wagner,746,Germany,Male,31,3,141647.67,1,1,1,168717.88,0
7569,15721802,Vargas,736,Spain,Male,40,5,141266.58,1,0,0,33277.23,0
7570,15625582,Baker,762,Spain,Female,37,1,0.0,2,1,0,121590.72,0
7571,15688360,Ramirez,574,Germany,Male,43,2,113913.01,1,1,1,168976.47,1
7572,15803430,Scott,750,Spain,Male,30,6,199156.09,1,1,0,183257.92,0
7573,15612767,Thompson,676,France,Female,52,8,159826.68,1,1,1,35089.06,0
7574,15622875,Alvarez,569,France,Female,40,4,0.0,1,0,0,125680.97,1
7575,15806404,Scott,695,France,Female,50,9,0.0,2,1,1,30467.54,0
7576,15747820,Muller,692,Spain,Male,35,4,0.0,1,0,0,38874.68,0
7577,15664595,Meyer,799,Spain,Female,30,4,95668.35,1,1,0,143276.42,0
7578,15718658,Fournier,766,France,Male,41,6,121933.62,2,1,0,167803.51,0
7579,15731917,Hall,583,France,Female,44,4,0.0,2,0,0,72553.65,0
7580,15657760,Bernard,683,France,Male,25,7,136601.1,3,0,1,159288.34,0
7581,15620276,Vargas,682,France,Male,63,9,0.0,1,0,0,136771.53,0
7582,15710853,Navarro,674,Spain,Female,31,3,101404.22,1,0,1,72005.83,0
7583,15778988,Torres,620,France,Male,38,5,0.0,2,1,1,55950.16,0
7584,15709351,Adams,820,Spain,Male,44,3,116344.51,1,1,1,145713.17,0
7585,15767438,Carter,590,Germany,Male,37,6,139469.66,1,1,1,168328.0,0
7586,15577074,Lopez,812,France,Female,38,6,0.0,2,1,0,18076.71,0
7587,15703442,Weber,512,France,Female,38,4,159399.99,1,1,0,94191.86,1
7588,15590523,Alvarez,613,Spain,Male,24,0,131966.24,2,1,1,54828.71,0
7589,15570919,Wilson,724,Germany,Female,39,10,144822.82,2,1,0,22758.57,0
7590,15750769,Rivera,548,France,Male,32,7,0.0,2,0,1,36390.15,0
7591,15802843,Allen,579,France,Female,49,7,151793.14,2,1,0,162466.33,0
7592,15660598,King,702,Spain,Male,47,8,155220.97,2,0,0,136418.59,0
7593,15811898,Thompson,482,Spain,Male,26,0,174436.23,2,1,1,193536.21,0
7594,15684369,Wright,757,Spain,Female,26,9,184567.83,2,1,0,66320.98,0
7595,15724950,Baker,793,Germany,Female,64,0,86763.35,1,1,1,182490.23,0
7596,15660767,Wagner,798,Spain,Male,22,8,0.0,1,1,1,17556.0,0
7597,15770320,White,682,France,Male,31,10,0.0,2,1,0,174673.27,0
7598,15795759,Williams,609,Germany,Female,28,5,107095.57,1,1,1,10042.61,0
7599,15760897,Rodriguez,615,France,Male,52,7,0.0,1,0,0,35510.76,0
7600,15703339,Scott,678,Germany,Male,35,9,107013.44,2,0,0,160682.34,0
7601,15630248,Martinez,663,Spain,Male,31,6,0.0,1,1,0,187044.5,0
7602,15751962,Nguyen,613,Spain,Male,37,5,108792.81,2,1,1,118231.75,0
7603,15639845,White,804,Germany,Male,62,8,135744.99,3,0,0,172090.57,1
7604,15795500,Harris,626,Germany,Male,42,8,142513.77,1,1,1,24599.91,1
7605,15709499,Jones,789,Spain,Male,42,0,0.0,1,1,0,172801.33,0
7606,15616087,Alvarez,660,Spain,Male,25,0,0.0,2,1,1,56891.9,0
7607,15788114,Mitchell,654,Spain,Female,50,7,0.0,1,1,0,187941.36,1
7608,15769619,Young,700,France,Male,29,7,142740.95,1,1,1,85393.67,0
7609,15795262,Romero,699,France,Female,41,8,152310.87,1,0,0,156071.51,0
7610,15704817,Perez,636,Spain,Male,30,0,139764.88,1,1,0,139426.4,0
7611,15766931,Lee,705,Spain,Male,37,1,137993.22,2,0,1,3359.15,0
7612,15645362,Wright,717,Germany,Male,37,0,204002.19,1,0,1,43091.95,0
7613,15567369,Moore,810,Germany,Male,80,3,104116.15,2,1,0,113515.82,0
7614,15811232,Lewis,657,France,Female,33,5,149277.94,2,0,1,44694.75,0
7615,15586249,Walker,574,France,Male,40,3,126689.62,1,1,1,157984.94,0
7616,15706132,Mitchell,584,Spain,Female,35,1,0.0,1,0,0,164038.31,0
7617,15721982,Smith,850,France,Female,27,6,70467.44,1,0,1,4245.81,0
7618,15658170,Smith,468,Germany,Male,41,3,65365.99,2,1,0,120631.55,1
7619,15770681,Baker,535,Germany,Female,47,3,122854.98,1,1,1,198370.54,0
7620,15607437,Rodriguez,653,Spain,Male,28,8,73541.72,2,0,0,106426.29,0
7621,15746284,Muller,590,France,Male,34,3,0.0,2,0,1,169298.86,0
7622,15734753,Fernandez,729,Germany,Male,37,6,126432.46,2,1,0,22165.15,0
7623,15586766,Moreau,721,France,Female,46,0,107268.15,2,0,0,145851.38,0
7624,15611755,White,598,France,Female,46,8,0.0,1,1,1,41288.61,1
7625,15811734,Ramirez,796,France,Female,25,5,0.0,1,0,1,56470.46,0
7626,15681910,Baker,543,France,Female,64,8,95338.63,1,1,0,99124.03,1
7627,15669305,Schneider,578,Spain,Male,42,3,0.0,2,1,1,187893.04,0
7628,15637493,Lee,803,Spain,Female,37,5,54507.63,1,1,1,136225.85,0
7629,15781864,Green,523,France,Female,46,4,129390.56,3,0,1,184628.88,1
7630,15763613,Wright,684,Spain,Female,55,10,0.0,2,1,1,147684.88,0
7631,15638549,Girard,802,Germany,Female,35,1,145625.7,2,0,1,150603.29,0
7632,15727639,Anderson,398,Germany,Female,34,2,114304.91,1,1,0,171344.08,0
7633,15640692,Adams,617,Spain,Male,27,10,0.0,1,1,0,65541.68,0
7634,15815028,Jackson,742,Germany,Female,34,0,172222.64,1,0,1,158171.69,0
7635,15695627,Green,624,France,Female,43,3,140818.71,1,0,0,168621.67,0
7636,15685058,Fischer,656,France,Female,34,3,123778.69,2,1,1,148129.87,0
7637,15572355,Walker,668,France,Male,34,8,0.0,1,0,1,136426.34,0
7638,15664574,Johnson,680,Spain,Male,59,8,0.0,2,0,0,37678.52,0
7639,15663066,Lewis,572,Germany,Female,40,9,117280.81,3,0,1,191623.45,1
7640,15739646,Jackson,724,France,Female,40,1,99670.3,1,1,0,56857.15,1
7641,15779124,Davis,675,France,Female,43,2,0.0,2,0,0,83182.82,0
7642,15710941,Fernandez,539,Spain,Female,48,5,93274.15,1,1,0,13964.01,1
7643,15663232,Clark,605,France,Male,38,8,0.0,2,1,1,4341.15,0
7644,15754945,Castillo,513,Germany,Female,30,6,133709.04,2,1,0,33816.96,0
7645,15642767,Fournier,671,Germany,Male,42,5,44141.72,2,0,0,124280.41,1
7646,15756120,Davis,698,France,Male,50,8,0.0,2,1,0,58915.8,0
7647,15724564,Roberts,671,France,Male,42,2,0.0,1,1,0,175840.15,0
7648,15738042,Hall,703,France,Male,46,9,126020.59,1,1,1,4034.63,0
7649,15601616,Walker,663,France,Male,34,7,125555.1,2,1,0,39174.05,0
7650,15755008,Muller,724,Germany,Female,31,2,179753.5,3,1,1,16314.26,1
7651,15651630,King,638,Spain,Male,39,4,92310.81,2,1,0,20479.21,0
7652,15731736,Williams,718,France,Female,32,3,0.0,1,1,0,47623.66,0
7653,15785856,Allen,525,Germany,Male,55,3,156340.54,2,1,1,172994.25,0
7654,15691294,Ramirez,514,France,Female,43,7,100679.43,1,0,0,171122.78,1
7655,15739177,Walker,658,France,Male,33,3,0.0,2,1,0,65456.85,0
7656,15693338,Diaz,716,Spain,Female,28,9,104642.69,1,1,0,15141.53,0
7657,15805502,Schmidt,623,Spain,Female,50,1,0.0,2,1,0,136559.56,0
7658,15782663,Walker,712,Spain,Male,29,1,130309.52,3,1,0,139274.23,1
7659,15752889,Wagner,680,France,Male,37,10,0.0,2,0,0,184837.02,0
7660,15609184,Rodriguez,451,Germany,Male,40,7,120606.27,3,0,0,183808.94,1
7661,15596162,Moreau,850,France,Male,29,4,0.0,1,1,0,51742.86,1
7662,15656213,Walker,528,Spain,Male,36,2,121566.95,1,1,0,176939.26,0
7663,15603489,Nguyen,558,Germany,Male,52,2,106383.17,2,0,0,106245.64,1
7664,15694006,Bernard,762,Spain,Female,26,1,0.0,1,1,0,182951.1,0
7665,15616747,Allen,652,France,Male,50,9,0.0,2,0,0,135085.25,0
7666,15790000,Allen,576,France,Male,39,3,106227.68,1,0,1,92882.61,0
7667,15808841,Lewis,604,Spain,Male,32,10,0.0,1,0,0,115630.8,0
7668,15698490,Martin,565,France,Male,26,8,87400.94,2,0,0,47020.58,0
7669,15569093,Clark,572,Germany,Male,36,3,137839.71,1,1,0,113805.17,0
7670,15778338,Wright,727,Germany,Female,32,8,115082.18,1,1,0,54166.45,0
7671,15736159,Nelson,602,Spain,Female,36,5,0.0,2,1,1,88354.12,0
7672,15686768,Bernard,546,France,Male,44,5,142053.91,2,1,0,59458.39,0
7673,15596975,Harris,576,Spain,Male,26,8,0.0,1,0,0,88667.53,0
7674,15814171,Rodriguez,635,France,Male,38,7,94526.33,1,0,0,171884.2,0
7675,15630491,Green,577,France,Female,60,2,0.0,2,1,0,113412.12,0
7676,15731666,Ramirez,620,Germany,Male,33,4,57256.3,2,0,0,9828.87,0
7677,15724462,Diaz,684,France,Female,42,10,148628.64,1,1,0,139523.77,1
7678,15802186,Walker,603,Spain,Female,24,2,0.0,2,1,0,132297.02,0
7679,15754347,Wagner,567,Spain,Female,26,7,109418.26,1,1,0,17903.05,0
7680,15602179,Romero,582,Spain,Male,31,9,0.0,1,0,0,62409.76,0
7681,15601502,Davis,785,Spain,Female,53,6,117544.24,2,1,1,50708.7,1
7682,15571838,Perez,850,Germany,Male,32,0,127152.9,1,1,1,92065.25,0
7683,15672706,Moore,654,France,Male,42,9,128435.81,3,1,1,76406.47,1
7684,15756478,Walker,720,Spain,Female,32,9,128362.92,3,1,0,165570.26,1
7685,15607379,Garcia,559,France,Female,27,7,0.0,1,0,1,78159.93,0
7686,15725958,Davis,593,Spain,Male,35,8,118336.93,1,1,0,23659.09,0
7687,15656117,Rodriguez,694,France,Male,43,0,139202.73,2,1,1,56796.26,0
7688,15654531,Dubois,421,Germany,Male,50,7,84204.3,2,1,0,27970.87,1
7689,15658919,Harris,725,France,Female,36,8,0.0,1,0,0,65077.61,0
7690,15661367,Nguyen,595,France,Male,42,6,0.0,2,1,0,170266.62,0
7691,15796785,Wilson,545,France,Male,38,5,0.0,1,1,1,106579.62,0
7692,15801172,Gonzalez,688,France,Male,39,8,0.0,1,1,1,71701.85,0
7693,15814175,Miller,790,France,Female,30,7,143421.04,1,0,0,179298.52,0
7694,15787405,Weber,620,France,Female,30,0,94069.6,1,1,0,91728.8,0
7695,15566639,Nelson,678,France,Male,28,2,63567.04,1,1,0,146405.41,1
7696,15691363,Jackson,694,Germany,Female,33,6,167148.69,2,1,1,40501.89,0
7697,15690191,Moore,673,France,Male,47,6,157115.97,1,0,1,73717.05,0
7698,15629134,Adams,553,Spain,Female,57,2,106607.84,1,1,1,101419.47,1
7699,15756931,Fischer,672,France,Female,47,1,142906.52,2,1,0,102502.69,0
7700,15748779,Lee,668,Germany,Male,42,7,128461.47,2,1,0,160297.25,0
7701,15602002,Thomas,385,France,Female,37,3,114603.18,1,1,1,115882.76,0
7702,15583198,Baker,733,Germany,Female,47,7,173978.16,2,1,0,179510.3,0
7703,15674273,Scott,504,Germany,Male,88,7,100463.12,1,1,0,183401.38,1
7704,15712169,Moore,662,Germany,Male,40,2,77870.47,2,0,1,86686.16,0
7705,15683248,Carter,797,France,Female,43,8,124448.93,1,0,1,136636.43,0
7706,15757493,Williams,626,Germany,Male,40,1,102574.73,1,1,1,156898.44,1
7707,15727607,Laurent,549,France,Male,63,4,0.0,1,1,1,72894.33,0
7708,15784586,Williams,704,France,Male,36,6,111195.87,1,0,1,56650.85,0
7709,15598090,Thompson,786,France,Female,30,9,0.0,2,1,0,175722.74,0
7710,15761153,Vargas,542,Germany,Female,45,10,113432.46,4,1,1,118709.56,1
7711,15737430,Schmidt,421,France,Female,30,7,0.0,2,1,0,37793.89,0
7712,15654987,Carter,765,Spain,Male,40,7,74003.21,1,1,1,115644.97,0
7713,15652781,Davis,733,France,Female,37,5,112376.26,2,0,1,44445.16,0
7714,15594473,Schneider,687,France,Male,42,5,0.0,1,1,0,92744.56,0
7715,15690881,Lewis,475,France,Female,38,6,69651.98,2,0,0,135953.72,0
7716,15570695,Diaz,708,France,Female,25,10,133603.62,1,1,1,166070.65,0
7717,15789221,Martin,750,Germany,Male,44,7,105463.21,2,1,1,80609.93,0
7718,15689929,Rodriguez,850,Spain,Female,41,9,131723.18,1,1,0,19850.09,1
7719,15618241,Laurent,623,Spain,Male,51,6,127057.36,2,0,0,155018.09,1
7720,15633126,Thompson,665,France,Male,31,8,0.0,1,1,1,132922.77,0
7721,15763005,Ramirez,441,France,Female,24,9,115572.04,2,1,0,124301.2,0
7722,15621361,Schmidt,744,Spain,Male,45,4,0.0,1,1,1,61723.77,0
7723,15591769,Bernard,742,France,Female,44,7,0.0,1,1,1,8879.18,1
7724,15570603,Weber,689,France,Male,43,5,0.0,2,1,1,119177.07,0
7725,15759836,Harris,765,Spain,Male,22,5,0.0,2,1,0,155440.28,0
7726,15757777,Martin,574,France,Female,67,2,0.0,1,1,0,60728.0,1
7727,15756113,Fournier,629,France,Male,21,9,0.0,2,0,1,136826.97,0
7728,15771764,Williams,633,France,Female,24,8,0.0,2,1,0,25805.9,0
7729,15582790,Davis,757,Germany,Female,27,10,78535.43,1,1,0,146017.43,0
7730,15691132,Smith,759,France,Male,46,3,99037.94,1,1,1,170829.88,0
7731,15704162,Jackson,681,Germany,Male,52,10,131771.66,1,0,1,77873.05,0
7732,15681090,Nelson,676,France,Male,38,7,98314.84,1,1,0,27099.74,0
7733,15605343,Roberts,703,France,Female,44,3,97082.65,1,1,1,97112.54,0
7734,15725402,Laurent,617,France,Male,30,9,0.0,2,1,1,116885.36,0
7735,15765417,Fischer,782,Spain,Female,29,6,145667.73,2,1,1,23165.35,0
7736,15699163,Nelson,606,France,Female,25,6,130727.49,1,1,0,38969.74,0
7737,15673639,Rodriguez,692,Germany,Male,44,8,143864.76,1,1,1,12902.38,1
7738,15776398,Lee,592,France,Female,51,1,0.0,1,1,0,169280.38,1
7739,15698930,Moreau,742,France,Male,27,5,117799.12,1,0,0,75995.57,0
7740,15756641,Fernandez,640,France,Male,30,0,142557.89,2,0,1,111411.92,0
7741,15707737,Castillo,850,Germany,Male,33,4,95703.09,1,1,1,138295.34,0
7742,15762324,Laurent,638,France,Female,28,7,150109.89,1,1,0,50647.89,0
7743,15775392,Thomas,741,Spain,Male,41,10,0.0,2,1,0,153126.92,0
7744,15728340,Nelson,589,Spain,Female,34,2,0.0,1,1,0,32982.26,1
7745,15675522,Wilson,620,Spain,Male,54,9,0.0,2,1,1,197782.86,1
7746,15720706,Castillo,646,Germany,Female,31,0,70893.3,2,0,1,93665.12,0
7747,15594592,Bernard,684,Germany,Female,47,0,102813.1,2,1,0,98867.09,0
7748,15626024,Martinez,578,Germany,Female,26,3,49846.2,1,1,1,111173.49,0
7749,15608503,Williams,595,France,Male,31,3,0.0,2,1,0,58158.62,0
7750,15657749,Nelson,659,Spain,Male,38,6,0.0,1,1,0,91016.33,0
7751,15618199,Hill,689,Spain,Male,41,2,160054.92,1,1,0,8072.28,0
7752,15658980,Johnson,646,France,Male,57,6,0.0,1,1,1,166995.61,0
7753,15780200,Robinson,633,Spain,Female,40,10,0.0,1,0,1,188286.89,0
7754,15673290,Lee,521,Spain,Male,40,1,104847.28,1,0,0,74784.42,1
7755,15639164,Martinez,699,France,Male,29,4,0.0,1,1,1,168867.83,0
7756,15765091,Sanchez,732,Spain,Female,30,6,0.0,1,1,0,129217.91,0
7757,15739024,Hoffmann,743,France,Male,32,4,114685.02,2,0,1,60240.32,0
7758,15775706,Flores,665,France,Female,37,4,113392.97,2,1,1,44124.47,0
7759,15729126,Dubois,591,France,Male,36,0,135428.88,2,1,1,113645.0,0
7760,15632924,Navarro,619,Germany,Male,41,5,87670.37,2,1,0,52991.58,0
7761,15779523,Adams,665,France,Female,55,10,0.0,1,1,0,136765.42,1
7762,15691767,Schmidt,648,Spain,Male,37,9,126818.92,1,1,1,52282.65,0
7763,15722682,Walker,568,France,Female,46,8,66695.43,2,1,1,171292.47,0
7764,15678578,Robinson,487,France,Male,30,0,0.0,1,1,1,174061.76,0
7765,15647007,Rodriguez,596,Germany,Male,57,1,100197.06,2,1,0,98349.84,1
7766,15755925,Robinson,623,France,Male,37,5,0.0,1,1,1,116621.26,0
7767,15750640,Martin,680,Germany,Male,57,3,134552.68,2,1,1,71922.49,0
7768,15696048,Gonzalez,610,France,Female,34,1,0.0,2,1,0,175387.44,0
7769,15682823,Schmidt,626,Spain,Male,33,2,91731.54,1,0,1,177638.04,0
7770,15727882,Wright,661,Germany,Female,31,2,138870.89,2,1,1,124425.29,0
7771,15650988,Mitchell,802,France,Female,28,1,148459.69,1,1,0,24053.12,0
7772,15643153,Scott,634,France,Male,49,6,149489.89,1,0,0,103153.2,0
7773,15780956,Hall,500,France,Female,30,4,0.0,2,0,1,137758.92,0
7774,15753230,Schneider,584,Spain,Male,40,7,0.0,2,1,0,186688.1,0
7775,15815640,Garcia,825,Germany,Female,27,2,68553.93,1,1,0,186770.62,1
7776,15670510,Moore,789,France,Male,63,6,41778.83,1,1,1,155993.04,0
7777,15812258,Green,741,France,Female,49,2,82386.4,1,1,0,2545.53,1
7778,15713831,Alvarez,718,Spain,Male,48,10,100083.18,1,0,1,81826.56,1
7779,15743534,Meyer,719,France,Male,39,1,125890.19,2,1,1,186670.91,0
7780,15752362,Moreau,627,Germany,Male,36,8,144820.96,2,1,1,75290.64,0
7781,15722412,Ruiz,734,Spain,Male,32,7,0.0,1,1,0,121067.49,0
7782,15568337,Anderson,738,France,Female,57,2,162660.83,1,1,0,166403.19,1
7783,15711940,Thompson,732,Germany,Male,26,0,92602.8,2,1,1,40402.98,0
7784,15667071,Williams,592,France,Female,44,6,0.0,2,1,0,39395.54,0
7785,15770462,Wagner,619,France,Male,30,0,0.0,2,0,1,185003.6,0
7786,15637330,Hall,588,Spain,Male,27,6,134320.45,2,1,0,167441.75,0
7787,15684941,Meyer,747,Germany,Male,34,7,126302.11,2,1,1,87204.98,0
7788,15769019,Moreau,679,Spain,Male,34,7,0.0,1,1,0,183458.88,0
7789,15628346,Hall,688,Germany,Female,41,10,164194.32,2,0,0,112557.49,0
7790,15629170,Diaz,706,France,Male,51,4,0.0,2,1,1,43770.52,0
7791,15786690,Wilson,513,Germany,Female,35,5,50693.91,2,0,1,70644.66,0
7792,15729157,Moreau,736,France,Male,24,10,113599.45,2,0,1,162840.37,0
7793,15665081,Dubois,598,France,Male,30,9,131632.93,2,1,1,109523.87,0
7794,15567481,White,606,France,Male,35,5,119589.68,2,1,0,5237.29,0
7795,15775282,Martin,569,Germany,Female,33,4,207220.47,1,1,1,102049.21,1
7796,15572314,Thomas,658,Germany,Male,44,8,136285.45,2,1,1,2696.16,0
7797,15796682,Thompson,644,France,Female,41,6,136188.24,2,1,1,33081.55,0
7798,15644373,King,515,Spain,Male,46,5,80966.0,2,1,1,130614.39,0
7799,15714111,Romero,476,France,Male,23,8,0.0,1,1,1,124577.76,0
7800,15572440,Laurent,630,France,Female,49,8,0.0,1,0,0,108357.64,1
7801,15708200,Weber,729,France,Female,25,4,129356.97,1,1,0,124012.22,0
7802,15791704,Taylor,720,Spain,Female,43,4,122013.58,1,1,1,82524.78,0
7803,15631190,Schmidt,747,France,Male,53,7,0.0,2,1,0,1259.76,1
7804,15736470,Adams,631,France,Female,24,0,99652.34,2,1,0,131742.99,0
7805,15719503,Hall,616,France,Male,22,8,132652.9,1,1,1,144319.31,0
7806,15614060,Clark,639,Germany,Female,36,5,100440.28,2,0,0,112266.34,0
7807,15738516,Carter,728,Spain,Male,33,9,205268.44,2,1,0,121459.7,1
7808,15654461,Anderson,806,France,Female,27,6,0.0,2,0,0,37209.03,0
7809,15687978,Fernandez,605,Spain,Male,22,4,0.0,2,0,1,50559.62,0
7810,15787210,Alvarez,624,France,Female,50,1,112773.78,2,1,0,108120.27,0
7811,15809734,Meyer,653,France,Female,27,0,0.0,2,1,1,57685.98,0
7812,15581008,Smith,624,Germany,Female,80,7,118983.78,1,1,0,44997.47,1
7813,15715999,Rodriguez,594,Germany,Male,27,2,85848.45,2,1,0,156128.72,0
7814,15801784,Moreau,638,France,Male,28,9,92555.32,1,1,0,123204.86,0
7815,15609319,Laurent,573,Germany,Female,21,5,169167.4,2,1,0,20472.05,0
7816,15708268,Laurent,720,France,Female,27,9,0.0,2,1,1,167760.58,0
7817,15718256,Fournier,793,Germany,Female,29,5,147848.3,2,1,0,106647.95,0
7818,15814213,King,622,Germany,Male,36,4,106133.51,2,0,1,150268.79,0
7819,15727862,Young,811,Spain,Male,43,1,0.0,2,1,0,109578.16,0
7820,15711593,Thompson,640,France,Male,31,4,124334.29,2,0,1,94908.55,0
7821,15586395,Meyer,582,Germany,Female,43,9,98817.97,1,1,1,142211.27,0
7822,15805979,Alvarez,717,Germany,Male,59,9,215443.18,1,1,1,94690.71,1
7823,15643221,Meyer,560,France,Male,34,5,0.0,3,0,1,128328.28,1
7824,15777761,Adams,711,France,Female,32,10,0.0,2,1,0,113512.84,0
7825,15664523,Nelson,675,Spain,Female,28,0,136874.75,1,0,1,143260.8,0
7826,15789253,Diaz,611,France,Female,36,0,129372.36,1,0,0,156737.43,0
7827,15603513,Martin,601,Spain,Male,56,0,106719.21,1,1,0,141476.4,0
7828,15583613,Garcia,565,France,Male,36,0,0.0,3,1,0,184399.85,0
7829,15603103,Schmidt,750,Spain,Male,43,0,130546.66,2,1,0,187886.43,0
7830,15746934,King,628,France,Male,36,0,98088.56,1,0,1,21720.34,0
7831,15805352,Wilson,680,Spain,Female,36,8,0.0,1,0,1,122056.12,0
7832,15681925,Flores,649,Germany,Male,75,5,127202.25,1,1,1,116493.92,0
7833,15740882,Hall,629,France,Male,40,8,114929.02,1,0,1,9400.64,0
7834,15731989,Martinez,682,Germany,Male,47,8,123780.29,1,1,1,76859.31,0
7835,15766495,Diaz,700,Germany,Female,42,7,136019.54,2,0,0,53082.04,0
7836,15787691,Perez,663,France,Female,36,1,0.0,2,1,0,84001.08,0
7837,15731824,Sanchez,632,France,Male,22,1,132278.27,1,0,1,154315.61,0
7838,15614455,Clark,545,Germany,Male,31,7,126342.36,1,1,1,57962.41,0
7839,15652419,Anderson,591,Germany,Male,56,10,147573.65,2,1,0,184894.98,1
7840,15812719,Mitchell,620,France,Female,24,1,0.0,1,1,1,175982.91,0
7841,15621975,Schneider,652,Spain,Male,30,6,0.0,1,0,1,126563.73,0
7842,15660776,Sanchez,481,France,Male,30,0,115608.88,1,1,0,197296.92,0
7843,15730107,Navarro,710,France,Female,49,2,93934.66,2,0,1,2891.4,0
7844,15801984,Meyer,681,Germany,Male,57,6,142003.14,1,1,1,70199.33,1
7845,15706833,Wright,594,France,Female,26,7,121017.15,2,1,1,49653.07,0
7846,15601329,Williams,561,France,Male,35,6,0.0,2,1,1,28468.98,0
7847,15783852,Vargas,583,Germany,Female,48,4,82920.56,1,1,1,153535.69,0
7848,15618423,Johnson,522,France,Male,31,3,0.0,2,1,0,102102.99,0
7849,15682531,Hoffmann,617,France,Male,43,8,0.0,2,1,0,184595.62,0
7850,15576520,Diaz,633,Germany,Male,34,3,122831.93,2,0,0,79237.74,0
7851,15765975,Martin,739,Germany,Male,68,7,198143.64,1,0,1,191831.06,0
7852,15777475,Perez,696,Spain,Female,31,3,114357.38,1,1,1,127682.55,0
7853,15624238,Becker,771,Germany,Male,45,5,102594.08,2,1,0,73536.91,0
7854,15673265,Nelson,661,France,Male,32,10,159388.37,1,0,0,129908.54,0
7855,15684889,Hill,562,France,Female,38,4,129899.11,2,1,0,177655.61,0
7856,15755758,Harris,819,Spain,Male,26,9,0.0,2,1,1,11229.49,0
7857,15621320,Brown,619,France,Female,43,0,162961.96,2,1,1,87179.86,0
7858,15647271,Robinson,500,France,Female,51,5,109560.55,2,1,0,10542.06,0
7859,15699976,Ramirez,671,Spain,Male,26,5,102379.47,2,0,0,124866.72,0
7860,15811333,Castillo,496,Germany,Female,30,10,141992.52,2,1,1,2560.21,0
7861,15717384,Fernandez,642,Germany,Female,49,2,95757.64,1,1,0,102757.6,1
7862,15755376,Jones,604,France,Female,33,6,105952.03,1,1,0,39308.02,0
7863,15787797,Lopez,701,France,Male,35,6,0.0,1,0,1,39360.27,0
7864,15757475,Nguyen,742,France,Male,27,1,0.0,1,0,0,148329.27,1
7865,15632775,Meyer,618,Germany,Female,51,10,164389.19,1,0,1,34107.12,1
7866,15608713,Gonzalez,612,France,Female,26,5,0.0,2,1,0,11516.15,0
7867,15730273,Fournier,724,France,Male,35,4,0.0,2,1,1,77474.33,0
7868,15737905,Clark,576,France,Male,31,9,182092.33,1,0,0,89663.15,0
7869,15665137,Allen,656,Germany,Female,46,0,100625.84,2,0,0,70090.22,0
7870,15646208,Castillo,703,Germany,Female,75,7,121484.75,2,0,1,103428.06,0
7871,15572179,Thompson,573,France,Female,24,0,0.0,2,0,0,72950.92,0
7872,15629003,Roberts,621,France,Female,31,10,146062.29,2,1,0,59008.41,0
7873,15705631,Vargas,660,France,Male,33,8,134242.97,2,1,0,101134.62,0
7874,15681852,White,779,France,Female,26,5,115849.54,2,1,1,6290.81,0
7875,15700983,Miller,533,Germany,Male,36,4,119662.24,2,1,0,4241.95,0
7876,15728594,Fernandez,636,France,Male,47,10,99088.26,1,1,0,174650.28,0
7877,15799280,Wright,781,Germany,Male,39,2,88842.5,1,0,1,132875.05,0
7878,15682493,Young,744,Spain,Female,44,8,110874.54,2,0,1,68752.58,0
7879,15726171,Thompson,623,Spain,Male,30,4,166522.39,2,1,0,70337.42,0
7880,15581103,Moore,643,Spain,Male,44,9,0.0,2,1,0,71305.03,0
7881,15680307,Johnson,695,France,Male,39,8,0.0,2,0,1,173012.98,0
7882,15694857,Adams,697,France,Male,27,10,125388.55,1,0,0,194383.25,0
7883,15751516,Allen,784,France,Male,37,6,0.0,1,1,1,60039.44,0
7884,15723747,Perez,760,Germany,Male,31,3,99805.78,2,1,0,139676.3,0
7885,15794961,Hoffmann,516,France,Male,90,9,0.0,2,1,1,49748.21,0
7886,15632163,Perez,495,France,Male,48,6,131008.46,2,1,1,147395.95,0
7887,15576565,Clark,597,France,Female,38,7,125057.56,1,1,1,190160.19,0
7888,15815081,Nelson,470,France,Female,54,2,165558.18,2,1,1,7371.42,0
7889,15626003,Lopez,777,Germany,Female,44,5,156154.92,1,1,0,12798.03,1
7890,15598336,Williams,505,Germany,Male,27,9,82072.44,2,1,0,159267.48,0
7891,15602294,Moreau,621,Germany,Male,60,4,89017.1,1,1,1,90506.54,0
7892,15807785,Meyer,565,Spain,Male,26,6,36279.97,2,0,0,111039.05,0
7893,15620350,Miller,496,France,Female,57,2,125821.06,1,1,0,77932.72,0
7894,15803707,Hill,765,France,Male,39,1,0.0,2,1,1,10844.4,0
7895,15761812,Williams,594,France,Male,36,8,179501.3,1,1,1,80513.05,0
7896,15660950,Gonzalez,835,Germany,Female,30,4,104963.93,1,1,1,29748.95,0
7897,15587552,Adams,786,Germany,Female,40,2,110047.43,1,1,1,64915.68,0
7898,15797921,Young,650,France,Male,43,1,98926.78,1,1,1,34507.74,1
7899,15699191,Allen,447,Spain,Female,42,1,122680.52,2,1,1,171198.98,0
7900,15602027,Garcia,617,France,Male,39,5,0.0,2,1,0,50057.52,0
7901,15677510,Bernard,850,France,Male,35,3,56774.86,2,1,0,116885.9,0
7902,15770306,Romero,692,Germany,Male,45,0,153541.9,2,0,1,197077.02,0
7903,15654249,Walker,634,Spain,Female,33,5,0.0,1,0,1,198006.63,0
7904,15653259,Thompson,591,Germany,Male,36,10,111141.3,1,1,0,130938.26,0
7905,15735781,Garcia,736,Spain,Female,41,10,87466.1,1,0,1,61721.19,1
7906,15711939,Adams,686,France,Male,37,6,0.0,1,0,1,100910.81,0
7907,15746262,Anderson,678,Germany,Female,26,6,78362.32,1,1,1,101434.03,0
7908,15676786,Alvarez,760,Spain,Female,39,10,131733.77,1,0,0,175322.78,0
7909,15596229,Adams,755,Germany,Female,39,8,106521.14,1,1,1,143602.54,1
7910,15797412,Hall,692,France,Female,38,1,135991.56,1,1,0,176570.88,1
7911,15572513,Lee,496,Spain,Female,35,5,139732.24,1,1,1,3195.19,0
7912,15681994,Williams,555,France,Female,34,4,0.0,1,1,1,194710.87,0
7913,15686750,Lewis,590,France,Male,37,1,0.0,1,1,0,136589.51,0
7914,15726626,Alvarez,646,Spain,Female,30,10,0.0,1,1,1,186098.05,0
7915,15798884,Thomas,795,Spain,Male,56,6,105573.55,1,1,0,158240.82,0
7916,15709103,Torres,849,Spain,Male,41,7,0.0,2,1,0,140843.06,0
7917,15723692,Meyer,688,Spain,Male,40,8,164230.98,2,1,0,14576.62,0
7918,15607066,Wagner,703,France,Male,22,0,0.0,1,1,0,28895.16,0
7919,15575820,Laurent,503,Spain,Female,51,3,68923.33,1,1,1,41922.36,0
7920,15761166,Young,609,France,Male,29,9,0.0,1,0,1,98147.96,1
7921,15720896,Jackson,596,Germany,Male,32,2,159096.54,1,1,1,154755.46,0
7922,15615856,Green,588,France,Female,32,2,0.0,1,0,0,47115.06,0
7923,15757616,Mitchell,706,Spain,Female,41,6,0.0,1,0,0,196090.92,0
7924,15671248,Rodriguez,606,Germany,Male,29,2,97470.59,1,1,0,132949.86,0
7925,15647229,Lopez,466,Spain,Female,46,9,128057.26,1,1,0,147901.86,0
7926,15730696,Thomas,732,France,Male,40,8,207629.85,2,0,0,180267.94,0
7927,15602872,Robinson,767,France,Male,31,8,119728.49,1,1,1,102713.51,0
7928,15806244,Campbell,678,France,Female,27,7,114962.33,1,1,1,29047.42,1
7929,15664235,Flores,634,France,Female,40,1,0.0,2,0,1,85551.27,0
7930,15797983,Thomas,563,Germany,Female,25,7,125934.82,1,1,1,106037.02,0
7931,15809192,Brown,569,France,Male,30,1,101160.15,1,1,1,194203.54,1
7932,15602808,Adams,754,Germany,Male,36,0,70464.44,1,1,0,14350.95,1
7933,15607482,Lee,577,France,Male,35,10,0.0,2,0,0,65765.21,0
7934,15726844,Flores,845,France,Female,31,2,0.0,2,1,0,149117.81,0
7935,15571491,Johnson,742,Germany,Male,45,7,114025.82,2,0,0,141089.63,0
7936,15584290,Flores,683,France,Male,30,3,0.0,2,1,0,167088.35,0
7937,15712334,Martin,850,France,Male,31,7,0.0,2,0,1,191498.29,0
7938,15620469,Thompson,774,France,Female,38,4,0.0,1,1,0,112801.99,0
7939,15597317,Adams,608,France,Male,38,4,87562.8,2,0,1,170921.5,0
7940,15701502,Young,551,Germany,Female,27,0,126560.35,2,0,0,192519.7,0
7941,15760775,Weber,609,France,Male,37,5,0.0,1,1,1,26011.27,1
7942,15682909,Mitchell,640,France,Male,32,7,0.0,1,1,0,117561.61,0
7943,15637199,Romero,576,Germany,Male,32,7,79966.67,1,0,1,90817.68,0
7944,15760755,Navarro,541,Germany,Male,40,9,111104.52,1,1,0,154259.43,1
7945,15728570,Fournier,673,Germany,Female,29,6,104653.2,2,1,1,39914.17,0
7946,15742978,Hall,736,France,Female,34,10,143636.82,2,1,1,171682.9,0
7947,15813232,Brown,830,Spain,Male,36,6,0.0,1,1,1,89418.39,0
7948,15790329,Johnson,657,France,Male,40,8,0.0,1,1,1,73081.97,0
7949,15619530,Taylor,708,France,Male,31,1,154369.58,1,1,0,143309.4,1
7950,15788985,Jones,470,Spain,Female,42,2,0.0,1,1,0,66246.55,0
7951,15688030,Schneider,733,Germany,Female,46,6,127171.16,1,0,1,178031.9,0
7952,15815050,Dubois,552,Germany,Female,45,5,98948.38,2,1,1,175129.36,0
7953,15589494,Navarro,680,Spain,Male,27,5,0.0,2,1,1,6487.66,0
7954,15650439,Martinez,646,France,Male,45,10,0.0,2,1,0,36704.38,0
7955,15684088,Muller,627,Spain,Female,46,5,122889.66,1,1,0,147228.38,1
7956,15573331,Thomas,506,Germany,Male,59,0,102647.05,2,1,0,107973.01,0
7957,15735537,King,577,France,Female,28,5,132548.97,2,1,1,16385.2,0
7958,15738246,Adams,557,France,Female,53,2,0.0,2,1,1,82028.31,0
7959,15667205,Becker,592,France,Female,25,0,104797.79,1,1,1,7127.6,0
7960,15605391,Rodriguez,765,Spain,Female,46,2,0.0,1,0,0,51883.87,0
7961,15595769,Walker,616,France,Male,49,0,56011.44,1,1,0,35219.66,1
7962,15570704,Baker,585,France,Female,45,6,0.0,1,1,0,165224.89,0
7963,15601295,Romero,713,Germany,Male,26,5,109073.92,1,1,1,171366.52,0
7964,15727466,Ramirez,682,Germany,Female,52,10,108069.79,2,1,0,165140.45,0
7965,15783788,Nelson,847,France,Male,73,0,167629.06,2,1,0,5349.78,0
7966,15631712,Mitchell,748,Spain,Female,29,5,110292.33,2,1,1,149547.45,0
7967,15621130,Lewis,457,Germany,Female,34,10,137488.37,1,0,0,121078.73,1
7968,15662616,Alvarez,728,Spain,Female,31,6,60806.53,1,1,1,137412.6,0
7969,15743528,Anderson,717,France,Male,43,3,100797.23,1,1,1,9608.1,0
7970,15626142,Ruiz,811,France,Male,33,7,0.0,1,1,1,41293.45,0
7971,15694510,Moore,631,Germany,Female,44,2,146011.17,1,1,0,41808.52,1
7972,15661669,Fournier,756,France,Female,35,9,0.0,1,1,1,32371.82,0
7973,15696981,Baker,616,Germany,Male,38,7,95590.72,1,1,0,114621.82,0
7974,15656229,Ruiz,678,France,Female,37,3,126805.33,1,1,1,66914.97,0
7975,15577901,Fernandez,548,Spain,Female,25,0,0.0,2,1,0,91564.11,0
7976,15615310,Meyer,517,Spain,Female,37,6,0.0,2,1,1,143832.61,0
7977,15768055,Navarro,734,Spain,Female,26,9,146457.62,2,0,1,108987.03,0
7978,15655104,Hill,650,Spain,Female,27,10,125810.12,2,1,0,91014.37,0
7979,15636082,Garcia,526,Spain,Female,53,7,151438.89,1,1,0,181753.92,1
7980,15759542,Romero,729,France,Male,43,10,153268.03,1,1,1,127563.39,0
7981,15747668,Clark,385,France,Female,42,8,84411.15,2,1,1,137311.31,0
7982,15800607,King,571,Spain,Female,38,4,61848.19,1,0,1,35946.8,1
7983,15791594,Adams,489,Spain,Female,68,9,0.0,2,1,1,120588.85,0
7984,15668513,Hall,766,Spain,Female,37,1,122400.65,1,1,1,103121.66,0
7985,15791495,Taylor,608,Spain,Female,36,9,162310.32,2,1,1,188653.3,0
7986,15573893,Jackson,658,France,Male,35,10,130378.92,1,1,1,148139.24,0
7987,15704301,Allen,680,Spain,Male,50,6,167790.75,1,1,1,167738.34,1
7988,15737350,Diaz,728,Spain,Male,37,10,142968.5,2,1,1,131608.48,0
7989,15681148,Harris,717,Germany,Female,40,1,131773.19,1,1,0,65325.9,1
7990,15592804,Martinez,728,Spain,Female,51,1,108014.08,2,1,1,132274.67,0
7991,15609482,Hall,624,Germany,Male,42,3,104270.36,2,1,1,193770.89,0
7992,15580992,Robinson,733,Spain,Male,47,0,66569.17,2,0,1,64507.28,0
7993,15621501,Garcia,586,France,Female,31,2,138841.76,1,1,0,34188.7,0
7994,15756502,Scott,611,Spain,Male,28,2,0.0,2,0,1,62451.06,0
7995,15719958,Clark,501,France,Male,56,5,0.0,1,1,0,155945.34,1
7996,15802122,Lopez,813,France,Male,46,7,0.0,1,1,0,17177.87,0
7997,15620751,Carter,554,France,Female,43,2,0.0,2,0,0,185946.66,0
7998,15691305,Schneider,787,France,Female,40,3,125364.05,1,1,1,142941.28,1
7999,15767090,Smith,702,France,Female,37,8,46498.23,2,0,0,121583.13,0
8000,15651250,Campbell,669,Spain,Male,31,2,0.0,2,1,0,35272.7,0
8001,15700739,Flores,686,Germany,Male,31,3,139775.12,2,0,1,108829.45,0
8002,15744394,Fernandez,547,Spain,Female,28,8,0.0,1,0,0,3210.02,0
8003,15751806,Scott,806,France,Female,26,4,0.0,1,1,0,113612.31,0
8004,15713392,Brown,615,France,Male,29,2,161940.73,2,1,0,59822.55,0
8005,15594718,Garcia,748,Spain,Female,33,8,0.0,1,0,0,107282.45,0
8006,15777263,Miller,597,Germany,Female,56,10,98207.44,1,1,0,72413.26,1
8007,15706171,Dubois,511,Germany,Female,26,9,142924.26,1,1,1,88359.69,0
8008,15760674,Becker,842,Spain,Male,38,4,0.0,1,1,0,111620.21,0
8009,15735339,Nelson,591,Spain,Male,58,0,0.0,1,1,0,190732.71,1
8010,15735216,Becker,695,Germany,Male,50,4,90913.73,2,1,1,196608.1,0
8011,15794669,Ruiz,356,Spain,Female,37,8,0.0,2,1,1,122550.5,0
8012,15611016,Meyer,643,Germany,Female,31,10,88267.14,1,1,1,28144.65,0
8013,15775474,Wagner,709,Germany,Male,24,0,117589.57,1,1,0,9152.25,0
8014,15775781,Becker,664,France,Male,38,1,0.0,1,0,0,198604.1,0
8015,15640608,Walker,640,France,Male,45,3,88830.29,2,1,0,126272.05,0
8016,15747335,Thompson,630,France,Female,31,1,65791.46,1,1,1,119583.88,1
8017,15613896,Dubois,734,Spain,Female,51,1,184907.53,1,1,0,8360.34,1
8018,15587524,Fernandez,525,Germany,Male,36,4,123960.87,2,0,1,188115.47,0
8019,15748084,Weber,627,France,Female,40,2,100061.97,2,0,0,31774.23,0
8020,15571884,Laurent,789,Germany,Male,37,6,115002.19,1,1,0,108038.67,0
8021,15731868,Clark,506,France,Female,50,10,0.0,2,0,0,60409.57,0
8022,15605383,Baker,640,France,Female,51,5,0.0,1,1,0,76683.8,1
8023,15692497,Moreau,543,Spain,Male,43,5,105378.94,2,1,0,65986.55,0
8024,15787841,Jones,679,France,Female,34,10,0.0,2,1,1,52316.55,0
8025,15684192,King,653,France,Female,37,6,165188.7,1,1,0,52055.28,0
8026,15726402,Anderson,558,France,Female,69,10,164885.49,2,1,0,16490.71,0
8027,15776430,Wilson,652,France,Female,59,10,123309.07,2,1,0,4354.9,1
8028,15661802,Campbell,656,Germany,Male,37,0,166325.8,2,1,1,80935.0,0
8029,15802918,Nelson,591,Spain,Female,28,10,67597.02,1,0,1,16423.53,0
8030,15741332,Jackson,610,Germany,Female,48,1,124441.49,2,1,0,69138.21,1
8031,15717608,Gonzalez,587,Germany,Male,33,2,39174.27,1,0,1,48134.06,1
8032,15689456,Muller,429,France,Female,55,6,163749.14,1,1,1,99528.15,1
8033,15753696,Wilson,740,Germany,Male,31,8,133475.18,2,1,1,126144.77,0
8034,15683610,Taylor,766,France,Female,33,10,0.0,2,0,0,77819.33,0
8035,15805311,Scott,480,France,Male,27,5,0.0,2,0,1,91688.29,0
8036,15776624,Lewis,767,Spain,Male,63,3,0.0,1,1,0,197844.16,0
8037,15783147,Ramirez,689,France,Male,29,4,0.0,1,1,0,87698.91,0
8038,15815095,Young,543,France,Female,47,4,0.0,1,1,1,83082.1,0
8039,15728620,Laurent,630,France,Female,35,3,0.0,2,0,0,113619.17,0
8040,15605896,Garcia,582,Spain,Male,33,2,0.0,2,1,1,6037.69,0
8041,15796525,Alvarez,740,France,Male,32,7,0.0,1,1,1,98238.91,0
8042,15733891,Moreau,561,France,Female,55,10,119031.55,1,0,1,8321.69,0
8043,15629971,Miller,850,Spain,Female,83,6,112826.84,2,1,0,55374.08,0
8044,15794083,Garcia,762,France,Male,53,1,0.0,1,1,0,155864.15,1
8045,15657012,Walker,531,Spain,Female,25,7,104572.28,1,1,0,41426.53,0
8046,15584641,Torres,809,France,Male,47,6,0.0,2,1,1,98234.54,0
8047,15661455,Meyer,721,Germany,Male,35,4,67731.91,1,1,1,138731.95,0
8048,15793188,Lee,635,Spain,Male,36,0,0.0,2,1,0,195573.16,0
8049,15694821,Lee,716,Germany,Female,29,8,106423.11,2,1,1,128332.01,0
8050,15665463,Campbell,740,Germany,Male,39,6,100991.39,1,1,1,176642.75,0
8051,15776043,Carter,576,France,Female,37,2,0.0,2,1,0,40883.65,0
8052,15596073,Walker,731,Germany,Male,43,4,157166.06,2,1,0,15212.06,0
8053,15621461,Becker,608,Spain,Female,35,5,0.0,2,0,1,98489.29,0
8054,15735342,Carter,729,Germany,Male,48,6,143206.13,2,1,1,114078.82,0
8055,15702709,Baker,637,Spain,Male,38,7,0.0,1,1,1,64297.59,0
8056,15593831,Robinson,552,Germany,Male,38,0,165220.56,4,0,0,143823.57,1
8057,15611010,Rodriguez,711,Germany,Male,37,5,100701.0,2,1,1,110119.32,0
8058,15642539,Davis,613,France,Male,47,1,0.0,1,1,0,117828.17,0
8059,15583801,Castillo,665,Germany,Female,33,1,113431.2,2,1,0,179441.63,0
8060,15638154,Becker,690,Spain,Female,43,1,0.0,2,1,1,33201.77,0
8061,15614307,Perez,793,Germany,Female,38,6,83374.69,1,1,1,65184.84,0
8062,15701921,Thomas,608,France,Male,55,9,0.0,2,1,1,152029.65,0
8063,15781449,Sanchez,568,Germany,Female,34,10,151584.87,1,0,1,99208.0,1
8064,15787648,Schmidt,810,Spain,Male,48,7,102418.18,1,1,1,177391.88,0
8065,15633920,Wilson,650,Spain,Female,41,8,104740.71,2,1,1,31529.57,0
8066,15668195,Baker,597,France,Female,53,1,99090.89,2,1,1,91222.95,1
8067,15601288,Navarro,685,France,Male,38,0,83901.9,2,1,0,153823.51,0
8068,15618839,Rivera,617,France,Male,33,3,0.0,2,1,0,125401.56,0
8069,15755830,Gonzalez,624,France,Female,33,3,0.0,1,1,1,29180.95,0
8070,15697951,Ruiz,850,Spain,Male,39,4,127828.97,2,0,0,139827.02,0
8071,15722789,Thompson,554,France,Female,37,7,102802.71,1,1,1,109076.68,0
8072,15657128,Thompson,511,Germany,Female,34,1,108552.59,1,1,1,194510.81,0
8073,15739064,Schneider,769,France,Male,40,1,129963.46,1,0,1,126863.13,0
8074,15733203,Nelson,613,France,Male,22,9,0.0,2,1,1,63982.89,0
8075,15603058,Laurent,681,Spain,Male,35,6,146592.44,1,0,0,108173.78,0
8076,15634177,Navarro,712,France,Female,37,3,0.0,2,1,0,26703.31,0
8077,15617764,Baker,480,France,Male,25,9,85294.37,2,1,1,149535.76,0
8078,15609232,Ruiz,761,France,Male,29,7,110853.85,1,1,0,171649.86,0
8079,15742347,Perez,596,Spain,Male,29,9,131972.08,1,1,1,117270.96,0
8080,15568285,Alvarez,834,Spain,Female,37,7,0.0,1,1,1,113411.96,0
8081,15715558,Torres,573,France,Female,35,5,41718.61,1,1,1,21888.06,0
8082,15667475,Vargas,802,Germany,Female,35,10,100824.5,1,1,0,36060.64,1
8083,15661262,Weber,819,France,Female,25,10,43553.65,1,0,1,191884.43,0
8084,15761087,Fischer,603,Germany,Female,50,8,142706.2,2,0,0,79483.48,0
8085,15703220,Adams,632,France,Female,54,6,0.0,1,1,1,155101.49,0
8086,15659925,Thomas,620,Spain,Male,27,0,150778.05,1,1,0,178422.29,0
8087,15668825,Moreau,797,Spain,Male,34,9,112839.11,1,1,1,18266.68,0
8088,15806887,Thomas,667,France,Female,35,1,113124.37,1,1,0,177979.67,0
8089,15582103,Williams,702,France,Male,41,0,0.0,1,1,1,34277.17,0
8090,15624509,Campbell,636,France,Male,33,4,0.0,1,1,1,154272.3,0
8091,15607085,Moore,696,France,Female,48,0,0.0,2,1,1,53807.95,0
8092,15680297,Schmidt,702,France,Female,28,1,146203.36,2,1,1,169567.57,0
8093,15650765,Dubois,592,France,Male,45,5,0.0,2,0,0,91596.86,0
8094,15733839,Moore,822,Spain,Male,41,4,0.0,2,0,0,92909.86,0
8095,15779937,Mitchell,630,France,Male,27,1,161456.67,1,0,1,116277.8,0
8096,15741273,Dubois,750,Spain,Male,34,10,164214.36,2,1,1,170335.73,0
8097,15613428,Flores,528,France,Male,28,2,102069.37,1,1,1,59790.14,0
8098,15608783,Nelson,716,Germany,Male,64,2,120409.34,1,1,0,195704.62,0
8099,15607053,Flores,753,France,Female,36,8,0.0,1,1,1,166900.29,0
8100,15691998,Martinez,676,Spain,Male,33,7,0.0,2,1,1,77233.75,0
8101,15778977,Jones,754,France,Male,25,3,0.0,2,0,1,5428.93,0
8102,15613323,Schmidt,581,France,Female,40,2,115894.89,2,0,1,35116.28,0
8103,15715342,Girard,696,Germany,Male,34,10,97542.17,2,0,1,111293.92,0
8104,15606820,Johnson,502,Germany,Male,45,0,127201.47,1,1,0,166056.42,1
8105,15662741,Jackson,664,Germany,Male,57,7,91486.43,2,1,1,188689.08,0
8106,15688311,Smith,573,France,Female,46,1,73168.16,1,0,0,76098.28,0
8107,15755478,Green,643,France,Male,29,0,48092.09,1,1,0,8255.6,0
8108,15576578,Girard,784,Spain,Male,33,1,68102.41,1,1,1,141097.77,0
8109,15701703,Thomas,819,Germany,Female,27,6,83303.39,1,1,1,62364.4,0
8110,15575369,Lee,526,Germany,Female,31,3,120488.64,2,1,1,118825.5,0
8111,15761266,Nguyen,771,France,Female,49,7,129409.94,2,1,0,80265.2,0
8112,15587242,Nelson,786,France,Female,32,10,0.0,2,1,0,126299.3,0
8113,15806031,Anderson,681,Spain,Female,45,0,0.0,2,0,1,49828.38,0
8114,15760958,Anderson,782,Germany,Male,32,6,128984.57,1,1,1,31321.46,1
8115,15785009,Anderson,610,France,Male,46,10,0.0,2,1,0,34160.04,1
8116,15606978,Campbell,600,Spain,Male,29,1,0.0,1,1,1,183585.28,0
8117,15761158,Weber,601,Germany,Male,28,4,156307.64,1,1,1,173432.61,0
8118,15757818,Nelson,719,France,Male,64,0,103746.15,2,1,1,170451.64,0
8119,15789085,Miller,641,France,Male,29,1,171627.66,2,1,0,122541.03,0
8120,15787267,Martin,581,Germany,Female,50,10,81331.85,2,1,1,81799.39,1
8121,15778975,Moreau,585,France,Female,42,2,111729.77,1,1,0,44938.7,1
8122,15659235,Smith,650,Germany,Male,31,1,73639.95,2,1,0,130424.2,0
8123,15782259,Rivera,568,Germany,Male,31,9,59507.66,2,0,1,63983.45,0
8124,15810196,Thomas,715,France,Male,34,2,0.0,1,0,1,119187.43,0
8125,15635757,Flores,766,Spain,Male,50,3,140685.07,1,0,1,71564.78,1
8126,15762534,Miller,744,France,Male,33,9,99816.76,1,0,1,2826.25,0
8127,15625969,Torres,850,France,Male,45,8,0.0,1,1,0,124129.29,0
8128,15597461,Meyer,690,Germany,Male,41,6,92541.86,1,1,0,197726.93,1
8129,15604849,Rivera,814,Germany,Female,41,9,159523.02,1,0,0,94705.05,1
8130,15767062,Wright,668,France,Male,65,2,0.0,1,0,0,30402.52,0
8131,15708548,Miller,623,Germany,Female,43,8,163114.11,1,0,0,149389.26,1
8132,15681889,Bernard,662,Spain,Male,41,7,120470.31,2,1,0,100940.27,0
8133,15751117,Young,666,Spain,Male,25,6,0.0,2,1,0,142256.56,0
8134,15599821,Thompson,638,Spain,Male,54,4,0.0,1,1,1,176233.7,1
8135,15567685,Thompson,545,France,Female,46,1,130451.28,2,1,1,55571.07,0
8136,15712119,Garcia,555,France,Male,41,6,84742.17,1,1,1,51509.39,1
8137,15756717,Romero,760,Germany,Male,34,8,127179.65,2,0,0,93671.85,0
8138,15603831,Walker,731,France,Female,25,1,97052.68,2,0,1,17407.97,0
8139,15710008,Mitchell,823,Spain,Male,43,1,0.0,2,1,1,20267.6,0
8140,15807250,Miller,612,France,Male,37,9,93296.59,1,0,1,101720.23,0
8141,15708416,Sanchez,603,France,Female,63,9,71697.36,1,1,1,79072.72,1
8142,15699548,Navarro,539,France,Male,45,6,0.0,1,1,0,79979.09,1
8143,15754698,Hall,752,France,Female,39,5,0.0,1,1,0,128753.85,0
8144,15782118,Schneider,563,France,Male,70,0,0.0,1,1,1,186028.21,1
8145,15691267,Martin,647,Germany,Female,37,10,94532.84,1,1,0,187258.01,1
8146,15804122,Rivera,680,Germany,Male,61,6,73247.33,1,1,0,80532.85,0
8147,15723286,Thompson,498,France,Female,24,0,98903.97,1,0,1,129824.11,0
8148,15585413,Lewis,725,France,Female,75,3,0.0,1,1,1,79785.26,0
8149,15571515,Wagner,748,Spain,Female,50,9,96925.0,2,0,1,148926.25,0
8150,15739952,Scott,677,France,Female,30,9,125241.92,2,1,1,100999.69,0
8151,15754622,Green,642,Germany,Female,67,7,135405.95,2,1,0,25151.56,0
8152,15727887,Davis,647,Germany,Male,23,1,82053.74,2,0,1,109369.93,0
8153,15659190,King,786,Germany,Male,28,1,183612.39,1,1,0,198492.77,1
8154,15695437,Roberts,655,Spain,Male,43,3,0.0,1,1,0,54334.63,1
8155,15811080,Perez,648,Germany,Male,54,8,107145.39,2,0,1,153602.9,0
8156,15796248,Harris,583,Spain,Male,41,8,65178.46,1,1,1,57230.44,1
8157,15803392,Lopez,378,Spain,Female,25,8,87107.87,2,1,1,145214.12,0
8158,15687007,Lee,756,France,Female,31,2,176477.59,2,1,0,94913.35,1
8159,15725769,Jackson,650,France,Female,33,3,0.0,2,1,1,142877.4,0
8160,15617460,Carter,565,France,Male,42,3,101574.74,1,1,0,166699.95,0
8161,15684168,Scott,850,France,Female,36,8,104554.16,1,0,0,3793.97,0
8162,15683954,Davis,693,Germany,Female,57,8,160141.04,2,0,0,128416.05,1
8163,15674405,Wright,630,France,Female,53,0,0.0,1,1,0,13468.81,1
8164,15585354,Navarro,749,France,Female,25,7,106248.39,1,1,0,189723.8,1
8165,15731535,Fernandez,686,France,Male,45,4,0.0,1,0,1,103287.99,0
8166,15695109,Williams,684,Germany,Male,28,3,112409.97,2,1,1,58316.91,0
8167,15595923,Moore,591,Germany,Female,58,5,136062.1,2,0,1,134941.7,0
8168,15770023,Scott,718,Spain,Female,45,5,0.0,1,0,0,136468.82,0
8169,15769249,Mitchell,741,France,Female,36,10,0.0,1,1,1,91636.49,0
8170,15582071,Rivera,591,France,Female,34,6,0.0,2,0,1,180062.76,0
8171,15756140,Ruiz,466,Spain,Female,42,9,0.0,1,1,1,192800.89,0
8172,15701839,Fischer,742,Germany,Female,52,9,161317.18,1,1,1,91707.43,1
8173,15690641,Young,711,Germany,Female,41,10,107526.17,3,0,1,142724.46,1
8174,15742056,Young,732,Germany,Female,36,7,172315.58,2,1,0,1375.25,0
8175,15674681,Wilson,654,France,Male,29,10,133691.46,2,1,0,61236.45,0
8176,15613219,Nelson,743,Spain,Male,36,6,101178.44,1,1,1,167037.91,0
8177,15716788,Laurent,587,Germany,Male,52,4,88250.72,1,1,1,24784.86,1
8178,15637583,Diaz,632,Germany,Male,47,8,53105.95,1,1,1,6870.54,0
8179,15607061,Miller,548,Germany,Female,55,9,88549.98,2,1,1,136952.08,0
8180,15640719,Roberts,762,France,Female,29,3,0.0,1,1,0,74925.26,0
8181,15677088,Anderson,645,France,Male,25,10,0.0,1,1,1,177518.89,0
8182,15797553,Romero,672,Spain,Male,46,4,0.0,2,1,1,192901.54,0
8183,15634026,Moreau,692,Germany,Male,26,2,93451.88,2,1,1,69117.12,0
8184,15813214,Rivera,627,France,Female,55,7,0.0,1,1,0,194475.22,1
8185,15729256,Roberts,730,France,Female,46,2,108351.81,2,0,0,138996.38,0
8186,15799072,Anderson,811,Spain,Male,41,4,0.0,2,0,1,89042.0,0
8187,15801380,Perez,745,France,Male,28,5,0.0,2,1,0,109494.03,0
8188,15727481,Moreau,483,France,Female,37,5,0.0,2,1,0,180467.8,0
8189,15793896,Smith,661,Germany,Male,36,1,116691.45,1,1,1,19731.08,0
8190,15586608,Navarro,665,Spain,Female,41,1,84610.88,2,1,1,70237.28,1
8191,15714742,Bernard,770,Germany,Female,60,0,123831.52,1,0,1,76529.6,0
8192,15695536,Williams,597,Spain,Male,29,6,88764.63,1,1,1,81782.97,0
8193,15658349,Brown,549,France,Male,34,10,0.0,2,0,1,121626.79,0
8194,15702462,Wilson,731,Spain,Male,36,7,128054.27,2,1,1,38791.22,0
8195,15744764,Fernandez,648,Spain,Male,56,6,107552.71,2,1,0,116175.46,1
8196,15722774,Lewis,589,Germany,Male,38,9,117759.94,1,1,0,187615.69,1
8197,15631912,Hoffmann,625,Germany,Male,45,0,139207.92,2,1,0,95603.56,1
8198,15720064,Davis,513,France,Male,57,0,96815.62,2,1,0,83355.41,0
8199,15757970,Wright,667,France,Female,41,10,168943.58,1,1,0,23515.88,1
8200,15611913,Lopez,621,France,Male,34,9,0.0,2,1,0,147100.07,0
8201,15665282,Thomas,702,France,Female,53,6,155368.9,2,0,1,139031.33,0
8202,15637040,Martinez,630,Spain,Male,60,0,131371.02,2,0,1,130083.12,0
8203,15657216,Weber,653,France,Male,44,2,132533.94,3,1,0,191602.85,1
8204,15595017,Fischer,606,Germany,Male,31,8,148832.3,2,0,0,78355.24,0
8205,15745394,King,625,France,Male,33,2,0.0,1,1,0,113366.14,0
8206,15636522,Girard,540,France,Male,59,6,124618.4,1,0,1,181084.04,1
8207,15603695,Meyer,750,France,Female,46,8,0.0,2,1,0,146060.24,0
8208,15689376,Romero,646,France,Female,35,4,0.0,1,0,0,128799.68,0
8209,15756866,Diaz,457,Germany,Male,25,5,149983.57,2,1,0,131696.52,0
8210,15618166,Wright,496,Spain,Male,46,10,119102.95,1,0,0,54829.88,0
8211,15641216,Lopez,751,France,Male,44,10,0.0,2,0,1,19681.69,0
8212,15759513,Brown,646,Spain,Female,46,5,87911.73,2,0,1,8173.55,0
8213,15721742,Fournier,648,Germany,Male,30,2,125135.49,2,1,0,132728.41,0
8214,15716145,Mitchell,650,Germany,Male,34,0,104758.01,2,0,1,96946.29,0
8215,15689735,Hill,697,France,Female,51,1,65876.61,1,1,1,177266.19,1
8216,15794236,Harris,798,France,Female,22,5,115319.73,2,1,0,5350.45,0
8217,15724385,Rivera,693,Spain,Female,34,10,120756.2,2,0,1,126702.75,0
8218,15579703,Thompson,680,Germany,Male,26,5,143145.81,2,1,0,34981.12,0
8219,15684774,Lopez,595,France,Male,29,10,118400.41,2,1,0,89502.73,0
8220,15722312,Roberts,500,Spain,Male,49,8,0.0,1,0,1,169430.67,0
8221,15682546,Gonzalez,696,France,Female,36,0,149650.07,2,0,1,79031.59,0
8222,15716063,Gonzalez,704,Spain,Female,28,3,0.0,1,1,1,102354.02,0
8223,15640851,Wright,757,France,Male,43,6,0.0,1,1,1,154769.91,0
8224,15691898,Campbell,816,Spain,Female,32,0,110915.57,1,1,1,3694.57,0
8225,15625717,Wright,537,France,Male,36,0,109273.44,2,1,0,1350.38,0
8226,15655421,Baker,590,France,Female,39,3,111116.91,1,0,0,154347.14,0
8227,15669104,Martin,715,Germany,Male,55,9,93287.19,2,1,1,80588.65,0
8228,15755194,Girard,650,France,Male,39,6,146563.36,2,1,1,169317.89,0
8229,15617655,Schneider,790,Spain,Male,34,5,0.0,1,1,1,162260.9,0
8230,15708776,Mitchell,631,Germany,Female,42,5,76659.27,1,1,0,150679.26,1
8231,15731266,Anderson,844,France,Male,43,5,0.0,2,1,1,194016.6,0
8232,15604871,Muller,655,France,Male,33,9,0.0,2,1,1,104400.35,0
8233,15733590,Moore,808,Spain,Female,36,3,88984.24,1,1,1,31912.02,0
8234,15572915,Fischer,417,Germany,Female,37,2,114816.82,2,1,0,74461.59,0
8235,15813431,Miller,697,Spain,Female,52,3,0.0,1,1,0,177042.7,1
8236,15689106,Thompson,652,France,Female,22,6,52238.3,2,0,0,132228.67,0
8237,15702982,Muller,447,Spain,Female,41,2,0.0,3,1,1,120027.58,1
8238,15596896,Romero,649,Germany,Female,47,10,89679.02,1,1,1,11501.91,0
8239,15795492,Romero,530,Germany,Male,51,7,166775.77,1,1,1,140684.26,1
8240,15725575,Diaz,600,France,Male,26,3,0.0,1,0,1,134618.77,0
8241,15593079,Lopez,680,France,Male,25,2,0.0,1,0,0,157425.49,0
8242,15686015,Taylor,638,Spain,Male,32,4,0.0,1,1,1,151749.88,0
8243,15810633,Jackson,685,Spain,Male,45,9,149983.66,1,1,0,83616.47,1
8244,15754693,Schneider,665,France,Male,49,10,89013.77,2,0,1,23572.38,0
8245,15680783,Ramirez,850,Spain,Male,25,5,0.0,2,1,1,50787.79,0
8246,15635402,Davis,675,France,Female,40,1,137411.26,2,1,1,56582.04,1
8247,15616534,Girard,661,France,Female,48,0,0.0,1,0,0,191092.09,0
8248,15679193,Lopez,691,France,Female,33,6,201565.85,2,1,1,68739.9,0
8249,15578068,Schmidt,647,France,Female,41,6,0.0,2,1,0,24532.11,0
8250,15611949,Williams,496,France,Male,27,4,151836.7,2,1,0,192641.89,0
8251,15605975,Harris,717,France,Male,44,9,138351.23,2,0,1,148241.91,0
8252,15663510,Thompson,775,France,Male,35,0,0.0,2,1,1,70473.91,0
8253,15641705,Williams,801,Germany,Male,34,3,150175.58,1,1,0,1322.94,0
8254,15691063,Campbell,717,Spain,Male,40,8,170694.31,2,1,1,826.74,0
8255,15589988,Baker,624,Germany,Female,24,2,94157.11,1,1,1,91586.37,1
8256,15615314,Wright,676,France,Male,32,2,0.0,2,0,1,172785.19,0
8257,15581715,Schmidt,823,Spain,Male,48,8,0.0,2,1,1,130259.9,0
8258,15589298,Jones,628,France,Male,25,9,0.0,2,1,1,8594.75,0
8259,15796297,Sanchez,534,Spain,Male,25,2,0.0,2,1,0,31677.53,0
8260,15778263,Sanchez,850,Germany,Female,33,4,105179.92,2,1,1,145208.17,0
8261,15703463,Anderson,551,France,Female,37,10,0.0,2,1,0,88740.71,0
8262,15666117,Walker,498,France,Female,39,1,122339.84,1,1,1,142664.7,0
8263,15609252,Schneider,681,Spain,Female,63,1,0.0,1,0,0,180473.47,1
8264,15617409,Castillo,690,Spain,Male,40,2,106454.87,2,1,1,146641.18,1
8265,15767795,Martinez,694,Germany,Male,41,5,75169.12,2,1,0,131198.27,0
8266,15565860,Roberts,735,Spain,Female,51,9,0.0,2,0,0,168870.68,0
8267,15566975,Young,634,Spain,Male,30,4,0.0,1,1,1,88294.81,0
8268,15661240,Nelson,636,France,Male,42,4,56720.95,1,0,0,129377.44,1
8269,15573410,Castillo,594,Germany,Male,45,9,71060.2,2,1,0,162994.14,0
8270,15752172,Hall,663,France,Female,43,2,0.0,1,1,0,172612.67,1
8271,15801296,Smith,703,France,Male,39,4,0.0,1,1,0,74515.27,0
8272,15632258,Jackson,738,France,Female,39,2,0.0,2,1,1,67227.56,0
8273,15801218,Moore,563,Spain,Male,28,1,0.0,1,0,1,42910.84,0
8274,15721571,Jackson,529,Germany,Male,34,6,100045.68,2,1,1,173361.19,0
8275,15742549,Navarro,736,France,Male,57,10,135826.59,1,1,1,115590.98,0
8276,15690868,King,599,France,Male,32,2,0.0,1,0,0,114170.44,1
8277,15721481,Clark,554,France,Male,38,0,0.0,2,0,1,48322.27,0
8278,15815446,White,471,Germany,Female,37,10,125034.54,1,1,1,70725.73,1
8279,15798137,Adams,787,Spain,Male,42,1,127434.54,2,1,1,15768.06,0
8280,15700787,Young,677,France,Male,37,0,135679.84,2,0,1,63354.45,0
8281,15800888,Fernandez,703,France,Male,35,8,0.0,2,1,0,194608.09,0
8282,15741331,Bernard,692,Germany,Male,48,1,89215.36,1,0,1,122015.83,1
8283,15637824,Dubois,671,France,Female,40,10,0.0,2,1,0,135821.34,0
8284,15783975,Campbell,648,Germany,Male,39,4,121632.75,1,0,1,122777.6,0
8285,15602095,Johnson,643,France,Female,32,7,0.0,1,0,1,131020.62,0
8286,15813111,Lopez,555,France,Male,34,2,139910.67,1,1,0,181860.99,0
8287,15749639,Robinson,479,France,Male,40,2,124306.88,2,1,1,185278.65,1
8288,15572690,King,850,Spain,Female,49,8,138726.54,1,1,0,8499.35,1
8289,15600112,Miller,654,France,Male,55,5,158015.77,2,1,0,53633.91,0
8290,15706254,Hill,608,France,Female,41,10,80553.72,3,1,0,34795.57,1
8291,15682960,Fernandez,572,Germany,Male,67,10,120365.37,2,1,1,181700.89,0
8292,15637760,Davis,752,Spain,Male,35,6,0.0,1,0,1,159007.75,0
8293,15590574,Schneider,664,France,Female,35,8,119859.33,1,1,0,185765.94,0
8294,15728863,Scott,566,France,Male,52,9,0.0,1,1,1,7678.5,0
8295,15699995,Green,621,Germany,Female,39,6,160065.71,1,1,1,121118.94,0
8296,15746817,Johnson,680,France,Female,33,8,154255.04,1,1,0,9698.57,0
8297,15651110,Meyer,612,Germany,Male,37,0,181034.29,1,0,0,34481.65,0
8298,15569210,Schneider,729,France,Male,29,1,0.0,2,1,1,163890.94,0
8299,15742211,Jones,850,France,Female,36,5,127387.4,2,1,0,125253.67,0
8300,15567721,King,609,France,Male,28,0,0.0,1,1,1,106818.17,0
8301,15707155,Adams,622,Germany,Female,29,5,159477.79,1,0,1,5509.71,0
8302,15812462,Rodriguez,569,France,Male,40,6,0.0,2,0,1,56520.29,0
8303,15805284,Young,635,France,Male,23,4,0.0,2,0,1,71267.56,0
8304,15640255,Taylor,460,France,Male,28,10,68998.31,2,1,0,85305.21,0
8305,15679381,Schmidt,757,Spain,Female,31,9,157813.84,3,1,0,25119.46,1
8306,15811886,Dubois,521,France,Female,34,9,129897.71,2,1,1,48985.13,0
8307,15631824,Garcia,572,Germany,Female,44,7,125832.13,3,0,0,134238.03,1
8308,15694513,Lopez,658,Germany,Male,33,6,166245.46,2,0,1,125705.89,0
8309,15618975,Nelson,784,France,Male,57,7,0.0,2,1,1,70674.95,0
8310,15724013,Lee,567,Spain,Male,32,1,75566.34,2,1,0,70548.28,0
8311,15599275,Romero,632,Spain,Male,23,10,82490.82,1,1,1,164068.82,0
8312,15681438,Scott,678,France,Male,29,8,0.0,2,1,1,55959.14,0
8313,15726550,Davis,585,France,Female,40,3,0.0,2,1,1,13118.58,0
8314,15693967,Flores,638,France,Male,29,7,0.0,2,1,1,64053.83,0
8315,15704394,Clark,496,France,Male,31,4,122501.01,1,0,1,30630.91,0
8316,15794451,Alvarez,599,Germany,Female,52,10,177325.41,1,1,0,56125.96,1
8317,15733416,Moore,769,Spain,Male,57,5,0.0,1,1,0,63267.88,1
8318,15791935,Fournier,729,Spain,Female,26,7,99233.76,2,1,0,39844.8,0
8319,15803562,Becker,607,France,Male,35,2,0.0,2,1,0,59192.97,0
8320,15777409,Meyer,552,France,Male,40,1,128178.11,2,1,0,126014.08,1
8321,15628918,Robinson,629,France,Female,48,9,0.0,1,1,1,113753.21,0
8322,15804379,Navarro,508,Germany,Female,33,6,116596.1,1,1,1,12713.91,0
8323,15698252,Nelson,631,France,Female,40,7,0.0,3,1,0,58559.9,1
8324,15566358,Johnson,610,Spain,Male,51,4,140821.16,1,0,0,90570.77,1
8325,15612775,Garcia,607,Spain,Male,38,6,0.0,1,0,1,5437.96,0
8326,15647572,Muller,636,France,Female,22,4,0.0,2,1,0,192857.52,0
8327,15669668,Vargas,702,Germany,Male,35,7,119292.25,1,1,0,47190.26,1
8328,15566199,Campbell,549,Germany,Female,30,6,119154.35,1,0,1,128528.2,1
8329,15661451,Rodriguez,743,Spain,Male,31,2,182795.46,1,1,0,22851.83,0
8330,15755440,Schneider,759,France,Male,31,9,0.0,1,0,1,76219.34,0
8331,15624649,Gonzalez,850,France,Male,23,10,0.0,2,1,0,4250.77,0
8332,15657927,Thompson,679,Germany,Female,56,8,143541.99,4,1,1,26972.19,1
8333,15711448,Romero,793,France,Male,49,0,153610.31,1,1,0,25212.18,0
8334,15656058,Walker,745,Germany,Female,59,0,89071.06,1,0,1,125460.42,1
8335,15685441,Miller,668,France,Male,69,8,133707.9,1,1,0,4610.23,0
8336,15588992,Harris,532,Germany,Male,39,1,107570.26,1,1,0,65575.82,0
8337,15676870,Carter,737,Spain,Male,32,10,0.0,2,1,1,37150.22,0
8338,15713343,Alvarez,673,France,Female,42,3,0.0,1,0,1,134115.69,0
8339,15602289,Rodriguez,823,France,Female,43,1,105958.07,1,0,1,7978.98,0
8340,15678775,Vargas,722,Germany,Male,32,7,168192.4,1,1,1,124655.05,0
8341,15673595,Adams,752,France,Male,32,7,152079.01,1,1,1,117790.36,0
8342,15565873,Jones,594,Germany,Female,36,6,79815.21,1,1,0,22450.05,0
8343,15754192,Roberts,674,Germany,Male,32,8,113184.59,2,1,0,139558.99,1
8344,15671434,Allen,463,France,Female,43,5,0.0,2,1,1,42375.04,0
8345,15708057,Ruiz,704,Spain,Female,27,3,0.0,2,1,1,18643.42,0
8346,15674117,Anderson,768,Germany,Male,46,4,86553.18,1,1,0,13426.37,1
8347,15594659,White,785,Germany,Female,54,6,100437.12,1,0,1,194118.4,1
8348,15787443,White,616,France,Female,73,8,0.0,2,1,1,56185.95,0
8349,15743880,Moore,474,France,Male,58,4,0.0,1,1,1,170476.48,1
8350,15642810,Sanchez,598,France,Male,73,1,0.0,1,0,1,105098.27,0
8351,15576585,Wagner,642,Spain,Male,43,4,0.0,2,1,1,171168.6,0
8352,15690210,Campbell,690,Spain,Female,26,6,98011.44,2,1,0,160099.61,0
8353,15773635,Martin,453,Spain,Female,38,8,0.0,1,1,1,52253.94,0
8354,15678979,Moore,640,France,Male,67,8,0.0,1,1,1,97149.43,0
8355,15625054,Girard,549,Germany,Male,57,8,85998.23,1,0,0,44850.23,1
8356,15618058,Martin,790,Spain,Male,34,2,0.0,2,1,1,72202.31,0
8357,15661432,Mitchell,424,Germany,Male,24,0,75454.91,1,0,0,194009.72,0
8358,15580052,Muller,748,France,Male,42,2,110975.78,1,1,1,78563.19,0
8359,15794926,Castillo,635,Spain,Male,26,1,0.0,1,1,1,24517.64,0
8360,15728905,Campbell,451,France,Male,42,7,107922.9,1,0,1,105829.64,0
8361,15682611,Ruiz,813,France,Female,44,2,0.0,3,1,0,142806.31,1
8362,15688069,Dubois,781,Spain,Female,56,1,155166.56,2,1,1,66220.25,1
8363,15751137,Scott,771,France,Male,24,5,83599.29,2,1,0,92397.2,0
8364,15794576,Sanchez,659,France,Female,49,5,0.0,2,1,0,163053.84,0
8365,15794767,Schmidt,585,Germany,Male,36,7,114729.1,1,1,0,61824.07,0
8366,15568316,Moore,656,Spain,Male,61,10,0.0,2,1,1,173692.58,0
8367,15807434,Muller,703,France,Female,48,0,0.0,2,1,1,154033.53,0
8368,15674445,Taylor,597,Spain,Male,39,0,0.0,1,1,1,151740.15,0
8369,15625566,Lewis,567,France,Male,30,8,98820.52,2,1,1,175466.82,0
8370,15798031,Vargas,698,France,Male,37,10,135736.72,2,1,1,122950.64,0
8371,15599218,Miller,669,France,Female,52,3,0.0,1,1,1,88054.22,1
8372,15768207,Hoffmann,740,Germany,Male,37,2,121266.19,2,1,0,172760.44,0
8373,15643131,Gonzalez,798,France,Female,37,3,102678.52,1,0,0,118744.66,0
8374,15606078,Becker,733,France,Male,38,5,0.0,2,1,0,61618.69,0
8375,15626544,Carter,538,Germany,Male,32,0,132225.98,2,0,0,44788.89,0
8376,15631235,Fournier,649,Germany,Male,29,1,96407.76,1,0,1,72066.33,0
8377,15656497,Allen,688,Germany,Female,30,0,85610.92,2,1,0,150776.88,0
8378,15721302,Jackson,728,Spain,Male,39,7,131177.3,1,1,1,42742.85,0
8379,15641090,Sanchez,733,France,Female,49,4,109854.96,1,1,0,133946.71,1
8380,15684140,Bernard,644,France,Female,40,10,0.0,1,1,0,85074.63,0
8381,15806002,Thompson,602,France,Male,53,4,122327.48,1,0,1,32242.3,0
8382,15732251,Bernard,748,Germany,Male,58,3,82233.22,1,1,0,128596.92,1
8383,15740946,Schmidt,687,France,Male,68,3,122327.82,1,0,1,195414.02,1
8384,15608050,Rodriguez,677,France,Female,66,10,127885.39,2,1,0,6324.76,0
8385,15657784,Green,582,France,Female,27,2,94307.34,2,1,0,127181.49,0
8386,15643347,Thomas,850,France,Male,45,8,129915.24,1,1,1,30713.66,0
8387,15695631,Hill,674,Spain,Female,34,9,0.0,1,1,1,6033.14,0
8388,15668746,Sanchez,642,Germany,Male,31,10,118667.77,2,1,0,39076.77,0
8389,15701254,Romero,674,France,Female,36,0,72934.03,1,1,1,28788.43,0
8390,15684522,Ramirez,637,Germany,Female,60,7,122207.15,2,1,1,54555.1,0
8391,15785003,Taylor,525,Germany,Male,52,8,151522.81,2,1,1,124304.76,0
8392,15684810,Weber,679,France,Male,39,7,74556.81,2,1,0,178030.31,0
8393,15693643,Torres,509,France,Male,47,9,0.0,1,0,1,15120.08,0
8394,15706231,Perez,660,Germany,Female,43,10,102614.97,1,1,0,47906.65,1
8395,15646822,Schneider,495,France,Male,36,9,0.0,2,0,0,4326.63,0
8396,15747401,Garcia,441,Germany,Female,32,8,171660.42,1,1,1,99339.6,1
8397,15778078,Fischer,709,Germany,Male,37,2,122322.87,2,1,0,72444.81,0
8398,15582598,Wilson,543,Spain,Male,48,9,0.0,2,0,0,182220.51,0
8399,15669036,Sanchez,692,Spain,Female,62,7,0.0,2,0,1,25245.37,0
8400,15814926,Nelson,666,Spain,Male,45,3,148609.99,2,1,0,98559.95,0
8401,15624352,Alvarez,664,Germany,Female,33,7,113026.98,1,1,1,166832.31,0
8402,15786439,Baker,589,France,Male,30,1,0.0,2,1,1,144780.65,0
8403,15756253,Garcia,637,Germany,Male,42,9,98671.64,2,0,1,122556.51,0
8404,15690696,Scott,586,Spain,Male,24,7,0.0,2,1,0,136945.79,0
8405,15708010,Nelson,742,Spain,Male,83,7,0.0,1,1,1,167396.34,0
8406,15603217,Fischer,603,Spain,Female,44,2,0.0,2,0,1,92887.84,1
8407,15576312,King,626,France,Male,56,1,100692.53,2,1,0,95937.71,0
8408,15632760,Martin,722,Germany,Male,51,4,131305.24,2,1,1,23641.62,0
8409,15812524,Green,590,Spain,Male,44,3,142835.96,2,0,1,193868.88,0
8410,15692709,Baker,476,Germany,Female,43,9,135863.92,1,1,0,183093.14,1
8411,15649289,Green,547,Germany,Female,49,10,103953.61,2,0,1,133852.37,1
8412,15694678,Clark,752,France,Female,35,6,0.0,1,0,0,103793.27,0
8413,15588848,Clark,658,Germany,Female,39,8,154914.78,2,1,0,115071.53,0
8414,15600125,Young,678,France,Male,50,10,0.0,1,1,1,34929.87,0
8415,15660523,Ruiz,679,France,Male,27,8,101617.36,1,1,1,138314.25,0
8416,15811053,Alvarez,823,Spain,Male,39,3,0.0,2,1,1,145770.59,0
8417,15774068,Allen,449,Spain,Male,37,2,140901.7,1,1,0,122742.04,0
8418,15810840,Scott,638,Spain,Female,24,3,110575.01,1,1,0,1370.49,0
8419,15677101,Vargas,653,France,Female,46,3,148604.41,1,1,0,15086.45,1
8420,15719514,Lee,648,France,Male,41,2,150805.98,1,0,0,28945.13,0
8421,15804688,Moreau,728,France,Female,39,7,0.0,2,1,1,142521.32,0
8422,15623826,Lopez,730,Spain,Male,53,10,120311.07,1,1,1,85306.17,1
8423,15585520,Allen,629,Germany,Female,50,2,119078.27,1,1,0,162271.76,1
8424,15752137,Becker,486,Spain,Male,51,4,0.0,1,0,1,192782.43,0
8425,15746256,Ruiz,850,France,Female,37,10,108909.76,1,1,0,103334.25,0
8426,15629188,Rodriguez,649,Germany,Male,35,10,139458.95,1,1,1,63061.71,0
8427,15804444,Vargas,658,Spain,Female,41,0,0.0,1,0,0,115808.78,0
8428,15740331,Wright,772,France,Female,44,3,0.0,1,1,1,65123.6,0
8429,15768998,Allen,612,Spain,Male,47,3,100050.87,2,1,0,78614.87,0
8430,15702535,Carter,775,Germany,Male,31,3,88705.51,2,1,1,13775.01,0
8431,15581336,Fernandez,620,France,Female,43,10,63521.24,1,0,1,66867.32,0
8432,15727518,Ruiz,827,France,Female,55,8,124910.01,1,1,1,194731.06,1
8433,15674612,Taylor,694,Spain,Male,31,0,0.0,2,1,0,149480.73,0
8434,15593205,Martin,584,Germany,Female,24,6,113452.14,2,1,1,187115.84,0
8435,15809194,Gonzalez,850,Spain,Female,22,6,0.0,2,1,0,62800.92,0
8436,15612870,Thompson,708,Spain,Female,34,5,165572.6,1,1,0,44288.19,0
8437,15602767,Fernandez,591,France,Male,29,7,0.0,3,1,1,14258.94,1
8438,15804447,Jackson,514,Spain,Female,45,4,113115.85,1,0,0,111660.9,0
8439,15687984,Sanchez,718,Spain,Male,43,7,69205.77,1,1,0,162150.98,1
8440,15763389,Diaz,784,France,Male,25,5,0.0,2,1,1,195265.28,0
8441,15612960,Allen,688,Spain,Female,54,10,100838.9,1,1,0,41483.22,1
8442,15719980,Martin,682,France,Male,32,9,0.0,2,1,0,14136.15,0
8443,15673065,Torres,801,France,Male,30,0,0.0,2,1,0,89021.61,0
8444,15621335,Bernard,708,France,Female,42,1,134378.12,2,1,0,79343.03,0
8445,15597336,Carter,586,Spain,Female,34,4,111736.27,1,0,1,122693.47,0
8446,15764985,Carter,590,France,Male,41,0,178865.9,1,0,0,115821.3,1
8447,15725344,Ramirez,704,France,Male,37,0,116438.4,2,1,0,115820.75,0
8448,15733700,Jones,699,Germany,Male,56,0,76739.33,1,0,0,192325.73,0
8449,15758107,Wilson,756,France,Male,41,9,96841.33,2,1,0,161845.08,0
8450,15654322,Rodriguez,686,Spain,Male,36,5,137387.64,1,1,0,99106.88,0
8451,15585840,Schneider,716,Spain,Male,38,8,0.0,1,1,1,38737.89,0
8452,15710226,Walker,684,France,Female,52,8,118363.54,2,0,1,167620.93,1
8453,15610256,Fernandez,744,France,Female,31,1,0.0,1,1,0,10965.48,0
8454,15705894,Wright,722,Spain,Female,46,7,0.0,2,1,0,73381.74,0
8455,15744104,Allen,625,France,Female,39,6,138464.23,1,0,0,65792.72,1
8456,15588249,Hall,632,France,Female,39,10,117424.07,1,1,1,6930.5,0
8457,15638727,Romero,681,Spain,Female,29,9,0.0,2,0,1,68779.37,0
8458,15672560,Rivera,661,Spain,Male,35,6,97099.36,1,0,1,41321.73,0
8459,15706975,Lopez,777,Germany,Female,33,7,100682.01,1,1,0,127303.22,1
8460,15774231,Rodriguez,671,Germany,Male,39,5,83015.56,1,1,1,58427.89,0
8461,15725373,White,512,Spain,Male,27,6,0.0,2,1,0,185010.51,0
8462,15747350,Campbell,535,Germany,Male,23,6,127971.9,1,1,0,146597.32,0
8463,15602614,Hill,627,Germany,Male,34,9,116523.97,2,0,0,25688.7,0
8464,15789849,Bernard,720,Spain,Male,52,9,0.0,2,1,1,155810.73,0
8465,15681427,Thomas,580,Germany,Female,44,2,170098.13,1,1,0,185888.32,1
8466,15578908,Robinson,713,Germany,Male,38,0,140730.38,1,1,1,9629.97,0
8467,15626888,Fournier,576,France,Male,30,2,0.0,1,1,1,81113.1,0
8468,15572388,Romero,665,Germany,Male,22,5,73461.15,2,1,0,178791.57,0
8469,15592421,Smith,690,Germany,Female,32,2,135102.08,2,1,0,31883.68,0
8470,15571354,Ruiz,539,France,Male,36,4,116711.78,2,0,0,162747.15,0
8471,15647730,Sanchez,688,France,Male,28,4,152968.28,3,1,0,25031.15,1
8472,15795113,Lee,807,Spain,Female,43,10,0.0,1,1,0,50087.52,0
8473,15658238,Martin,631,France,Female,43,4,144061.18,1,1,0,131904.77,1
8474,15739576,Schmidt,657,France,Male,34,2,100412.63,1,1,0,5322.98,0
8475,15699640,Becker,675,France,Female,37,4,87819.59,2,1,0,156742.48,0
8476,15691224,Garcia,659,France,Male,37,0,178829.41,1,0,1,134710.07,0
8477,15670112,Schmidt,652,Spain,Female,42,0,0.0,2,1,1,189526.02,0
8478,15584282,Allen,645,France,Female,30,6,0.0,1,0,0,1210.36,0
8479,15721717,Miller,498,France,Female,80,2,0.0,1,0,1,38922.06,0
8480,15642792,Hall,694,Spain,Male,27,6,0.0,2,1,0,83562.82,0
8481,15627110,Ruiz,546,France,Female,31,0,0.0,1,1,0,143338.83,0
8482,15706378,Adams,687,France,Male,40,3,110682.09,3,1,1,97614.68,1
8483,15589788,Green,718,Spain,Male,63,6,0.0,2,1,0,21908.77,0
8484,15606232,Lee,689,Germany,Female,33,5,110340.1,2,0,0,10011.32,0
8485,15657372,Campbell,564,Spain,Female,29,6,0.0,1,0,0,69356.79,0
8486,15579155,Sanchez,681,Spain,Male,35,6,118412.96,2,1,1,31844.59,0
8487,15743213,Fernandez,629,Spain,Female,46,3,125969.01,2,1,0,35301.63,0
8488,15783236,Taylor,593,France,Male,47,3,0.0,2,1,0,59021.84,0
8489,15670193,Baker,850,Spain,Female,44,4,0.0,2,1,0,116513.74,1
8490,15713961,Romero,563,Germany,Male,65,4,108224.03,2,1,0,156868.33,0
8491,15791531,Green,698,France,Male,47,8,128152.42,2,1,1,41673.45,0
8492,15766892,Rodriguez,798,Spain,Female,50,1,140219.98,1,0,1,86156.18,1
8493,15799307,Miller,687,France,Male,52,6,101236.18,1,1,0,144679.89,0
8494,15566181,Fernandez,590,Spain,Female,29,8,0.0,1,1,1,171938.17,0
8495,15733353,Walker,597,Germany,Male,36,3,127908.78,1,1,1,41803.4,0
8496,15646428,Clark,514,Germany,Female,31,4,64020.62,1,1,1,168084.37,0
8497,15795142,Romero,659,France,Male,31,7,117778.8,1,1,0,86998.89,0
8498,15614306,Wagner,663,Spain,Female,34,7,0.0,2,0,1,129453.92,0
8499,15757577,Clark,626,Germany,Female,42,6,97360.47,1,0,1,92859.87,1
8500,15721439,Moreau,788,France,Female,61,4,0.0,1,1,0,149030.96,1
8501,15697289,Martin,646,France,Male,46,0,170242.82,1,1,1,144183.64,1
8502,15676816,Williams,500,Spain,Female,43,1,0.0,2,0,1,103563.28,0
8503,15576209,Jackson,797,France,Female,35,5,0.0,1,1,0,190738.29,0
8504,15630110,Hall,539,Germany,Male,64,7,112089.54,2,1,1,180715.36,0
8505,15721399,Scott,703,Germany,Female,27,2,91420.72,2,1,0,67603.77,1
8506,15748156,Hall,716,France,Female,47,4,0.0,2,1,0,24007.09,0
8507,15623205,Lewis,646,Germany,Female,24,2,102556.16,1,1,1,29389.82,1
8508,15677894,Johnson,745,France,Male,40,2,0.0,2,1,0,51799.47,0
8509,15583649,Robinson,662,Spain,Male,52,9,151526.42,3,0,1,130796.22,1
8510,15669265,Harris,619,Spain,Female,38,10,0.0,2,1,1,37419.03,0
8511,15718047,Rivera,452,France,Female,56,10,97032.94,1,0,0,112514.22,1
8512,15622446,Moreau,486,Germany,Male,30,9,155444.98,2,1,0,149893.67,0
8513,15693553,Vargas,850,France,Female,22,4,0.0,2,1,0,41455.65,0
8514,15741231,Alvarez,726,Spain,Male,27,7,0.0,3,0,0,61523.4,1
8515,15774087,Vargas,776,France,Male,35,3,0.0,1,0,0,9034.67,0
8516,15609219,Lee,850,Germany,Female,42,6,136098.4,3,1,0,22931.5,1
8517,15726185,Sanchez,619,Spain,Female,32,2,0.0,2,0,1,74869.62,0
8518,15672293,Ruiz,641,France,Female,40,6,0.0,2,0,1,54949.96,0
8519,15662150,Castillo,495,Germany,Female,45,4,127281.11,2,1,0,42704.85,1
8520,15698437,Alvarez,627,France,Male,30,3,0.0,1,1,0,65349.43,0
8521,15730193,Walker,624,Germany,Male,30,0,134367.03,1,1,0,21766.26,0
8522,15718172,Wright,617,France,Male,26,2,0.0,1,1,0,145504.13,1
8523,15677078,Torres,757,Spain,Female,56,4,0.0,1,1,0,118743.87,1
8524,15733233,Jones,724,France,Male,57,6,108041.23,2,1,1,52443.75,0
8525,15781584,Anderson,744,France,Male,40,9,0.0,2,0,1,27136.36,0
8526,15665426,Green,536,Spain,Male,28,8,137859.77,1,1,0,8355.98,1
8527,15621210,Miller,658,Spain,Male,60,5,0.0,2,0,0,135934.67,0
8528,15719127,Allen,688,Germany,Male,30,5,152260.4,1,0,1,42690.28,0
8529,15597078,Anderson,836,Germany,Female,26,5,120634.23,2,1,1,86222.07,0
8530,15782694,Roberts,666,France,Male,30,9,150459.49,1,0,0,118023.22,0
8531,15743844,Walker,639,Germany,Female,29,9,77943.52,1,1,1,71245.84,0
8532,15615127,Jones,760,France,Female,28,4,127318.57,1,1,1,7398.53,0
8533,15592798,Hoffmann,630,France,Male,32,6,124215.99,4,0,0,104834.74,1
8534,15665046,Clark,700,Spain,Female,39,4,125224.56,2,1,0,187772.12,0
8535,15619178,Mitchell,697,Germany,Male,47,6,129538.2,2,1,1,25671.05,0
8536,15782907,Garcia,604,France,Male,35,4,127359.91,1,1,0,75231.49,0
8537,15791551,Rivera,588,France,Male,36,9,52637.09,1,1,1,62911.33,0
8538,15738579,Johnson,647,Spain,Female,35,7,169066.84,2,1,1,48191.61,0
8539,15620527,Harris,608,France,Female,26,1,100263.18,2,0,1,126243.5,0
8540,15740210,Ramirez,505,France,Male,47,0,102088.38,1,0,0,74039.51,1
8541,15697375,Dubois,720,France,Female,52,10,0.0,2,1,1,62815.59,1
8542,15594990,Green,705,France,Female,59,3,0.0,1,0,1,34103.48,0
8543,15710983,Carter,578,France,Female,34,1,0.0,2,1,0,72694.1,0
8544,15696591,Rodriguez,569,Spain,Male,58,8,75063.52,1,0,0,198326.3,1
8545,15731014,Flores,697,France,Female,49,5,164181.47,2,1,1,173536.96,0
8546,15647433,Jones,820,Germany,Female,28,6,109533.43,3,1,0,19210.98,1
8547,15693286,Williams,749,Germany,Male,30,7,128883.46,1,1,0,126454.33,0
8548,15571855,Nelson,766,Germany,Female,39,3,89430.77,2,0,1,96521.75,0
8549,15712773,Taylor,620,Germany,Male,36,6,168297.31,2,1,1,135758.71,0
8550,15723847,Diaz,690,Germany,Female,27,7,144956.17,2,0,1,188070.61,0
8551,15710130,Hall,637,Germany,Female,39,6,103178.04,2,1,0,18132.26,0
8552,15689023,Navarro,580,Germany,Male,39,9,165973.28,2,1,1,110807.55,0
8553,15700322,Jackson,669,Spain,Male,48,4,0.0,1,1,0,13843.07,1
8554,15599398,Sanchez,566,Germany,Female,33,5,144339.8,1,1,0,74395.13,0
8555,15727216,Lopez,578,Spain,Female,31,8,146544.33,1,1,1,90127.34,1
8556,15624368,Muller,607,France,Female,26,8,108825.31,1,1,1,16988.24,0
8557,15639514,Nguyen,617,Germany,Female,41,10,174104.39,1,1,1,48656.91,0
8558,15714482,Smith,647,Germany,Male,39,2,172606.91,1,0,0,114458.72,0
8559,15781997,Girard,450,France,Male,62,10,0.0,2,0,0,45110.07,0
8560,15789492,Bernard,560,Spain,Female,47,5,50658.48,1,1,1,143954.96,0
8561,15723205,Mitchell,802,France,Male,33,2,0.0,1,0,0,133316.73,1
8562,15653533,Vargas,649,France,Female,38,3,0.0,1,1,1,99493.59,0
8563,15570147,Clark,704,Spain,Male,27,3,110540.75,2,1,1,111824.45,0
8564,15775932,Nguyen,690,France,Male,34,10,120366.48,3,0,0,64641.75,0
8565,15707811,Miller,639,France,Female,40,1,0.0,2,0,0,109896.92,0
8566,15675063,Lopez,564,France,Female,63,2,160438.44,2,0,1,64271.62,0
8567,15635961,Baker,597,Spain,Female,29,7,156319.26,3,1,0,181358.03,1
8568,15660171,Thompson,840,France,Male,56,10,0.0,2,0,1,16678.41,0
8569,15576638,Davis,598,Germany,Female,41,0,133361.95,2,1,1,40670.97,0
8570,15591087,Brown,817,Spain,Male,47,4,120984.63,2,1,1,50421.01,0
8571,15660034,Meyer,610,Germany,Female,38,4,180410.05,1,1,1,157550.45,0
8572,15797196,Williams,619,Spain,Female,31,5,131506.14,1,1,0,90440.9,0
8573,15743943,Smith,657,Spain,Male,55,8,172539.34,1,1,1,111035.48,1
8574,15659729,Torres,633,France,Female,33,5,0.0,1,1,1,59087.24,0
8575,15668569,Schmidt,559,Spain,Female,46,1,0.0,1,1,0,53781.37,1
8576,15582112,Adams,649,Germany,Male,27,2,74640.72,1,0,1,129716.53,0
8577,15619262,Moore,507,France,Female,29,8,157171.87,2,1,1,137227.71,0
8578,15804535,Thompson,685,France,Male,24,2,0.0,1,1,0,103636.04,0
8579,15692833,King,672,Germany,Female,36,5,114489.76,2,0,1,140750.03,0
8580,15794353,Weber,721,France,Male,41,4,0.0,1,0,0,154630.37,1
8581,15651732,Gonzalez,602,Germany,Male,38,4,149562.52,1,0,0,20365.35,1
8582,15572799,Torres,722,France,Female,26,8,107961.71,1,1,1,46962.72,0
8583,15783004,Lee,692,Germany,Male,29,2,139885.22,2,1,1,124357.92,0
8584,15629260,Lee,662,France,Female,47,7,0.0,1,1,0,174771.6,0
8585,15713190,Navarro,842,Spain,Male,32,8,0.0,3,0,0,162241.74,1
8586,15809846,Sanchez,696,France,Male,39,10,145327.81,2,0,1,116581.48,0
8587,15674726,Brown,605,France,Male,32,4,89461.77,2,1,1,88752.78,0
8588,15587033,Brown,799,France,Male,45,0,0.0,1,1,1,6480.87,0
8589,15778171,Garcia,699,France,Male,32,7,160425.68,2,1,0,184336.63,0
8590,15588920,Alvarez,823,Germany,Male,36,8,128544.96,1,1,1,148893.35,0
8591,15604764,Meyer,470,Germany,Male,51,0,145790.61,2,1,0,56839.54,1
8592,15811480,Clark,621,France,Male,38,2,0.0,1,0,1,101159.62,0
8593,15735698,Becker,621,Spain,Male,30,3,0.0,2,0,0,47845.96,0
8594,15748711,Hall,467,France,Male,43,5,0.0,2,1,0,183103.01,0
8595,15578857,Dubois,666,France,Male,26,5,98400.08,1,0,1,89692.71,0
8596,15573374,Fischer,614,Spain,Male,29,2,100817.6,1,0,1,170770.24,1
8597,15746807,Weber,456,Germany,Male,26,2,119992.74,2,1,0,123959.83,0
8598,15580079,Taylor,576,Germany,Male,45,10,97287.17,2,1,1,105046.17,0
8599,15616434,Hoffmann,784,France,Male,42,7,0.0,1,1,1,181349.71,0
8600,15582310,Campbell,738,France,Male,44,5,142017.79,2,0,0,27651.0,0
8601,15619118,Meyer,581,Germany,Female,40,3,120227.2,3,1,0,12888.66,1
8602,15796360,Harris,578,France,Male,54,5,0.0,2,0,1,132613.22,0
8603,15720911,Mitchell,734,France,Male,40,10,0.0,1,1,1,183063.83,0
8604,15608981,Wagner,459,Spain,Female,32,3,135530.0,2,1,0,26721.58,0
8605,15783229,Castillo,708,Germany,Male,30,3,93042.13,2,0,1,48586.14,0
8606,15744385,Anderson,472,France,Male,40,4,119385.11,1,1,0,79953.92,0
8607,15686265,Anderson,809,France,Female,53,2,141420.07,1,1,0,186404.16,1
8608,15717947,Scott,714,Germany,Female,27,1,140411.39,1,0,0,170538.13,0
8609,15678063,Moore,471,France,Female,44,9,93431.23,1,1,1,194318.23,0
8610,15568709,Nguyen,613,France,Female,36,7,0.0,2,1,0,154749.33,0
8611,15598131,Clark,681,France,Female,50,3,122928.08,1,0,0,69680.81,1
8612,15752183,Moore,457,Germany,Female,25,6,132370.65,2,0,1,10558.55,0
8613,15570811,Carter,646,Germany,Male,62,5,61410.9,2,1,0,123075.73,0
8614,15712019,Williams,697,France,Female,36,1,0.0,1,1,0,178925.62,0
8615,15699697,Torres,449,France,Female,24,8,129875.82,1,1,1,89346.56,1
8616,15759196,King,722,Germany,Male,27,1,59693.13,1,1,0,78461.2,0
8617,15596131,Gonzalez,638,Germany,Male,65,6,133117.94,2,1,1,158546.72,0
8618,15709743,Ramirez,739,Germany,Female,44,3,72122.59,1,1,0,79867.8,1
8619,15706243,Hill,627,France,Male,34,4,0.0,2,0,0,146712.63,0
8620,15757710,Campbell,547,Germany,Female,71,5,134344.0,2,1,1,41603.75,0
8621,15712803,Moore,538,Spain,Male,39,4,82638.33,2,0,1,126696.95,0
8622,15705405,Bernard,620,Germany,Female,49,2,91865.58,1,1,0,113975.8,1
8623,15715630,Wright,632,France,Male,29,0,0.0,3,1,1,87724.2,0
8624,15695268,Perez,753,Germany,Female,34,1,117039.31,1,1,1,65774.99,1
8625,15673611,Harris,623,France,Male,39,7,0.0,1,1,0,123130.65,0
8626,15690040,Robinson,499,France,Male,33,1,0.0,2,1,0,189513.55,0
8627,15601384,Flores,606,France,Male,63,5,0.0,2,1,0,61477.24,0
8628,15703876,Smith,502,Spain,Male,54,3,145631.22,2,1,1,11215.66,0
8629,15749436,Anderson,684,France,Male,43,7,78794.2,2,0,1,175675.72,0
8630,15646786,Fischer,706,Spain,Female,27,6,165351.12,2,1,1,3664.43,0
8631,15604056,Muller,723,Germany,Male,35,2,107534.38,2,1,0,12786.83,0
8632,15643548,Bernard,621,Germany,Female,30,7,117684.04,2,1,0,28683.7,0
8633,15628813,Nguyen,582,France,Female,44,7,91106.74,2,0,1,149371.06,0
8634,15773420,Garcia,600,Germany,Male,33,3,106285.17,1,1,0,13737.67,0
8635,15593317,Ruiz,641,France,Female,24,9,0.0,2,1,0,99160.83,0
8636,15627955,Schneider,601,France,Female,41,4,0.0,1,0,1,27635.12,0
8637,15686246,Gonzalez,806,France,Female,33,0,172014.84,1,0,1,111198.84,0
8638,15768755,Weber,614,France,Female,57,6,0.0,1,0,1,97242.16,1
8639,15586277,Green,640,Germany,Female,28,4,115676.19,2,1,0,62147.68,0
8640,15802273,King,577,France,Female,31,3,0.0,2,0,1,114372.21,0
8641,15734254,Baker,579,France,Male,35,4,0.0,2,1,1,61304.61,0
8642,15635627,Schneider,527,Spain,Male,42,10,151275.49,1,0,0,168092.77,0
8643,15810464,Jones,550,France,Female,51,4,165311.67,1,1,0,185341.45,1
8644,15684272,Bernard,832,France,Male,34,7,167831.49,2,1,0,103744.23,0
8645,15633302,Miller,703,France,Female,40,9,108633.56,1,1,1,24685.44,0
8646,15576007,Baker,617,France,Male,25,6,110716.54,1,1,0,64484.76,0
8647,15585984,Flores,586,Germany,Male,31,9,90989.85,2,1,0,164204.06,0
8648,15716620,Vargas,770,France,Female,33,5,0.0,1,1,1,41620.9,0
8649,15591486,Martin,569,France,Male,35,2,0.0,1,0,0,25500.9,0
8650,15738596,Thompson,485,Germany,Male,45,5,145001.64,1,0,1,192539.26,1
8651,15607483,Muller,696,France,Female,67,1,0.0,1,0,0,110197.75,1
8652,15767319,Walker,560,Spain,Female,31,3,110291.59,1,1,0,92416.06,0
8653,15785980,Sanchez,526,Spain,Female,43,2,111385.9,1,0,1,184663.88,1
8654,15681232,Smith,544,France,Male,54,0,0.0,1,0,0,107294.63,0
8655,15635582,Flores,690,France,Female,53,1,127001.82,2,1,1,98984.32,1
8656,15747671,Jackson,640,France,Female,29,9,142215.02,2,1,0,60051.35,0
8657,15615921,Wagner,555,France,Female,52,9,189053.28,1,1,1,135133.98,1
8658,15647157,Ruiz,696,France,Male,27,9,120360.1,2,1,1,142805.7,0
8659,15811641,Brown,570,Germany,Male,27,0,140863.45,2,1,1,27083.83,0
8660,15708118,Gonzalez,491,France,Male,38,10,89695.77,1,0,1,156146.28,0
8661,15661484,Muller,523,France,Female,33,3,0.0,1,1,1,88444.21,0
8662,15713019,Flores,652,France,Male,58,4,0.0,1,1,0,83831.8,1
8663,15604325,Laurent,574,Spain,Male,24,1,139986.82,2,0,0,180922.61,0
8664,15774055,Ramirez,660,Spain,Female,38,10,0.0,2,1,0,31301.67,0
8665,15789201,Fischer,758,France,Male,49,10,140668.41,2,1,0,97985.96,0
8666,15784257,Nelson,589,Germany,Male,24,7,115847.52,1,1,1,90175.06,0
8667,15790923,Robinson,850,France,Male,34,0,0.0,1,0,1,120316.37,0
8668,15703548,Schmidt,677,Germany,Female,49,4,83929.81,1,0,0,44461.9,1
8669,15798123,Wagner,633,Germany,Female,37,3,126250.99,2,1,0,49388.39,0
8670,15614636,Young,521,Spain,Female,37,10,0.0,1,1,1,10248.22,0
8671,15806353,Johnson,616,France,Female,51,7,161032.9,1,1,1,161947.57,1
8672,15733449,Robinson,626,France,Female,42,10,115123.87,1,0,0,18927.42,1
8673,15742639,Hall,724,Spain,Male,31,9,0.0,2,1,0,122592.54,0
8674,15709162,Brown,592,France,Female,62,5,137081.66,2,1,1,6007.29,0
8675,15640676,Thompson,692,France,Female,36,3,78826.89,1,1,1,118227.49,0
8676,15756092,Ramirez,654,Germany,Male,27,8,128680.9,1,1,1,45766.56,0
8677,15797168,Moore,745,Spain,Female,38,7,0.0,2,1,1,133083.24,0
8678,15714364,Miller,752,Germany,Male,36,8,83548.15,2,1,1,153455.49,0
8679,15622867,Moore,682,Spain,Female,42,10,0.0,1,1,0,195785.24,1
8680,15662961,Garcia,724,Germany,Female,44,6,48347.07,2,1,0,149057.13,1
8681,15635410,Clark,759,France,Female,26,7,137267.43,2,1,0,189295.09,0
8682,15732470,Carter,702,Germany,Female,35,4,122615.33,1,1,1,186203.65,1
8683,15715487,Dubois,677,Spain,Male,43,5,0.0,2,1,1,56245.38,0
8684,15655129,Laurent,690,Spain,Male,37,1,0.0,1,1,0,79943.6,0
8685,15720804,Walker,806,France,Female,32,2,0.0,2,0,1,82475.87,0
8686,15746883,White,661,France,Male,46,10,0.0,2,1,0,69174.03,0
8687,15758652,Lopez,721,Spain,Male,46,1,137774.54,1,0,1,147880.13,0
8688,15671891,Alvarez,584,France,Female,24,0,135285.91,1,1,1,76696.84,0
8689,15683418,Schneider,796,France,Male,19,8,106716.21,2,1,1,184217.34,0
8690,15812559,Young,694,Spain,Male,40,1,0.0,2,0,0,111720.62,0
8691,15740252,Alvarez,617,Germany,Male,42,5,169225.88,1,1,1,61148.7,1
8692,15696881,Smith,643,France,Male,35,4,132341.66,1,1,0,168836.7,0
8693,15714013,Lee,629,France,Female,39,4,0.0,1,1,1,136772.74,0
8694,15653502,Weber,650,France,Male,35,4,0.0,1,1,1,63384.37,0
8695,15571595,Diaz,670,Spain,Male,42,0,74200.62,4,0,1,179050.52,1
8696,15689293,Fernandez,631,France,Female,33,2,0.0,2,1,0,89368.96,0
8697,15782145,Moore,496,France,Male,33,7,0.0,2,1,0,21199.94,0
8698,15768611,Muller,822,France,Female,36,0,0.0,3,1,0,162956.39,1
8699,15588318,Moore,676,France,Male,42,2,92358.38,1,0,1,141072.24,0
8700,15795437,Roberts,676,France,Male,43,9,110183.43,2,0,0,7704.66,0
8701,15609771,Sanchez,645,France,Female,56,7,0.0,2,1,0,27400.46,0
8702,15774979,Nelson,738,Germany,Female,28,5,100767.49,1,1,0,178679.82,0
8703,15671628,Weber,655,France,Female,23,6,97490.55,3,1,1,8129.88,1
8704,15609109,Hill,620,France,Male,46,10,122459.08,2,0,0,110005.07,0
8705,15573475,Campbell,626,France,Male,38,0,0.0,1,0,1,11877.9,0
8706,15654287,Brown,771,France,Male,24,9,112800.92,1,1,1,166381.74,0
8707,15772513,Girard,670,France,Female,35,5,99546.92,1,0,1,31655.24,0
8708,15633515,Hill,647,France,Male,51,5,91577.34,2,1,0,119990.48,0
8709,15709199,Fischer,608,France,Female,33,2,116193.9,1,1,0,197157.14,0
8710,15625008,Girard,619,France,Female,39,4,0.0,1,1,0,132916.85,0
8711,15774788,Mitchell,755,Germany,Male,31,5,117864.23,2,0,1,80408.58,0
8712,15783327,Anderson,561,France,Male,28,2,110947.63,1,1,1,73274.14,0
8713,15635276,Martinez,715,Spain,Male,48,3,77149.85,1,1,1,190226.11,0
8714,15807970,Garcia,719,Germany,Male,32,10,105733.56,1,0,1,117501.14,1
8715,15700481,Fischer,671,France,Female,34,8,0.0,2,1,1,199277.56,0
8716,15651144,White,632,France,Female,38,6,122571.59,1,1,1,12295.56,0
8717,15755257,Lopez,506,France,Male,31,3,0.0,2,0,0,162165.69,0
8718,15712636,Meyer,714,France,Male,77,9,0.0,1,1,1,37169.39,1
8719,15625389,Jones,495,Germany,Male,46,9,109185.3,1,1,1,68158.24,1
8720,15746801,Alvarez,666,France,Male,26,10,144126.36,2,1,1,129787.71,0
8721,15813255,Navarro,655,Spain,Female,23,7,0.0,1,0,0,161342.05,0
8722,15760218,Martin,724,France,Female,49,2,138826.25,1,1,0,113736.57,1
8723,15665981,Lee,563,Germany,Female,40,4,120208.32,1,1,1,20935.47,0
8724,15791434,Lopez,558,Germany,Female,41,10,195923.64,1,0,0,820.93,1
8725,15599071,Smith,702,Germany,Male,36,1,94551.78,1,0,1,174459.01,0
8726,15649868,Diaz,633,Spain,Female,34,8,134556.54,2,1,0,54834.77,0
8727,15620474,Bernard,454,Spain,Female,49,5,141765.93,1,1,0,134221.0,0
8728,15791934,Rodriguez,649,France,Male,28,5,0.0,2,1,0,155151.95,0
8729,15787111,Jackson,825,France,Male,53,1,77669.34,1,1,1,140370.45,0
8730,15671739,Nelson,703,France,Female,38,10,157054.56,1,1,1,20234.93,0
8731,15806434,Johnson,535,France,Female,26,2,129025.31,2,1,1,155000.16,0
8732,15604456,Carter,696,Germany,Male,25,6,85552.6,2,1,0,178575.09,0
8733,15605894,Navarro,745,France,Female,31,6,0.0,1,1,1,158783.78,0
8734,15593554,Nelson,483,France,Female,32,4,0.0,1,0,1,102042.29,0
8735,15778477,Thomas,622,Spain,Female,25,1,0.0,1,1,1,39928.29,0
8736,15746039,Garcia,776,France,Male,43,1,170900.48,2,1,1,125000.69,0
8737,15595722,Lee,502,Germany,Male,45,7,114210.61,2,1,0,140111.13,0
8738,15588386,Schneider,623,France,Female,44,8,0.0,2,1,1,54173.58,0
8739,15706428,Davis,629,Spain,Male,48,2,96728.71,1,1,1,128319.42,0
8740,15729341,Schmidt,610,Germany,Male,33,8,59795.61,1,1,1,175027.64,0
8741,15736434,Wilson,783,France,Female,41,7,0.0,2,1,0,76304.73,0
8742,15576476,Ruiz,769,Germany,Male,48,2,161418.6,2,1,0,106435.78,1
8743,15774773,Muller,621,France,Male,43,4,0.0,2,1,1,143453.81,0
8744,15742141,Nelson,551,Germany,Female,40,4,86580.83,1,1,1,148316.42,0
8745,15659771,Jackson,773,Germany,Male,54,6,166415.51,1,0,1,128923.24,1
8746,15646429,Laurent,725,France,Female,34,0,0.0,2,0,0,105623.06,0
8747,15567919,Nelson,648,Germany,Male,34,10,126685.44,2,1,1,140598.75,0
8748,15583730,Gonzalez,714,Spain,Male,38,6,0.0,2,1,0,169307.74,0
8749,15777862,Sanchez,713,Spain,Male,38,7,156695.87,2,1,1,179449.5,0
8750,15737641,Brown,565,Germany,Male,38,6,120913.47,1,1,1,85806.4,0
8751,15663817,Perez,592,Germany,Male,25,4,143362.17,1,1,0,142394.32,0
8752,15713648,Moore,651,France,Female,50,9,76188.07,1,1,0,80791.46,1
8753,15721881,Rodriguez,462,Spain,Female,41,3,0.0,1,1,1,172191.39,0
8754,15765562,Lewis,617,Spain,Male,22,0,0.0,2,1,1,166155.95,0
8755,15702296,Jones,573,France,Male,24,6,0.0,1,0,0,150628.46,0
8756,15615636,Baker,667,France,Female,53,1,106973.91,1,1,1,97884.52,1
8757,15631771,Moreau,541,France,Male,32,9,103783.2,1,1,1,107611.17,0
8758,15812539,Hill,692,France,Male,38,0,0.0,2,1,0,160164.82,0
8759,15593469,Rodriguez,672,France,Male,29,2,123249.61,2,1,1,9630.74,0
8760,15694640,Meyer,640,France,Male,79,10,0.0,1,0,0,113527.18,0
8761,15627173,Torres,696,Germany,Male,36,2,58731.9,2,1,1,48007.08,0
8762,15682049,Harris,707,France,Male,32,5,137837.4,2,1,0,120592.54,0
8763,15667041,Allen,627,France,Female,48,9,71098.26,2,0,1,95309.09,0
8764,15721990,Wagner,653,Germany,Male,28,2,195340.33,1,0,1,127588.9,0
8765,15567046,Allen,584,France,Male,51,3,0.0,1,0,0,18821.97,1
8766,15772296,Gonzalez,583,France,Male,35,0,118424.27,2,1,1,185291.26,0
8767,15603535,Meyer,803,Spain,Male,45,8,0.0,1,0,0,116697.98,1
8768,15738360,Alvarez,630,Spain,Female,40,1,121782.6,1,1,1,58882.46,0
8769,15637875,Johnson,649,Germany,Female,34,10,101174.04,1,0,0,159358.64,0
8770,15651555,Martin,643,France,Female,25,7,0.0,1,1,0,136480.63,0
8771,15668662,Muller,686,France,Male,38,3,118553.56,1,1,1,89602.52,0
8772,15748194,Wagner,597,Spain,Male,30,5,39692.11,1,1,1,55769.8,1
8773,15690044,Nelson,607,Germany,Male,38,5,159134.24,1,0,0,63965.73,0
8774,15686044,Schmidt,741,Spain,Male,47,8,171004.68,2,1,1,10222.09,0
8775,15621360,Hoffmann,506,Germany,Female,43,4,111974.31,2,0,1,76917.13,0
8776,15749302,Alvarez,668,France,Male,21,2,0.0,1,0,1,102516.68,0
8777,15621375,Castillo,570,France,Male,34,1,0.0,2,1,1,168388.35,0
8778,15764762,Roberts,455,Spain,Male,31,4,0.0,1,1,0,129480.98,0
8779,15712562,Brown,642,Spain,Male,32,5,0.0,2,0,1,43527.29,0
8780,15654220,Green,538,France,Male,39,6,0.0,1,1,0,192731.76,0
8781,15787517,Jones,521,Germany,Female,33,9,94382.67,2,0,1,44318.23,0
8782,15594522,King,850,France,Female,30,2,0.0,1,1,0,123564.33,0
8783,15632673,Adams,703,Spain,Male,27,2,128280.02,1,1,1,65691.03,0
8784,15736962,Bernard,705,France,Male,33,3,0.0,2,1,0,24412.72,0
8785,15775248,Schmidt,645,Germany,Male,46,1,111433.16,2,1,1,164673.91,0
8786,15687092,Moore,534,France,Male,47,1,0.0,1,1,0,117843.57,0
8787,15644377,Moreau,634,Germany,Female,40,8,101401.49,1,0,0,104953.01,0
8788,15669489,Hoffmann,616,Germany,Male,23,7,101496.0,2,0,1,60091.46,0
8789,15741503,Hill,463,France,Female,39,9,0.0,3,0,1,155776.33,1
8790,15782056,Fischer,824,Spain,Female,56,6,71854.63,2,1,1,170559.98,0
8791,15743821,Girard,641,Spain,Male,27,8,152318.54,1,1,0,167311.76,0
8792,15622732,Girard,569,Spain,Female,33,4,0.0,2,1,0,14492.92,0
8793,15805333,Dubois,662,France,Female,46,9,0.0,2,1,0,39768.02,0
8794,15687402,Anderson,516,Germany,Female,23,6,100921.34,2,1,0,24783.16,0
8795,15723764,Wright,559,Germany,Male,33,0,148969.42,1,0,0,60893.22,0
8796,15725437,Wright,799,Germany,Female,60,1,136355.03,1,1,1,22570.7,1
8797,15688016,Nelson,600,France,Male,58,5,0.0,1,1,1,35398.64,0
8798,15607308,Laurent,648,Germany,Male,58,8,114371.24,2,0,1,141256.37,1
8799,15579820,Allen,660,France,Female,33,1,195969.82,1,1,1,133805.85,0
8800,15602575,Lewis,633,France,Male,53,8,145374.53,2,1,0,56537.49,0
8801,15791708,Scott,598,France,Male,39,9,0.0,1,0,1,164835.68,0
8802,15628196,Lewis,850,France,Male,30,2,105848.99,2,1,0,133594.78,0
8803,15747376,Taylor,578,France,Male,32,6,0.0,1,1,1,86345.13,0
8804,15609420,Nguyen,563,France,Male,42,9,0.0,2,1,0,4350.61,1
8805,15719074,Flores,698,Spain,Male,23,3,74532.92,2,1,0,131188.56,0
8806,15705207,Becker,525,Germany,Male,35,4,67199.37,2,0,1,156542.78,0
8807,15714770,Carter,749,France,Female,38,4,0.0,1,0,0,44797.42,0
8808,15621139,Nguyen,630,Spain,Male,44,5,0.0,1,1,0,23792.74,1
8809,15697592,Becker,663,Spain,Female,24,3,0.0,2,0,0,63038.6,0
8810,15752156,Miller,679,Spain,Female,36,5,130274.11,2,1,0,140452.4,0
8811,15750336,Dubois,617,Spain,Female,48,2,0.0,2,1,1,192493.22,0
8812,15779911,King,739,Spain,Female,66,8,118803.04,1,1,0,78452.28,1
8813,15594801,Hoffmann,713,Germany,Female,30,7,107195.53,2,1,0,165998.83,0
8814,15621263,Flores,700,Spain,Male,53,1,0.0,2,1,0,152195.0,1
8815,15621194,Anderson,503,Spain,Female,47,9,93036.2,2,0,1,177391.5,0
8816,15590613,Wright,616,France,Female,56,2,0.0,1,1,1,132676.21,0
8817,15756119,Miller,639,Spain,Female,23,5,115195.61,2,1,1,189291.1,0
8818,15811637,Weber,819,Spain,Male,45,10,94260.72,2,0,1,183445.59,0
8819,15662414,Jackson,513,Spain,Female,53,7,148347.78,2,0,1,6754.77,0
8820,15724640,Smith,588,Spain,Female,37,10,0.0,2,0,0,103332.35,0
8821,15685024,Jones,755,France,Male,34,6,0.0,1,0,1,65555.95,0
8822,15775414,King,559,France,Female,38,8,108689.76,2,1,1,169321.28,0
8823,15785157,Nguyen,586,Germany,Female,51,5,124800.52,2,1,1,81848.13,0
8824,15635924,Nelson,812,Germany,Male,30,1,138204.76,2,1,1,182703.96,0
8825,15809370,Diaz,685,Spain,Male,29,1,127168.39,1,1,1,181568.47,0
8826,15697841,Dubois,733,Spain,Female,22,6,0.0,2,1,1,72839.57,0
8827,15750653,Moreau,720,Germany,Female,36,1,106653.96,1,1,1,114984.98,0
8828,15644602,King,661,Spain,Male,26,4,181267.13,1,1,0,5543.05,0
8829,15616417,Vargas,659,France,Female,36,5,0.0,1,0,1,71412.43,0
8830,15669094,Vargas,736,Spain,Male,29,0,106554.06,2,1,1,131616.04,0
8831,15724727,Roberts,568,France,Female,32,9,104682.55,1,0,1,42270.79,0
8832,15739029,Schmidt,818,Germany,Female,33,0,162086.1,2,0,1,31776.67,0
8833,15603387,Robinson,598,France,Female,39,3,135846.87,2,0,1,190802.27,0
8834,15703900,Torres,749,Germany,Male,40,9,82084.06,2,1,1,116703.69,1
8835,15762948,Garcia,699,France,Male,35,0,179964.11,2,1,0,112973.39,0
8836,15815689,Walker,597,France,Female,33,0,0.0,1,1,0,164074.75,0
8837,15665271,Jackson,697,Germany,Male,32,9,127766.8,1,0,1,111462.35,0
8838,15805434,Flores,662,Germany,Male,25,2,164395.33,1,1,0,129250.07,0
8839,15682700,Thomas,479,France,Male,51,10,124881.36,2,0,1,61455.6,0
8840,15725589,Laurent,642,Germany,Male,30,1,132771.78,2,1,1,75506.13,0
8841,15612825,Nguyen,529,France,Female,37,1,0.0,1,1,0,54732.79,0
8842,15798588,Vargas,699,France,Male,27,6,0.0,2,0,0,119737.92,0
8843,15670300,Meyer,636,France,Male,44,10,0.0,2,0,1,119088.92,0
8844,15729033,Davis,735,Germany,Male,37,8,104436.83,2,1,1,33110.91,0
8845,15813563,Williams,582,Spain,Male,40,6,127490.3,1,1,0,152839.78,0
8846,15768189,Lewis,524,Germany,Male,27,2,52755.07,2,1,1,38747.77,0
8847,15569977,Thomas,546,Spain,Female,41,0,129736.69,1,0,0,137034.39,1
8848,15644521,Hall,846,Germany,Female,23,8,145166.51,1,1,1,12582.25,0
8849,15579405,Hill,850,Spain,Female,31,1,0.0,1,1,0,183675.62,0
8850,15636259,Flores,844,Spain,Male,77,1,99620.44,2,1,0,12024.07,0
8851,15795616,Thomas,501,France,Male,27,4,74571.14,2,1,0,12884.09,0
8852,15642939,Harris,516,France,Male,37,3,0.0,1,1,1,17257.06,0
8853,15790311,Harris,547,France,Female,53,9,104922.66,1,1,1,90834.58,1
8854,15583201,White,725,Germany,Female,43,2,153722.31,1,1,1,110152.43,1
8855,15728809,Hoffmann,850,Germany,Female,56,7,80646.68,1,0,1,30302.92,1
8856,15614732,Green,738,France,Male,38,4,125911.68,3,0,0,150158.0,1
8857,15631616,Hoffmann,668,Spain,Female,45,2,94932.31,2,0,0,24688.67,0
8858,15585218,Bernard,560,Spain,Female,49,10,0.0,1,0,0,187540.71,1
8859,15756616,Ramirez,622,France,Male,49,8,0.0,2,1,0,86863.71,0
8860,15628820,Becker,659,France,Female,26,8,0.0,2,1,0,108612.81,0
8861,15682219,Williams,736,France,Female,29,5,0.0,1,1,0,153167.75,0
8862,15658389,Allen,602,France,Male,47,2,0.0,2,0,0,166016.72,0
8863,15781433,Sanchez,689,Spain,Female,56,7,0.0,1,1,1,159400.74,1
8864,15746012,Clark,677,Germany,Female,29,10,92612.99,1,0,1,67309.93,0
8865,15725362,Taylor,660,France,Female,30,2,138399.14,2,1,0,148947.05,0
8866,15694575,Ramirez,612,France,Male,43,7,117772.14,2,0,0,17428.89,0
8867,15765639,Harris,662,France,Male,33,9,112014.68,1,1,1,125700.6,0
8868,15701482,Rivera,641,France,Female,48,4,0.0,2,0,0,71252.54,0
8869,15579240,Miller,574,France,Male,44,0,0.0,2,0,1,3435.2,0
8870,15581069,Perez,736,Germany,Male,50,10,173409.73,2,1,1,158273.49,1
8871,15702510,Flores,803,Germany,Male,34,1,151527.75,1,0,1,175870.99,0
8872,15607362,Jackson,667,Spain,Male,32,8,0.0,1,0,0,25427.52,0
8873,15736656,Carter,646,France,Female,30,5,127674.24,1,0,0,32998.02,0
8874,15661275,Lopez,724,Spain,Male,56,8,121258.61,1,0,0,25701.06,0
8875,15616412,Muller,668,France,Male,27,7,0.0,2,0,0,199927.47,0
8876,15691523,Hall,761,France,Male,26,2,135174.42,1,1,0,11191.75,0
8877,15772505,Johnson,660,Spain,Male,38,1,107291.71,2,1,0,139018.58,0
8878,15622930,Carter,707,Germany,Male,32,1,169256.48,1,1,1,7979.35,0
8879,15715083,Fernandez,818,France,Male,49,2,0.0,1,1,0,129845.68,1
8880,15792117,Wagner,773,France,Male,26,9,126616.91,1,1,0,193910.8,0
8881,15580476,Williams,635,Germany,Male,35,0,147753.52,2,1,1,34506.99,0
8882,15591281,Martinez,755,Spain,Female,24,7,0.0,1,1,0,137991.43,1
8883,15795979,Hill,546,Germany,Male,33,4,124982.04,2,1,1,140409.17,0
8884,15759888,Williams,631,France,Female,38,8,0.0,1,1,0,65392.28,0
8885,15802671,Hall,731,France,Male,36,6,123106.55,2,0,1,176700.99,0
8886,15686546,Muller,798,France,Female,35,8,0.0,1,0,0,139413.56,0
8887,15722988,Anderson,577,France,Female,44,9,0.0,2,1,0,42805.25,0
8888,15800262,Fournier,647,Germany,Male,29,9,122411.5,1,1,0,28435.19,1
8889,15639970,Castillo,650,Spain,Female,41,8,108799.95,2,0,1,168558.03,0
8890,15688387,Flores,641,France,Female,35,4,109295.54,2,1,1,6991.82,0
8891,15707578,Hoffmann,532,Spain,Male,33,10,54096.03,1,1,0,173702.21,0
8892,15642989,Allen,699,Germany,Female,42,3,146514.57,1,0,0,18610.69,0
8893,15616278,Lopez,526,Germany,Female,39,6,161357.73,1,0,1,174360.07,0
8894,15747482,Martinez,760,France,Male,41,2,0.0,2,0,1,50979.57,0
8895,15738136,Hill,781,France,Female,64,8,0.0,2,1,1,161490.35,0
8896,15795784,Thomas,588,France,Male,35,1,93941.43,1,0,0,199860.65,0
8897,15803551,Hoffmann,527,France,Female,26,10,69736.98,1,1,0,56216.86,0
8898,15583671,Dubois,647,France,Female,29,5,0.0,1,1,0,169246.08,0
8899,15770771,Mitchell,600,France,Female,56,9,0.0,2,1,1,157491.5,0
8900,15567202,White,630,France,Female,33,5,0.0,1,1,0,157496.61,1
8901,15798554,Thompson,659,France,Female,44,1,0.0,2,1,0,65424.0,0
8902,15776650,Dubois,560,Spain,Male,36,1,168048.32,2,0,0,165393.78,0
8903,15580305,Torres,811,Spain,Male,28,9,101334.03,2,1,1,189159.78,0
8904,15767755,Young,588,France,Female,38,6,134136.84,2,0,1,2511.25,0
8905,15681439,Wilson,741,Spain,Male,30,1,105193.95,1,1,0,161406.44,0
8906,15592471,Diaz,564,France,Female,31,3,0.0,3,1,1,17086.07,0
8907,15578596,Miller,656,France,Male,36,6,126817.6,1,1,1,41297.77,0
8908,15566747,Flores,694,Spain,Male,25,5,0.0,2,0,0,76274.17,0
8909,15689782,Moore,663,France,Male,44,0,65487.76,2,0,0,197433.27,0
8910,15787941,Jackson,625,France,Male,32,5,117190.46,2,1,1,145111.96,0
8911,15575798,Ruiz,602,France,Male,46,1,0.0,2,0,1,198145.08,0
8912,15802345,Jones,611,France,Male,45,3,0.0,3,1,0,78017.17,1
8913,15689917,Muller,585,Germany,Female,35,7,103624.65,1,1,1,144686.12,0
8914,15660757,Roberts,682,France,Female,38,7,112531.26,2,0,1,133838.54,0
8915,15738230,Martin,828,France,Female,41,0,0.0,1,1,1,1002.41,1
8916,15641561,King,685,France,Male,33,5,0.0,1,1,0,18677.68,0
8917,15604727,Allen,708,Germany,Male,24,2,123090.63,2,1,1,2640.98,0
8918,15793222,Schneider,755,France,Female,38,4,0.0,4,1,0,93960.59,1
8919,15658190,Miller,606,Spain,Male,49,8,0.0,2,1,0,115396.24,0
8920,15765828,Rivera,475,Germany,Male,30,4,120598.04,1,1,1,8366.84,0
8921,15801528,Martin,650,France,Female,46,6,101124.31,2,0,1,49621.45,0
8922,15751947,King,733,Germany,Male,27,0,95983.65,3,1,1,157089.79,1
8923,15736969,Carter,845,France,Female,34,5,142477.28,2,1,1,24435.51,0
8924,15658260,Young,555,France,Male,35,8,0.0,2,0,1,137194.11,0
8925,15755915,Sanchez,757,France,Male,36,7,0.0,2,1,1,90657.56,0
8926,15704796,Garcia,675,France,Male,29,10,0.0,1,1,0,16089.88,0
8927,15779510,Rivera,612,Germany,Female,27,8,107686.37,1,0,1,147025.53,0
8928,15794199,Garcia,549,Spain,Female,34,1,0.0,1,1,0,169466.21,0
8929,15752775,Anderson,593,France,Female,42,0,153938.85,1,1,0,106538.85,0
8930,15615040,Clark,706,France,Male,30,3,0.0,1,1,0,108949.73,0
8931,15625872,Muller,769,Germany,Female,35,8,90099.17,2,1,1,11107.59,0
8932,15630213,Castillo,386,France,Female,64,9,0.0,2,0,1,190441.91,0
8933,15569289,Smith,700,France,Female,39,7,0.0,2,1,0,175655.98,0
8934,15654198,Rivera,594,Spain,Female,34,7,0.0,1,0,0,198651.64,0
8935,15661815,Sanchez,603,Spain,Female,36,7,164340.56,1,0,1,147788.33,0
8936,15813689,Laurent,690,Spain,Female,60,3,98404.36,3,1,0,124411.2,1
8937,15647887,Torres,836,France,Male,43,7,173512.5,4,0,0,174688.92,1
8938,15736404,Adams,580,France,Female,30,7,173500.85,3,1,1,187469.62,1
8939,15754804,Brown,641,France,Male,44,0,0.0,2,1,0,183927.73,0
8940,15794310,White,497,Spain,Female,28,10,0.0,1,1,1,7245.76,0
8941,15743840,Laurent,693,France,Male,37,8,0.0,2,0,0,154593.86,0
8942,15587489,Adams,583,France,Male,52,2,0.0,1,1,0,74132.65,1
8943,15813427,Young,803,France,Male,38,3,0.0,1,0,0,162664.58,0
8944,15571273,Jones,685,Spain,Female,28,7,0.0,1,1,0,12034.1,0
8945,15694009,Walker,623,Spain,Male,37,2,0.0,2,1,0,104454.22,0
8946,15642937,Williams,623,Germany,Female,52,8,141383.2,1,1,0,196039.17,1
8947,15582637,Young,685,France,Female,30,5,129433.15,1,1,0,120422.77,0
8948,15746001,Campbell,717,Germany,Male,44,1,106481.91,2,1,1,11111.26,0
8949,15641539,Allen,537,France,Male,53,7,144533.14,1,1,0,191991.96,1
8950,15812167,Perez,636,France,Female,41,10,112146.85,2,1,0,56428.71,0
8951,15623970,Becker,650,France,Female,37,3,63322.35,2,0,0,185763.41,0
8952,15591891,Ruiz,671,Germany,Male,31,10,79119.26,1,1,0,45864.38,0
8953,15601233,Diaz,777,France,Female,31,7,158930.53,1,1,1,98024.58,0
8954,15650297,Wilson,512,Spain,Male,34,8,0.0,1,0,1,25560.04,0
8955,15632805,Baker,743,France,Female,44,3,0.0,2,1,1,176123.14,0
8956,15757075,Torres,685,France,Female,70,5,158438.11,2,1,0,132753.1,0
8957,15736289,Campbell,602,Germany,Male,30,2,125427.53,1,1,0,21952.7,1
8958,15670386,Gonzalez,728,Germany,Male,42,6,189165.37,2,0,1,168949.43,0
8959,15597339,Johnson,613,France,Female,48,9,0.0,1,1,0,198454.24,1
8960,15705370,Clark,474,Germany,Male,37,7,95400.99,2,1,0,190500.23,0
8961,15713837,Lopez,350,France,Male,36,9,0.0,2,1,0,8556.89,0
8962,15710275,Anderson,532,France,Male,26,1,0.0,2,1,0,158748.81,0
8963,15593629,Rivera,597,Germany,Female,38,6,166415.29,1,1,0,185017.5,1
8964,15642746,Fernandez,667,Germany,Male,36,3,86630.7,2,0,0,198902.75,0
8965,15658211,Lopez,708,France,Male,33,6,71735.71,1,0,0,188605.22,0
8966,15763275,Williams,625,France,Female,40,1,109310.51,1,1,0,175220.58,1
8967,15725377,Campbell,513,Germany,Female,29,4,102536.04,1,1,0,180849.44,0
8968,15721807,Alvarez,613,France,Female,30,4,0.0,1,1,1,43040.28,0
8969,15698208,Garcia,629,Spain,Male,39,5,0.0,1,1,1,191180.84,0
8970,15802913,Clark,819,Germany,Male,56,8,126812.62,2,1,1,153870.98,0
8971,15766578,Wright,704,Spain,Male,35,6,0.0,1,1,1,61185.89,0
8972,15619988,Garcia,489,France,Male,37,9,0.0,4,0,1,91172.19,1
8973,15630262,Davis,619,Spain,Male,37,3,96257.98,1,1,0,63723.49,0
8974,15716660,Torres,718,France,Male,28,4,127004.86,2,0,0,138422.2,0
8975,15811593,King,652,France,Female,34,5,78302.35,1,0,1,25215.96,0
8976,15674259,Sanchez,492,France,Male,38,6,0.0,2,1,1,61732.42,0
8977,15637701,Torres,729,France,Male,38,9,113874.12,1,1,1,144672.34,0
8978,15693677,Wilson,685,Spain,Female,41,6,27575.8,1,0,1,157865.29,1
8979,15709895,King,635,Germany,Male,28,10,80070.97,1,1,0,99670.52,1
8980,15588067,Taylor,572,Germany,Female,31,5,164723.41,2,0,0,122403.46,1
8981,15572323,Girard,748,Germany,Male,25,5,65268.37,2,1,0,149514.18,0
8982,15790099,Baker,474,Germany,Female,53,7,117038.77,2,0,1,94778.81,1
8983,15806915,King,499,Germany,Male,33,1,134868.89,2,1,0,124385.58,0
8984,15773584,Schmidt,579,Spain,Male,39,1,0.0,2,1,1,25799.94,0
8985,15669196,Thomas,679,Germany,Female,36,3,196808.53,2,0,0,190953.98,0
8986,15632330,Vargas,518,Germany,Male,22,0,117656.45,1,1,1,42953.76,0
8987,15600358,Torres,597,France,Male,27,4,91096.25,1,0,1,90157.11,0
8988,15680940,Fournier,617,Spain,Male,36,3,0.0,2,0,0,181808.75,0
8989,15761069,Fischer,683,France,Male,42,6,154973.86,2,1,0,76349.72,0
8990,15785084,Becker,623,France,Male,41,10,0.0,2,0,0,42326.1,0
8991,15567002,Green,624,Spain,Female,26,6,127032.19,1,0,1,169495.48,0
8992,15626865,Wilson,582,France,Male,28,10,169287.05,1,1,1,23150.62,0
8993,15746075,Schneider,756,France,Female,40,6,122713.1,1,0,0,163830.67,1
8994,15591337,Brown,714,France,Female,41,6,159520.67,2,1,0,27028.68,0
8995,15800524,Green,711,France,Male,26,9,0.0,1,1,1,5467.48,0
8996,15706840,Nelson,575,Spain,Female,40,6,158286.1,2,1,0,41747.67,0
8997,15738871,Carter,600,Spain,Male,36,10,0.0,1,0,0,65362.69,0
8998,15801043,Adams,696,France,Male,34,6,0.0,2,1,1,81006.51,0
8999,15675082,Wilson,593,Spain,Female,56,3,104285.66,2,1,1,160064.71,0
9000,15695539,Dubois,560,Germany,Female,35,4,172286.54,2,0,0,174499.05,0
9001,15695992,Walker,678,Spain,Male,32,7,0.0,2,0,0,70776.05,0
9002,15690978,Hoffmann,523,France,Female,45,3,96571.65,1,1,1,33482.18,0
9003,15725649,Anderson,630,France,Female,44,8,168440.98,1,0,0,78392.32,0
9004,15781417,Fischer,737,France,Male,52,0,129006.73,1,1,1,154636.67,1
9005,15614505,Hoffmann,664,France,Female,43,8,0.0,2,0,1,191969.06,0
9006,15577775,Taylor,548,Germany,Female,43,0,89073.61,1,1,1,59842.44,1
9007,15735901,Miller,696,France,Female,37,1,88622.53,2,1,1,6576.72,0
9008,15762393,Taylor,592,Germany,Female,68,10,172791.32,2,1,1,175709.06,0
9009,15699384,Jones,732,Germany,Male,29,9,130026.96,1,1,0,66332.53,0
9010,15759733,Nelson,699,France,Female,41,8,119152.73,1,1,0,128594.07,1
9011,15662070,Mitchell,616,France,Male,28,10,109978.36,1,0,0,28351.31,1
9012,15627815,Lopez,577,Germany,Female,37,7,115168.24,1,0,1,90899.44,0
9013,15727222,Fournier,568,Spain,Female,36,1,0.0,1,1,0,85970.11,0
9014,15758159,Hoffmann,850,France,Female,37,9,131532.09,1,0,0,121016.58,0
9015,15813263,Martinez,428,Spain,Male,24,2,0.0,1,0,1,123474.54,0
9016,15591280,Vargas,479,Spain,Male,33,6,0.0,1,1,1,91515.48,0
9017,15773355,Thompson,757,Germany,Female,72,9,133639.99,1,1,0,195309.74,0
9018,15746166,Garcia,736,France,Male,38,7,0.0,1,1,1,193940.33,0
9019,15728785,Weber,685,Germany,Male,48,0,156673.63,2,1,0,41636.69,1
9020,15574508,Garcia,457,Spain,Male,40,8,100076.2,2,1,1,89384.75,0
9021,15684499,Lopez,702,France,Female,65,8,0.0,1,1,0,90170.51,0
9022,15584355,Diaz,555,Spain,Male,40,1,68661.91,2,0,1,82645.89,0
9023,15574407,Allen,640,Spain,Female,38,10,138284.47,2,0,0,6747.49,0
9024,15621804,Fernandez,689,France,Male,27,2,141658.22,2,1,1,120325.34,0
9025,15632423,Lewis,699,Germany,Female,27,0,119660.51,2,0,0,55561.57,0
9026,15614741,Martinez,587,Germany,Male,31,6,157463.46,2,1,1,2257.56,1
9027,15620134,Johnson,775,Spain,Male,35,7,101360.11,2,0,0,135840.69,0
9028,15755105,Martinez,729,Spain,Male,28,1,122077.57,1,1,1,173053.58,0
9029,15699200,Miller,557,France,Male,38,1,84353.24,2,1,1,6729.12,0
9030,15678444,Wilson,603,France,Female,37,7,115118.62,1,0,1,165455.64,0
9031,15626903,Green,576,France,Female,59,0,104805.39,1,1,0,122421.41,1
9032,15809983,Wilson,644,Spain,Female,62,9,0.0,2,1,0,66746.78,0
9033,15770195,Campbell,711,France,Female,45,2,0.0,3,1,1,117695.89,1
9034,15669506,Ramirez,470,Spain,Female,45,9,155016.18,2,1,0,102006.98,0
9035,15586034,Muller,458,France,Female,50,8,68203.87,1,1,0,129040.15,1
9036,15612701,Ruiz,569,France,Female,40,3,0.0,1,0,1,103787.56,1
9037,15603565,Green,781,Spain,Male,51,8,36453.42,1,1,0,86424.65,0
9038,15636787,Sanchez,673,Germany,Male,26,2,115849.82,2,0,1,4785.63,0
9039,15720862,Walker,803,France,Female,47,5,0.0,1,1,0,70792.0,0
9040,15718086,Thomas,635,France,Female,28,10,116018.55,2,1,1,64487.18,0
9041,15743915,Schneider,568,France,Female,29,9,0.0,3,1,0,40103.74,1
9042,15779415,Lee,487,France,Male,50,10,89360.5,1,0,1,57352.19,1
9043,15765778,Hall,570,France,Female,31,1,124642.33,3,1,0,193724.98,1
9044,15608102,Schneider,590,Germany,Male,29,3,94605.68,1,1,0,43972.93,0
9045,15713548,Diaz,415,France,Male,41,0,0.0,1,1,0,19720.8,1
9046,15693655,Nelson,568,France,Female,30,9,0.0,1,1,1,173327.83,0
9047,15779005,Nguyen,568,France,Female,29,8,0.0,1,1,1,102903.38,0
9048,15575107,Meyer,652,France,Male,26,9,157265.76,2,1,1,184000.63,0
9049,15699574,Wilson,646,Spain,Male,32,1,0.0,2,1,1,7388.44,0
9050,15596532,Young,681,France,Female,45,3,0.0,2,0,0,109380.61,1
9051,15705972,Garcia,493,France,Male,47,7,135742.58,1,1,1,61473.04,0
9052,15687954,Jackson,540,Germany,Male,34,3,125926.83,2,1,1,71570.45,0
9053,15653145,Nelson,740,Spain,Female,58,3,98098.39,2,1,1,148400.47,0
9054,15712463,Campbell,625,Spain,Female,42,10,0.0,1,0,1,148574.53,1
9055,15690984,Moore,732,Spain,Male,50,5,0.0,1,1,1,94918.41,1
9056,15717299,Carter,636,Spain,Male,31,8,0.0,2,1,0,6975.22,0
9057,15733640,Castillo,668,Germany,Female,34,8,119216.6,2,0,0,186901.31,0
9058,15605461,Rodriguez,701,Spain,Male,35,6,0.0,2,1,1,1677.02,0
9059,15626218,Allen,596,France,Male,33,8,149238.8,3,0,1,105525.98,1
9060,15677719,Thomas,585,Spain,Male,22,10,82236.49,1,1,1,40340.27,0
9061,15800899,Garcia,584,Spain,Male,37,5,0.0,2,0,1,99031.03,0
9062,15726424,Flores,642,Spain,Female,40,9,0.0,1,1,1,15693.19,0
9063,15711339,Meyer,706,France,Male,39,0,98556.64,1,0,1,4542.46,0
9064,15780331,Allen,611,Spain,Female,61,0,0.0,1,1,1,169113.49,1
9065,15812248,Martin,762,France,Male,62,4,140068.23,2,1,0,43582.7,0
9066,15659641,Weber,820,Germany,Female,24,5,131748.04,2,1,1,51013.08,0
9067,15797424,Walker,565,France,Female,55,3,0.0,2,0,1,3774.0,0
9068,15598003,Muller,765,Germany,Female,59,9,109066.65,2,1,1,162027.6,1
9069,15786751,Nelson,648,Germany,Female,23,0,111638.17,1,1,0,112666.9,0
9070,15565947,Nelson,687,France,Male,44,1,84691.53,1,0,0,161966.96,0
9071,15587069,Nguyen,637,France,Male,37,6,0.0,1,1,1,88475.95,0
9072,15687550,Nelson,768,France,Female,58,0,172172.95,1,1,1,128145.06,1
9073,15659547,Martin,684,Germany,Female,57,2,143223.73,1,1,0,105537.14,1
9074,15635103,Schmidt,616,Germany,Female,83,9,82668.09,3,1,0,155299.56,1
9075,15656638,Nguyen,610,Germany,Male,45,8,138562.9,2,1,0,68340.24,1
9076,15574030,Hall,533,France,Male,42,8,0.0,2,1,1,23237.28,0
9077,15649768,Dubois,595,Spain,Male,30,3,0.0,1,1,0,46798.25,0
9078,15587948,Davis,768,Germany,Female,32,1,133746.02,2,1,0,111368.82,0
9079,15762213,Gonzalez,755,France,Male,43,3,0.0,2,1,0,55499.47,1
9080,15566790,Young,588,France,Male,32,1,0.0,1,1,1,33283.74,0
9081,15772918,Nelson,543,France,Female,37,2,0.0,1,1,1,177311.18,0
9082,15633342,Hill,742,France,Male,25,9,86669.25,1,1,1,64443.29,0
9083,15736643,Jackson,692,France,Female,38,2,100753.65,2,1,1,7077.7,0
9084,15799848,Miller,458,France,Male,24,2,0.0,2,1,1,115009.79,0
9085,15758838,Vargas,850,France,Female,50,2,0.0,4,0,0,148681.89,1
9086,15703084,Adams,651,France,Male,39,1,130750.95,1,0,0,34175.05,0
9087,15733694,Clark,815,France,Female,31,9,0.0,1,0,0,99642.72,0
9088,15655455,Martinez,667,Spain,Male,35,9,87597.98,2,1,0,21088.54,0
9089,15598441,Martin,549,Germany,Male,32,2,95800.88,1,1,0,38753.34,0
9090,15618957,Taylor,669,France,Male,29,8,154494.06,3,1,1,51684.5,0
9091,15622648,Walker,508,Germany,Female,33,2,173174.15,2,0,0,159114.91,1
9092,15792701,Castillo,638,Germany,Female,33,4,119536.42,2,1,0,36244.0,0
9093,15616871,Schmidt,544,France,Male,34,10,0.0,1,0,1,18550.06,0
9094,15663767,Clark,630,France,Female,22,6,0.0,2,0,1,74088.32,0
9095,15671631,Rivera,674,France,Male,51,8,107064.81,3,1,0,196541.0,1
9096,15807555,Fernandez,679,Germany,Male,51,4,124844.98,2,1,0,107915.62,1
9097,15807902,Diaz,508,France,Male,36,6,100028.02,2,0,0,105421.21,0
9098,15807154,Moreau,587,France,Male,63,3,0.0,2,0,0,158826.56,0
9099,15619547,Roberts,458,Germany,Male,34,8,102098.12,2,1,0,94042.12,0
9100,15603291,Weber,710,Spain,Male,38,10,131147.32,1,1,0,144062.31,0
9101,15649035,Bernard,670,France,Male,42,1,0.0,2,1,0,13307.09,0
9102,15569557,Wright,536,Germany,Male,37,6,134862.58,1,1,1,55356.52,0
9103,15740862,Harris,786,France,Female,31,2,81055.74,1,1,1,85092.62,0
9104,15706437,Moreau,695,Germany,Female,37,7,101315.38,2,1,1,66476.04,0
9105,15635765,Harris,640,Germany,Male,26,5,113997.92,2,1,1,6652.59,0
9106,15612683,Moreau,604,Germany,Male,30,4,92140.38,2,1,1,98869.9,0
9107,15595561,Garcia,588,France,Female,48,4,120779.64,1,1,0,53055.47,1
9108,15597194,Thomas,573,France,Male,77,5,0.0,2,1,0,89435.32,0
9109,15658745,Walker,764,Spain,Female,31,2,121976.48,2,1,0,172740.56,0
9110,15624727,Thompson,677,France,Male,35,3,164040.98,2,1,0,23492.31,0
9111,15576494,Hall,548,Spain,Male,34,0,95291.78,1,1,0,100613.98,0
9112,15730560,Scott,776,France,Male,39,4,134161.21,1,1,0,74126.79,0
9113,15791384,Hoffmann,641,France,Female,50,6,0.0,1,1,1,61202.75,1
9114,15808370,Rodriguez,561,France,Male,38,6,0.0,1,1,1,78714.23,0
9115,15704030,Smith,842,France,Male,27,2,0.0,1,0,1,23977.87,0
9116,15805062,Martin,544,Spain,Male,32,8,0.0,2,1,1,113953.95,0
9117,15613801,Campbell,570,France,Female,41,4,106093.73,1,0,1,88637.59,0
9118,15681462,King,650,Germany,Male,33,8,147249.35,1,1,0,178103.46,0
9119,15660133,Ruiz,681,Germany,Female,34,9,128510.92,2,1,0,10535.39,0
9120,15658081,Lewis,577,Spain,Male,34,0,123648.53,2,1,0,140047.11,0
9121,15700397,Baker,436,Germany,Male,36,0,128296.73,2,0,0,7600.52,0
9122,15599284,Roberts,653,Spain,Male,29,5,0.0,2,1,0,93160.38,0
9123,15614811,Torres,549,Spain,Female,47,9,0.0,1,1,0,70028.81,0
9124,15703585,Rivera,615,France,Male,26,4,0.0,2,1,0,43442.81,0
9125,15655200,Rivera,571,Spain,Male,40,6,162931.45,2,0,0,197055.39,0
9126,15740431,Schneider,545,Spain,Female,32,6,101371.75,1,0,1,104681.69,0
9127,15810914,Moore,624,France,Male,37,8,0.0,2,1,1,182821.25,0
9128,15708323,Jackson,589,Germany,Male,54,9,97474.96,2,1,1,110996.49,0
9129,15773021,Lewis,569,France,Male,53,6,146194.82,1,0,1,192468.2,1
9130,15642750,Baker,744,Germany,Female,49,8,76257.77,1,0,1,190255.44,1
9131,15750126,Laurent,553,France,Male,57,6,132521.6,1,1,0,13672.32,1
9132,15578150,Moore,626,Germany,Female,72,3,70156.55,2,1,0,54806.7,0
9133,15620493,Rivera,646,France,Female,48,6,146686.51,2,0,1,181775.03,1
9134,15726922,Torres,486,Germany,Male,42,8,120952.43,1,0,1,64640.5,0
9135,15630177,Weber,542,France,Male,29,9,149852.98,1,1,1,97034.44,0
9136,15601149,Diaz,646,Germany,Female,44,1,83935.29,2,1,1,43912.49,1
9137,15672876,Schmidt,643,France,Female,38,3,0.0,2,1,1,166940.41,0
9138,15699428,Green,574,Germany,Female,61,1,138445.76,2,0,0,67943.96,1
9139,15746950,Nelson,647,France,Male,46,1,0.0,1,0,0,117503.27,0
9140,15761800,Walker,676,France,Female,28,2,0.0,1,1,1,97745.39,0
9141,15758496,King,707,France,Female,40,9,124437.84,1,1,1,128661.98,0
9142,15682392,Schneider,715,Spain,Female,48,4,104678.71,2,1,1,130663.24,0
9143,15779706,Meyer,767,France,Male,38,10,126015.39,2,1,0,38312.94,0
9144,15722335,Nguyen,660,Germany,Female,71,5,69917.76,2,0,0,48178.86,0
9145,15794810,Alvarez,515,France,Female,46,0,0.0,1,1,1,63817.43,0
9146,15777260,Wagner,621,Germany,Female,29,4,101845.06,1,1,0,158780.54,0
9147,15633710,Adams,527,France,Female,29,7,134579.97,2,0,1,82728.37,0
9148,15785455,Hoffmann,732,France,Female,30,6,0.0,2,1,0,125328.38,0
9149,15812121,Lewis,783,France,Male,32,4,70132.6,1,0,0,73558.2,0
9150,15700730,Wagner,649,France,Male,37,1,0.0,1,0,0,333.1,0
9151,15641794,Schmidt,763,France,Male,41,8,139465.15,2,1,1,108156.58,0
9152,15662124,Hill,756,France,Female,54,5,145547.01,1,1,1,72007.62,1
9153,15585412,Roberts,679,Germany,Male,48,8,130743.95,1,1,0,166992.95,1
9154,15697927,Thompson,701,Spain,Female,34,2,155394.39,2,0,0,166401.72,0
9155,15577253,Castillo,742,France,Female,34,1,130321.42,2,1,0,130566.87,0
9156,15702456,Weber,515,Spain,Female,47,4,0.0,1,1,1,20027.59,0
9157,15702941,Sanchez,674,France,Female,32,2,192132.1,1,1,1,130019.23,0
9158,15788545,Williams,704,France,Female,43,5,94976.21,1,1,1,89225.17,0
9159,15665891,Wilson,511,France,Male,26,5,0.0,1,1,0,190134.07,0
9160,15586152,Girard,835,France,Male,41,1,0.0,1,1,1,103317.95,1
9161,15717891,Robinson,756,France,Male,40,5,0.0,2,1,0,52672.1,0
9162,15718087,Fernandez,757,Spain,Female,32,4,0.0,1,0,1,120292.3,0
9163,15755948,Hill,690,Germany,Male,27,5,130088.55,2,0,1,109453.18,0
9164,15723255,Young,558,Germany,Male,26,8,101186.76,2,1,0,72566.32,0
9165,15807044,Clark,527,France,Female,39,5,0.0,2,1,1,138927.85,0
9166,15813809,Ramirez,640,France,Male,41,3,81490.45,2,1,0,99975.33,0
9167,15603722,Young,718,Germany,Female,24,9,158099.83,2,1,0,90523.35,0
9168,15804006,Taylor,703,France,Male,24,8,190534.03,2,1,1,193510.33,0
9169,15776338,Flores,816,France,Female,28,10,153040.55,1,1,1,106660.86,0
9170,15677666,Girard,620,France,Male,29,2,57803.36,1,1,0,99110.8,0
9171,15721279,Hall,615,France,Female,31,6,0.0,1,1,0,162599.63,0
9172,15649033,Williams,651,Germany,Female,39,8,149465.45,2,1,1,149033.28,0
9173,15718456,Martin,538,France,Male,49,9,0.0,1,1,1,27287.22,0
9174,15772093,Allen,796,France,Male,50,2,79598.37,1,1,1,101864.7,0
9175,15656662,King,626,Spain,Female,44,2,0.0,1,1,1,64809.21,0
9176,15604425,Adams,675,Spain,Male,49,10,0.0,1,1,1,128630.97,0
9177,15704080,Carter,729,France,Female,29,6,0.0,1,1,0,74540.74,0
9178,15668376,King,577,France,Male,44,1,78115.87,2,1,0,127508.72,1
9179,15626502,Hall,677,Spain,Female,46,2,170835.7,1,1,0,97575.11,1
9180,15630779,Fournier,649,France,Male,25,10,90682.54,1,1,1,96938.28,0
9181,15719920,Moreau,745,France,Female,54,9,107078.33,2,1,1,191397.25,0
9182,15784873,Wilson,651,France,Female,47,2,132575.91,2,1,0,181969.25,0
9183,15566630,Davis,373,France,Male,32,6,113134.3,2,0,0,196923.64,0
9184,15631875,Harris,559,Spain,Male,24,7,0.0,2,0,0,129387.4,0
9185,15794465,Harris,505,Spain,Female,39,4,0.0,1,1,1,142469.82,0
9186,15634809,Becker,837,Spain,Female,34,3,131006.21,1,1,0,38393.86,0
9187,15704185,Scott,787,Germany,Female,27,7,129698.98,2,1,0,13682.42,0
9188,15778808,Moore,441,Germany,Female,37,0,107342.35,1,0,0,47802.26,1
9189,15728318,Scott,552,Spain,Female,33,2,80603.35,1,0,0,68668.3,0
9190,15720049,White,516,Germany,Female,47,0,154334.93,2,1,0,16354.34,0
9191,15682410,Torres,671,France,Female,24,9,98255.28,1,1,0,87380.73,0
9192,15671014,Fernandez,557,France,Male,48,1,79004.68,1,1,1,82943.19,0
9193,15678506,Carter,624,Germany,Male,36,9,108958.53,2,1,0,122043.96,0
9194,15796326,Taylor,516,France,Female,44,4,0.0,1,1,1,175185.75,0
9195,15750699,Young,692,France,Female,56,1,77556.96,1,0,1,180144.33,1
9196,15757135,Smith,487,France,Male,41,6,0.0,2,1,1,128852.33,0
9197,15732561,Castillo,850,Germany,Male,48,3,119383.33,1,1,0,181367.03,1
9198,15566776,Anderson,796,France,Female,26,5,0.0,2,1,1,44386.82,0
9199,15636773,Carter,850,France,Female,26,10,153227.43,1,0,0,109701.24,0
9200,15681441,Rivera,709,France,Male,34,6,0.0,1,1,0,178507.05,0
9201,15650032,Hall,801,France,Female,31,0,0.0,2,1,1,187169.87,0
9202,15671673,Garcia,737,Spain,Male,42,1,0.0,1,0,0,199034.43,0
9203,15568997,Thomas,553,France,Male,42,8,196142.43,2,1,0,161915.03,0
9204,15657005,Rodriguez,614,France,Female,51,7,0.0,2,1,0,13485.19,0
9205,15659313,Muller,691,France,Male,36,5,0.0,1,0,0,157605.62,0
9206,15789489,Clark,762,Spain,Female,26,8,0.0,2,1,0,23731.28,0
9207,15602091,Flores,649,Germany,Male,52,2,110382.39,1,0,1,162161.57,1
9208,15666093,Baker,704,France,Female,51,2,0.0,2,1,0,32694.42,1
9209,15793126,Garcia,618,France,Male,34,4,79438.23,3,0,1,146918.6,1
9210,15718253,Rivera,610,Germany,Female,51,8,138683.8,1,0,0,170445.67,1
9211,15806096,Torres,507,Spain,Female,25,10,184888.0,2,1,0,27484.47,0
9212,15756837,Hall,693,France,Male,34,2,116909.25,1,0,1,4929.95,0
9213,15761427,Schmidt,602,France,Female,28,6,0.0,2,1,1,152501.87,0
9214,15583263,Rodriguez,525,France,Male,47,4,150857.79,1,1,1,114283.48,1
9215,15621184,Fernandez,592,France,Male,31,9,0.0,1,1,0,69652.76,0
9216,15688653,Girard,678,Germany,Female,49,8,106376.54,1,1,1,77187.44,1
9217,15591031,Fournier,715,Spain,Female,28,1,0.0,1,1,1,18090.46,0
9218,15748438,Carter,632,Spain,Female,67,7,159168.34,1,1,1,151260.64,0
9219,15647099,Perez,754,Spain,Female,34,0,0.0,2,1,1,179908.19,0
9220,15650547,Garcia,795,France,Male,33,5,0.0,2,0,0,34157.5,0
9221,15644232,Anderson,622,Spain,Male,46,2,104312.27,2,1,1,110748.99,0
9222,15775001,Miller,744,France,Male,41,4,82997.71,1,1,1,152694.71,0
9223,15666562,Schneider,585,France,Male,34,3,0.0,1,0,0,63609.68,0
9224,15642571,Wagner,524,Germany,Female,33,6,138679.0,2,1,1,188775.44,0
9225,15744244,Diaz,558,France,Male,59,9,113359.36,2,1,1,59642.54,0
9226,15573872,Campbell,566,Spain,Female,36,5,0.0,1,0,1,195722.18,0
9227,15571821,King,608,Spain,Male,36,9,130243.23,1,1,0,21395.23,0
9228,15801159,Diaz,842,Spain,Male,28,10,0.0,2,0,0,11212.58,0
9229,15651091,Hoffmann,599,Spain,Female,55,2,114663.81,1,1,1,97810.89,1
9230,15721638,Miller,613,France,Male,29,9,0.0,1,1,0,4633.48,0
9231,15580029,Torres,665,France,Female,29,2,164118.42,2,0,1,158573.24,0
9232,15725979,Fischer,522,Spain,Female,48,1,155245.36,2,0,0,145458.4,0
9233,15769609,Fischer,664,Germany,Female,21,2,136385.79,2,1,1,1964.33,0
9234,15757782,Scott,714,Spain,Female,39,4,162727.22,1,1,1,17875.01,0
9235,15619588,Dubois,794,France,Female,33,1,155240.61,3,1,0,91508.99,1
9236,15815287,Taylor,777,France,Male,35,6,0.0,2,1,1,194335.7,0
9237,15751651,Schneider,685,France,Female,29,6,131627.69,2,1,1,165283.26,0
9238,15593364,King,628,Germany,Male,31,7,123655.53,3,1,1,71820.4,1
9239,15738851,Fernandez,634,Spain,Male,24,10,179389.65,1,1,1,62714.31,0
9240,15751019,Jones,690,Spain,Female,46,1,0.0,1,0,0,145700.29,1
9241,15739897,Hoffmann,645,France,Female,34,10,0.0,2,0,0,60834.12,0
9242,15639976,Davis,641,France,Female,49,9,0.0,2,1,1,140591.43,1
9243,15606283,Becker,559,France,Female,70,0,125218.77,2,0,1,8404.67,0
9244,15661983,Muller,715,France,Female,28,6,0.0,2,1,0,164959.7,0
9245,15779235,Hall,679,France,Female,44,2,55208.53,1,0,1,37041.18,1
9246,15714857,Hill,577,Germany,Male,28,0,107144.9,2,0,0,72692.76,0
9247,15732478,Sanchez,794,France,Male,30,7,125765.63,1,1,1,142817.5,0
9248,15769341,Roberts,670,France,Male,36,0,0.0,2,0,0,43710.86,0
9249,15624250,Carter,512,Germany,Female,66,1,119814.86,2,1,0,199509.7,1
9250,15673017,Muller,742,Spain,Male,33,7,94123.94,2,0,0,68770.62,0
9251,15776025,Thompson,585,France,Male,35,0,131934.01,3,1,1,112777.29,0
9252,15784175,Alvarez,610,France,Male,39,8,0.0,2,1,1,171940.28,0
9253,15798259,Becker,632,Germany,Female,35,0,158953.24,1,1,0,194692.7,0
9254,15575691,Williams,734,Spain,Male,28,3,162997.47,2,1,1,180889.71,0
9255,15704371,Laurent,644,Spain,Male,51,2,0.0,2,1,1,182592.74,0
9256,15714712,Harris,710,France,Male,32,1,0.0,1,0,1,145467.51,0
9257,15808607,Girard,497,Germany,Male,26,5,130603.43,1,1,1,20229.61,0
9258,15572790,Carter,543,Spain,Male,40,2,172866.49,2,1,1,48364.52,0
9259,15779018,Hoffmann,653,France,Female,52,1,118446.88,1,1,1,135246.85,1
9260,15594644,Meyer,580,France,Male,29,4,131725.47,2,1,1,130683.44,0
9261,15617470,Williams,630,Spain,Male,34,5,127626.06,1,1,1,127001.52,0
9262,15693168,Garcia,722,France,Female,36,6,73437.04,3,1,0,25100.25,1
9263,15607976,Wilson,572,Germany,Female,32,0,109794.95,2,0,0,51998.02,0
9264,15697119,Ramirez,579,Spain,Male,36,2,97250.32,2,1,0,125148.22,0
9265,15644837,Thompson,661,France,Male,58,0,127062.6,2,1,0,93769.6,1
9266,15807830,Nelson,444,Germany,Female,36,8,99512.82,2,0,0,126998.26,0
9267,15599449,Martinez,748,France,Female,42,6,120978.37,2,0,1,49855.22,0
9268,15766569,Flores,663,Spain,Male,33,2,0.0,1,1,0,106835.76,0
9269,15649964,Taylor,659,Spain,Female,39,5,120919.5,1,0,1,5449.13,0
9270,15722038,Ruiz,598,Spain,Male,41,8,152041.13,2,0,1,9309.6,0
9271,15643319,Lopez,717,France,Male,46,8,0.0,2,1,1,60750.91,0
9272,15665210,Vargas,634,Spain,Male,32,10,0.0,2,1,1,2492.36,0
9273,15734105,Scott,769,Spain,Female,34,2,0.0,2,1,1,80598.95,0
9274,15741524,Nelson,484,Germany,Male,47,1,103769.2,2,1,0,63122.01,1
9275,15648447,Moreau,656,Germany,Male,33,8,87725.38,2,0,1,99740.38,0
9276,15573798,Thomas,654,France,Male,28,10,152213.58,2,1,1,18802.39,0
9277,15793086,Baker,680,Spain,Male,32,1,100271.97,1,1,1,90174.21,0
9278,15631424,Hill,786,France,Male,46,7,89653.94,2,1,1,33658.55,0
9279,15784441,Harris,518,France,Male,49,6,165576.51,1,0,0,87272.87,0
9280,15590973,Gonzalez,515,Spain,Female,44,9,0.0,1,1,1,39875.36,0
9281,15603000,Girard,616,Spain,Male,51,2,0.0,2,1,1,132434.91,0
9282,15770643,Hill,466,Spain,Male,57,3,146784.15,2,1,0,39064.33,1
9283,15734325,Meyer,850,France,Female,68,6,106063.09,1,1,1,6798.46,1
9284,15581952,Lewis,741,France,Male,45,9,0.0,2,1,1,196107.88,0
9285,15751064,Nelson,700,France,Male,35,9,0.0,1,0,0,139001.97,0
9286,15576898,Thompson,726,France,Female,26,5,0.0,2,1,1,155064.82,0
9287,15753569,Carter,773,Spain,Female,27,4,0.0,2,0,0,10173.34,0
9288,15763349,Miller,590,Germany,Male,30,2,86411.74,2,1,0,131798.68,0
9289,15702387,Navarro,615,France,Male,49,4,102883.42,1,1,0,106208.11,0
9290,15706183,Nguyen,683,France,Male,30,10,0.0,1,0,1,183973.11,0
9291,15732510,Mitchell,601,France,Male,30,2,110210.65,1,1,0,139221.59,0
9292,15569359,Schneider,560,Spain,Female,31,10,127623.4,2,1,1,41171.27,0
9293,15682249,Becker,599,Germany,Female,36,3,76726.49,1,1,1,32211.31,0
9294,15745804,Smith,687,France,Male,40,1,0.0,1,1,0,45349.3,0
9295,15770305,Allen,738,France,Male,40,7,0.0,2,0,1,121547.33,0
9296,15664201,Williams,527,France,Male,31,5,102331.03,1,0,0,88914.18,0
9297,15736861,Becker,632,France,Male,48,8,117030.49,1,0,1,191435.54,0
9298,15711673,Lewis,645,Spain,Female,36,10,119347.37,1,1,1,150338.75,0
9299,15754359,Lee,515,Germany,Male,46,1,126970.17,2,1,0,23874.16,0
9300,15735489,Perez,694,France,Female,37,6,0.0,2,1,1,190098.23,0
9301,15588505,Jackson,640,Spain,Female,31,2,124981.68,1,1,1,151474.62,0
9302,15738181,Castillo,559,France,Female,33,5,140402.45,2,0,0,5572.68,0
9303,15764165,King,603,France,Female,29,2,0.0,1,1,0,180498.23,0
9304,15607564,Walker,702,Germany,Female,25,2,112768.7,2,1,1,131274.12,0
9305,15724994,Schmidt,745,France,Female,38,5,0.0,1,1,1,73646.39,0
9306,15811040,Flores,683,France,Male,28,4,145844.95,1,1,1,11181.23,0
9307,15627408,Navarro,835,Spain,Male,27,8,81909.11,2,1,1,160723.25,0
9308,15708329,Ruiz,758,Spain,Male,45,5,0.0,1,1,0,42630.68,0
9309,15774818,Rivera,703,France,Female,52,6,185837.09,1,1,0,94282.46,1
9310,15659917,Schneider,582,Germany,Female,30,7,105011.05,1,0,1,191059.4,1
9311,15656950,Taylor,760,France,Male,92,0,0.0,1,1,0,151999.46,0
9312,15578795,Weber,575,Germany,Female,45,4,114385.41,2,1,1,111189.44,0
9313,15605180,Flores,722,France,Female,38,5,149822.48,1,1,1,75502.46,0
9314,15814164,Wright,413,Germany,Female,24,6,92578.13,1,0,0,132044.52,0
9315,15746580,Moreau,602,France,Male,42,0,0.0,1,0,1,120144.86,1
9316,15754885,Lewis,514,Spain,Male,28,1,153813.17,1,1,1,49012.45,0
9317,15740901,Schneider,622,Spain,Male,29,9,0.0,2,1,1,160319.2,0
9318,15679683,Rodriguez,501,France,Male,43,8,0.0,2,1,1,23891.28,0
9319,15603476,Wagner,653,Spain,Female,64,4,121522.9,2,1,1,42313.71,0
9320,15694522,Young,695,France,Male,38,0,0.0,1,0,0,28773.99,0
9321,15713736,Baker,587,Germany,Male,48,2,114058.16,2,1,0,121621.37,1
9322,15779649,Martinez,619,France,Male,63,7,0.0,1,1,1,7243.78,0
9323,15801924,Nelson,671,France,Female,25,7,134393.57,1,1,0,191390.64,0
9324,15577551,Martinez,645,Germany,Male,43,9,120771.84,2,1,1,124886.88,0
9325,15610689,Robinson,781,France,Female,53,6,47355.4,1,1,1,180087.28,1
9326,15765933,Castillo,584,Germany,Male,50,8,110010.5,3,1,0,24578.3,1
9327,15591862,Gonzalez,702,Germany,Female,52,2,121173.32,2,1,1,42038.88,1
9328,15778933,Laurent,675,France,Male,32,1,0.0,1,1,0,150761.71,0
9329,15791538,Castillo,496,France,Male,40,3,0.0,2,0,1,168819.42,0
9330,15685333,Baker,658,Germany,Female,53,9,178451.63,2,0,0,53806.68,1
9331,15756281,Roberts,642,Germany,Female,43,9,106211.89,2,1,1,144583.76,1
9332,15693568,Carter,602,France,Female,27,0,133004.82,1,1,1,168916.18,0
9333,15576501,Wilson,822,France,Female,28,2,0.0,2,1,0,60263.43,0
9334,15715819,Jackson,775,Germany,Male,51,0,133752.67,1,1,1,69919.23,1
9335,15665817,Romero,576,Germany,Female,21,8,75222.84,1,1,1,81700.98,0
9336,15801619,Weber,712,Spain,Male,44,9,0.0,1,0,1,152084.91,0
9337,15769357,Jones,722,France,Female,46,10,129632.72,2,1,1,71128.18,0
9338,15775448,Fernandez,664,Germany,Female,41,2,103677.92,1,1,1,21348.55,1
9339,15619100,Nelson,543,Germany,Female,46,5,107507.1,2,1,0,112007.63,0
9340,15592592,Smith,558,France,Female,46,4,0.0,1,0,1,10831.74,1
9341,15568124,Adams,701,France,Female,22,10,0.0,1,1,1,111644.68,0
9342,15668807,Wilson,699,France,Male,24,10,0.0,1,1,0,59718.66,0
9343,15809312,Lewis,622,Spain,Male,30,9,0.0,2,1,0,137743.77,0
9344,15734716,Vargas,778,France,Female,41,2,0.0,1,0,1,36699.08,0
9345,15636451,Carter,795,Germany,Female,40,3,186235.19,2,0,1,149525.94,1
9346,15782158,Navarro,794,Germany,Male,28,8,112845.58,1,0,1,185688.02,0
9347,15596228,Smith,794,France,Female,54,6,52666.4,2,1,1,148643.31,0
9348,15698383,Becker,648,Spain,Male,69,6,109174.93,2,1,1,60114.12,0
9349,15647358,Campbell,521,Germany,Female,46,0,116411.93,2,1,1,108767.07,1
9350,15723982,Brown,619,France,Female,40,4,0.0,2,1,0,167757.12,1
9351,15645523,Fournier,639,Spain,Male,41,10,98299.96,1,1,1,157625.89,0
9352,15566390,Hoffmann,589,Germany,Male,31,5,98833.8,1,1,1,11083.71,0
9353,15623014,Weber,613,France,Female,27,9,0.0,1,0,1,12320.13,0
9354,15787682,Lopez,538,Germany,Male,49,4,80995.42,2,0,0,22158.12,0
9355,15697952,Hill,719,Germany,Female,46,9,66122.62,1,1,0,91786.88,0
9356,15739582,Schneider,808,France,Male,49,9,122123.28,2,1,0,36070.54,0
9357,15697202,Clark,850,Spain,Male,41,6,76115.89,2,0,0,140176.81,0
9358,15625893,Brown,674,Germany,Male,26,8,110442.68,2,0,0,179533.21,0
9359,15590547,Scott,633,Germany,Female,26,0,139145.18,1,1,0,4433.56,0
9360,15587874,Lopez,646,France,Female,28,4,0.0,1,0,1,148714.06,0
9361,15650731,Williams,782,France,Female,57,0,0.0,1,1,0,7515.46,1
9362,15784340,Laurent,780,France,Female,26,7,0.0,2,0,0,15538.21,0
9363,15694066,Roberts,627,Germany,Female,35,3,73900.79,2,1,1,86604.14,0
9364,15596487,Nelson,767,Germany,Male,32,5,107065.06,2,1,1,199897.83,0
9365,15687601,Harris,666,Spain,Male,26,9,0.0,1,1,0,59372.87,0
9366,15584416,Jackson,579,France,Female,42,8,0.0,2,1,1,102413.98,0
9367,15728938,Brown,635,Germany,Male,57,7,130985.99,2,1,1,195487.25,1
9368,15797001,Walker,815,Spain,Female,36,0,0.0,1,1,1,125896.54,0
9369,15769881,Romero,720,Spain,Female,25,6,125498.62,1,1,0,72813.87,0
9370,15662101,Rivera,601,Spain,Female,34,3,0.0,2,1,0,65479.51,0
9371,15585899,Wright,741,Spain,Female,31,10,118064.5,2,1,0,56372.67,0
9372,15591130,Martinez,719,France,Female,34,3,0.0,2,1,1,16484.8,0
9373,15566223,Wagner,620,Germany,Female,35,8,144831.63,2,1,0,20785.53,0
9374,15737947,Moore,578,Spain,Female,61,6,78186.22,1,1,0,146128.65,1
9375,15712776,Miller,542,Germany,Male,41,3,88676.4,2,1,1,111240.29,0
9376,15719372,Schmidt,491,France,Male,41,2,0.0,1,1,0,25854.29,0
9377,15804522,Hoffmann,587,Spain,Male,31,2,0.0,2,1,1,80556.55,0
9378,15656768,Fernandez,633,France,Female,48,5,130936.29,1,1,0,46800.46,1
9379,15787591,Perez,772,France,Female,50,9,0.0,1,0,0,83918.9,1
9380,15750856,Walker,730,France,Female,44,10,0.0,2,1,0,124745.57,1
9381,15718620,Hoffmann,669,France,Male,43,3,0.0,1,1,1,24690.68,0
9382,15800078,Gonzalez,468,France,Female,26,0,126551.23,1,0,0,143823.87,1
9383,15792978,Moreau,679,France,Male,41,2,117393.15,1,1,1,7806.85,1
9384,15747289,Clark,490,Spain,Female,56,5,0.0,1,1,0,2130.17,1
9385,15599421,Rivera,735,France,Male,42,4,0.0,1,1,1,169414.41,0
9386,15804332,Gonzalez,737,Germany,Female,46,1,161886.4,1,0,1,142519.85,1
9387,15752708,Perez,655,Spain,Female,34,1,146729.99,2,1,1,16775.66,0
9388,15696468,Robinson,729,Spain,Male,31,6,0.0,1,1,1,12207.12,0
9389,15673148,Castillo,748,France,Male,28,2,155538.67,1,1,1,165615.39,0
9390,15583199,Wright,661,France,Male,52,2,165031.55,1,0,0,17999.7,0
9391,15707517,Jones,636,Germany,Male,36,4,183519.84,2,1,0,148846.0,0
9392,15759871,Martinez,521,Spain,Male,50,9,0.0,1,0,0,124844.13,1
9393,15730778,Fischer,616,Germany,Male,33,9,87919.09,1,0,1,168193.57,0
9394,15799042,Green,553,France,Male,51,3,0.0,2,0,0,90642.47,0
9395,15685405,Navarro,552,Germany,Male,38,8,88460.5,2,1,1,115593.98,0
9396,15639221,Navarro,579,Germany,Female,34,10,150148.72,1,1,0,27536.83,0
9397,15569320,King,460,Germany,Male,34,3,196203.87,1,1,0,176930.91,1
9398,15759848,Sanchez,745,Spain,Male,47,0,0.0,1,1,1,72144.41,0
9399,15765036,Rivera,671,Spain,Female,41,2,0.0,2,1,1,45346.87,1
9400,15595712,Schneider,763,Germany,Male,48,9,135074.14,2,0,0,5981.22,1
9401,15787913,Martinez,728,Germany,Female,55,1,137065.19,2,1,1,90619.17,1
9402,15775587,Diaz,698,Germany,Female,35,2,157970.21,1,0,1,325.84,0
9403,15635699,Wagner,727,Germany,Female,44,10,102413.31,1,1,0,123520.77,1
9404,15678647,Schmidt,665,France,Male,36,2,133715.69,3,0,1,147673.83,0
9405,15597701,Castillo,777,Germany,Male,33,5,144535.75,1,0,0,22398.24,0
9406,15647546,Adams,601,Germany,Female,42,9,127587.6,1,1,0,93192.51,1
9407,15746609,Scott,648,France,Female,21,9,0.0,3,1,1,92049.45,0
9408,15649710,Vargas,623,France,Male,26,3,0.0,1,1,1,27292.49,0
9409,15759298,Wagner,846,Germany,Female,49,2,78592.62,1,1,0,101913.24,1
9410,15766345,Thomas,589,Germany,Female,40,6,153253.16,1,1,1,131693.23,0
9411,15690525,Davis,775,France,Female,31,3,167225.3,2,0,0,140658.91,0
9412,15766459,Williams,518,France,Male,41,8,86993.22,4,0,0,25672.83,1
9413,15768882,Brown,660,France,Male,25,7,0.0,2,0,1,145700.0,0
9414,15609025,Baker,632,Spain,Male,28,4,58925.43,3,0,1,132548.62,0
9415,15616036,Davis,551,Spain,Male,28,4,101409.17,1,1,0,30263.61,0
9416,15769335,White,586,Germany,Female,27,1,131082.34,2,0,0,39622.41,0
9417,15677998,Rivera,699,France,Male,35,7,145178.65,2,0,0,64580.41,0
9418,15651642,Carter,617,Germany,Male,40,10,99706.03,1,1,1,146869.43,1
9419,15760476,Baker,556,Germany,Male,79,9,116834.46,2,0,0,65591.45,0
9420,15771705,Johnson,737,Spain,Female,52,7,117905.34,2,0,0,151284.97,1
9421,15730765,Wilson,648,France,Female,23,8,0.0,2,0,0,134003.47,0
9422,15760085,Perez,682,France,Female,61,9,0.0,2,0,1,146174.48,0
9423,15655700,Hall,756,Germany,Female,31,2,125793.96,1,1,1,14842.15,0
9424,15708639,Weber,800,France,Female,43,8,0.0,1,1,0,88533.88,1
9425,15590020,Rodriguez,428,Germany,Male,35,1,118070.97,2,1,1,34160.22,0
9426,15603771,Diaz,640,Spain,Male,63,8,0.0,2,1,1,15644.92,0
9427,15607302,Sanchez,487,France,Female,50,2,95853.34,1,0,1,58772.8,1
9428,15642976,Ramirez,850,France,Female,59,6,85515.85,2,1,0,128298.63,0
9429,15654110,Weber,665,Germany,Male,44,0,86806.78,2,1,0,144968.94,0
9430,15649655,Taylor,744,Spain,Female,33,0,192050.54,1,1,0,181225.41,0
9431,15608966,Schneider,589,France,Male,46,7,0.0,1,1,1,143915.47,0
9432,15720004,Nelson,616,France,Female,55,9,90651.09,2,0,1,16941.92,0
9433,15581298,Baker,757,Germany,Female,30,1,123374.93,1,0,0,141432.39,1
9434,15691384,Perez,700,France,Male,42,9,0.0,2,1,0,16910.27,0
9435,15695012,Scott,813,Spain,Female,48,8,0.0,1,1,0,165981.86,1
9436,15660914,Weber,569,Germany,Female,32,7,102879.17,2,1,1,7525.88,0
9437,15723480,Miller,629,France,Female,34,2,0.0,2,1,0,110046.57,0
9438,15663845,Garcia,700,Spain,Female,36,9,0.0,1,1,1,163937.76,0
9439,15624654,Brown,715,Germany,Male,42,6,104589.4,1,1,1,72711.09,1
9440,15619380,Jackson,691,France,Male,38,2,144829.35,1,1,0,83274.28,0
9441,15720518,Brown,522,Germany,Male,39,9,125114.82,2,0,0,131657.53,0
9442,15610329,Rivera,559,Spain,Male,65,3,0.0,1,1,1,64428.12,0
9443,15657817,Anderson,683,Germany,Male,37,5,86218.92,2,1,0,189274.54,0
9444,15638752,Taylor,500,France,Male,58,1,112469.09,2,1,0,39601.7,0
9445,15807462,Clark,564,Germany,Male,76,4,151609.75,1,1,0,7491.56,0
9446,15695886,Perez,654,France,Female,30,7,0.0,1,0,0,188040.39,0
9447,15623451,Harris,575,Germany,Male,51,9,170715.73,1,1,1,92309.88,1
9448,15596129,Schmidt,672,Germany,Male,33,4,123406.41,2,1,0,161890.76,0
9449,15796209,Fournier,641,France,Female,50,6,139427.05,2,1,0,134354.92,0
9450,15625354,Nguyen,574,France,Female,33,1,0.0,2,1,0,156516.14,0
9451,15779404,Schmidt,576,Spain,Female,23,2,141667.05,2,0,0,70662.18,0
9452,15798081,Clark,774,France,Male,47,6,93926.86,1,0,1,189301.04,1
9453,15729152,Fernandez,687,Spain,Female,39,0,0.0,2,0,0,53082.23,0
9454,15658489,Garcia,674,Germany,Male,56,3,84096.11,2,1,0,124782.18,0
9455,15680183,Wagner,655,Germany,Female,33,0,150145.27,1,0,0,105823.93,0
9456,15571253,Weber,562,France,Female,37,5,88341.46,2,1,0,12891.98,0
9457,15605667,Lee,595,France,Male,32,2,134183.15,1,1,0,162780.46,0
9458,15692378,Becker,417,France,Female,27,2,130890.12,1,1,0,18272.17,0
9459,15783141,Nguyen,588,Germany,Female,42,5,128168.37,2,0,0,153948.58,0
9460,15725871,Garcia,590,Spain,Male,37,1,114620.89,2,1,0,89803.87,0
9461,15729610,Torres,703,Spain,Male,24,8,0.0,1,1,0,137638.74,0
9462,15668326,Davis,591,France,Female,57,4,0.0,1,1,0,77591.56,0
9463,15643155,Walker,726,France,Male,39,9,0.0,1,1,0,133005.36,0
9464,15736696,Walker,625,France,Male,32,2,0.0,1,1,1,127661.82,0
9465,15787158,Navarro,664,Spain,Male,48,0,0.0,4,0,0,79839.27,1
9466,15637673,White,647,France,Female,52,4,0.0,2,1,0,170708.41,0
9467,15801298,Thomas,718,France,Male,28,1,80130.38,1,1,1,189027.4,0
9468,15764619,Diaz,767,Germany,Female,27,4,111784.47,2,1,0,189431.35,0
9469,15594097,Flores,554,Germany,Female,34,8,139157.26,1,1,0,161453.75,0
9470,15624535,Moreau,821,France,Male,43,10,0.0,1,1,1,35181.88,1
9471,15702381,Lopez,567,Germany,Male,60,5,76861.53,1,1,0,192944.46,1
9472,15649921,King,632,France,Female,21,2,127650.94,1,0,1,115225.74,0
9473,15726666,Nguyen,599,France,Male,67,4,114006.24,1,1,1,43048.74,1
9474,15629104,Becker,796,France,Male,40,3,0.0,2,0,1,118872.57,0
9475,15601148,Ruiz,547,France,Male,55,1,128315.33,1,1,1,120916.88,1
9476,15630910,Sanchez,720,Spain,Female,54,8,0.0,1,1,0,86174.94,1
9477,15689015,Weber,436,Germany,Female,37,8,107583.32,2,1,0,22096.12,0
9478,15634025,Alvarez,729,Spain,Male,34,3,144393.13,2,1,0,133040.28,0
9479,15648144,Martinez,631,France,Male,44,5,123255.93,3,0,0,33817.98,0
9480,15657788,Martin,614,Germany,Male,40,5,89860.97,2,1,1,52269.31,0
9481,15756558,Robinson,583,Spain,Female,32,4,61920.5,1,1,0,157916.72,0
9482,15572222,Fournier,644,France,Male,37,8,126890.81,1,1,0,133207.31,0
9483,15726952,Roberts,616,Spain,Female,35,7,118303.2,2,1,0,30140.22,0
9484,15798816,Wright,505,Germany,Female,38,0,98588.59,1,1,0,113210.24,0
9485,15617923,Meyer,574,Germany,Male,52,2,102223.54,2,1,0,52576.02,1
9486,15607654,Sanchez,727,France,Female,34,10,0.0,2,1,1,144322.37,0
9487,15697510,Wright,611,Germany,Female,41,4,127995.28,2,1,0,69956.1,1
9488,15647790,Wagner,573,Germany,Female,37,5,88396.06,2,1,1,39823.22,0
9489,15579047,Nguyen,655,Spain,Male,37,8,0.0,1,1,1,67877.7,0
9490,15737171,Johnson,697,Spain,Female,35,8,105716.02,2,1,1,175721.8,0
9491,15653200,Fischer,713,France,Male,44,6,74959.85,2,0,1,9592.74,0
9492,15620850,Ruiz,683,Spain,Female,22,10,0.0,2,1,1,146298.09,0
9493,15783923,Jones,767,Spain,Male,44,6,0.0,1,1,0,186680.82,1
9494,15643715,Hill,655,Germany,Male,40,9,191502.25,1,0,1,51366.0,1
9495,15594954,Torres,627,France,Female,40,5,0.0,1,0,1,32496.42,1
9496,15802882,Campbell,735,France,Male,46,2,0.0,1,1,1,187633.47,1
9497,15681674,Allen,581,France,Male,25,1,121647.33,2,1,1,81397.61,0
9498,15687584,Sanchez,611,France,Female,51,6,105768.03,1,1,1,41289.12,1
9499,15611466,Scott,495,Spain,Male,35,9,0.0,2,1,1,63109.77,0
9500,15771289,Fournier,826,France,Female,35,4,80009.22,2,1,0,103468.16,1
9501,15746747,Baker,850,Germany,Female,30,7,100704.91,1,0,0,83471.3,1
9502,15772431,Jackson,633,Germany,Male,31,5,97826.81,1,0,1,106022.59,0
9503,15683952,Robinson,724,Germany,Female,25,8,107380.06,1,1,0,77543.96,0
9504,15674679,Moore,718,France,Female,39,8,0.0,2,0,0,106087.97,0
9505,15800217,White,668,Germany,Female,33,7,146791.17,1,1,0,180565.44,0
9506,15632311,Girard,768,Germany,Male,49,3,87436.62,2,1,0,163852.96,1
9507,15793351,Robinson,527,Germany,Female,42,4,97608.84,2,0,1,119098.0,0
9508,15663356,Diaz,632,France,Female,40,5,0.0,1,1,1,84289.22,1
9509,15656360,Brown,448,Germany,Male,34,9,95165.07,2,1,0,169626.15,0
9510,15615121,Meyer,552,France,Female,36,6,0.0,2,1,1,70874.37,0
9511,15780366,Sanchez,492,Germany,Male,59,1,92082.63,2,1,1,176062.58,1
9512,15766544,Taylor,472,France,Male,34,2,110073.3,2,0,0,37681.87,0
9513,15783973,Green,602,France,Male,22,3,107850.87,2,1,0,54016.42,0
9514,15633180,Miller,685,Spain,Female,35,6,0.0,1,1,1,120087.29,0
9515,15776558,Martin,585,France,Male,29,8,183656.11,2,0,1,139731.7,0
9516,15631840,Fournier,597,Spain,Male,35,1,157003.86,2,1,0,183980.24,0
9517,15611584,Clark,579,Spain,Male,38,7,0.0,2,0,1,84886.25,0
9518,15804715,Robinson,664,France,Male,29,6,127813.25,2,1,1,82262.82,0
9519,15587200,Johnson,591,France,Female,24,2,174432.89,2,1,0,13529.12,0
9520,15811597,Laurent,552,France,Male,36,1,113716.99,1,0,0,135716.79,0
9521,15621838,Navarro,740,Spain,Male,57,1,0.0,2,0,0,156983.83,1
9522,15600894,Green,565,Germany,Female,38,8,116778.98,2,1,0,2007.61,0
9523,15789741,Adams,527,France,Male,41,2,115018.44,2,1,0,128210.52,0
9524,15786938,King,722,Germany,Male,34,2,127955.59,1,1,1,59772.56,0
9525,15615366,Moore,487,France,Female,43,4,0.0,1,1,0,149848.21,1
9526,15653393,Rivera,769,Germany,Female,46,7,54429.37,2,1,1,14252.65,0
9527,15633677,Romero,550,Germany,Male,53,4,126593.35,3,1,0,98313.26,1
9528,15632361,Hill,658,France,Female,58,6,0.0,1,1,0,174388.44,1
9529,15735536,Rodriguez,554,Spain,Female,41,4,132649.68,2,0,0,196244.05,1
9530,15777766,Fournier,651,France,Female,53,4,0.0,1,1,0,144100.35,1
9531,15736229,Hill,599,Germany,Male,49,6,77131.81,1,1,0,16945.26,0
9532,15699718,Perez,555,Germany,Female,43,7,153188.98,1,0,1,108485.69,1
9533,15654801,Bernard,494,Spain,Female,37,8,0.0,2,1,1,105564.71,0
9534,15576134,Johnson,598,France,Female,23,9,0.0,2,1,1,97736.52,0
9535,15777182,Perez,696,Spain,Female,70,3,101138.41,2,1,1,93992.94,0
9536,15686624,Smith,715,France,Female,39,1,0.0,2,1,0,4249.28,0
9537,15730072,Scott,580,Spain,Female,33,1,146556.22,2,1,1,137342.37,0
9538,15664962,Fournier,581,France,Male,33,7,131299.1,2,0,1,120095.27,0
9539,15681107,Adams,633,Germany,Male,46,4,130268.7,2,0,0,109580.06,0
9540,15686411,Schneider,650,France,Female,28,4,0.0,2,1,1,142895.42,0
9541,15670505,Clark,650,Spain,Male,57,8,105994.32,2,0,0,110463.79,1
9542,15778822,Johnson,608,Spain,Female,41,7,107623.32,2,0,0,85351.87,0
9543,15733134,Davis,615,France,Female,32,10,0.0,1,1,1,66865.04,0
9544,15681085,Moreau,622,Germany,Female,44,9,102778.08,1,0,1,79133.74,0
9545,15571041,Castillo,416,Germany,Male,47,8,136038.78,2,1,0,103667.74,0
9546,15625010,Bernard,611,France,Female,31,7,138066.44,2,0,1,74886.87,0
9547,15629294,Flores,726,Germany,Female,44,9,139342.49,2,1,1,88096.01,1
9548,15730534,King,785,Germany,Male,34,1,107086.09,1,1,0,127704.73,1
9549,15690554,Taylor,764,Germany,Female,56,10,93749.38,2,1,0,110856.31,1
9550,15719139,Young,659,France,Male,34,4,120009.17,1,1,0,87260.1,0
9551,15738812,Torres,535,Spain,Female,35,2,105376.63,1,1,0,174247.69,0
9552,15587932,Johnson,597,France,Male,22,6,101119.78,2,0,1,68600.27,0
9553,15607847,Thomas,576,Germany,Female,52,9,111515.57,2,1,0,53650.76,1
9554,15715019,Diaz,513,France,Male,35,1,137528.1,3,1,1,68042.48,1
9555,15691656,Adams,559,France,Male,34,1,0.0,1,1,1,124978.76,0
9556,15587180,Robinson,579,France,Male,54,7,170012.07,2,1,1,1713.9,1
9557,15669682,Thompson,515,France,Male,42,7,135333.72,1,1,1,72819.16,1
9558,15667125,Diaz,740,Germany,Female,30,7,105946.71,1,1,0,8825.26,0
9559,15595185,Flores,709,Germany,Female,41,9,141263.53,1,0,0,157567.43,1
9560,15618664,Becker,645,Germany,Male,43,8,93269.69,2,1,0,73815.1,1
9561,15604144,Allen,687,Germany,Male,36,8,124598.38,1,1,1,32681.76,0
9562,15760610,Schmidt,680,France,Female,63,1,0.0,1,0,1,99301.0,0
9563,15623447,Moore,579,France,Male,36,3,139459.7,1,1,0,72958.65,0
9564,15653922,Moore,824,Germany,Male,38,7,115648.67,1,0,1,185378.19,0
9565,15768640,Taylor,575,Germany,Male,38,9,87549.69,2,1,1,133828.85,0
9566,15659200,Schmidt,488,Germany,Female,46,4,119580.81,1,0,1,95470.78,0
9567,15700650,Lewis,666,France,Female,30,6,156543.32,2,1,1,193701.01,0
9568,15616803,Thomas,705,Spain,Male,48,2,0.0,1,0,0,146153.7,1
9569,15586755,Lopez,621,France,Female,73,9,98730.7,1,0,1,38936.11,0
9570,15789129,Jackson,771,Germany,Female,26,5,112705.62,1,1,0,92924.66,0
9571,15701168,Perez,668,France,Female,30,1,0.0,4,1,0,100157.27,1
9572,15792244,Bernard,570,Germany,Female,26,6,86995.37,2,1,1,182993.68,0
9573,15585808,Lewis,592,France,Female,23,2,101490.25,2,0,1,111272.66,0
9574,15572072,Johnson,664,Germany,Female,30,5,89321.99,1,1,1,137276.69,0
9575,15672993,Mitchell,658,France,Female,30,3,0.0,2,0,0,32693.99,0
9576,15767344,Flores,768,Germany,Male,48,9,91850.24,2,1,1,81089.41,0
9577,15566373,Wilson,731,France,Female,53,9,123420.72,1,1,0,36233.82,1
9578,15758989,Harris,498,Germany,Female,41,1,99865.23,1,1,0,89925.42,1
9579,15647927,Garcia,634,France,Male,51,3,0.0,1,1,1,174037.39,1
9580,15663904,White,529,France,Male,46,4,0.0,2,1,0,170903.07,0
9581,15781872,Young,791,Germany,Male,32,9,114676.23,1,1,1,30211.33,0
9582,15770930,Perez,556,France,Male,42,2,0.0,1,1,1,82906.86,0
9583,15813319,Roberts,670,France,Male,29,7,137150.34,2,1,0,190566.85,0
9584,15764365,Nelson,582,Spain,Male,38,0,0.0,1,1,0,25486.25,0
9585,15680918,Fournier,458,Spain,Male,40,10,146154.11,1,0,0,31634.66,0
9586,15790699,Ramirez,528,Spain,Female,45,3,0.0,1,0,1,18437.87,0
9587,15670064,Weber,626,France,Male,61,2,156881.17,2,1,0,104316.64,0
9588,15682840,Lee,705,Germany,Male,27,7,72198.58,1,1,0,199423.75,0
9589,15706798,Scott,702,Spain,Male,37,6,78564.11,2,1,1,177573.62,0
9590,15714484,Young,521,France,Male,57,5,0.0,1,0,0,44937.02,1
9591,15659664,Green,680,Germany,Male,31,10,59066.05,2,1,0,161428.4,0
9592,15697163,Nelson,742,France,Female,29,4,0.0,2,1,1,5525.72,0
9593,15751221,Allen,700,Spain,Male,46,5,0.0,2,1,0,120188.93,0
9594,15697582,Muller,615,Germany,Male,44,5,124619.44,2,1,1,174560.27,0
9595,15673950,King,655,France,Female,26,1,131368.8,1,0,0,70817.8,0
9596,15631392,Lopez,665,France,Female,33,3,0.0,2,1,0,77526.31,0
9597,15813871,Torres,786,France,Male,28,6,0.0,2,1,1,130544.22,0
9598,15581588,Garcia,815,France,Male,28,1,98543.09,1,1,1,174771.67,0
9599,15644390,Allen,713,Germany,Female,43,8,122599.49,1,0,0,108485.06,1
9600,15678304,Gonzalez,655,Germany,Male,43,6,83389.12,1,0,0,187856.6,1
9601,15670855,Davis,647,Germany,Male,37,7,92587.91,2,0,1,117290.54,0
9602,15696638,Clark,657,France,Female,27,8,0.0,1,0,1,68843.42,0
9603,15739886,Fischer,670,Germany,Female,29,5,109208.35,2,0,1,168745.82,0
9604,15762802,Allen,600,France,Female,42,8,105684.55,2,1,0,163118.16,1
9605,15757137,Schmidt,841,France,Male,26,8,0.0,2,1,1,129101.6,0
9606,15644724,Rodriguez,573,Spain,Female,24,2,0.0,1,1,1,27469.07,0
9607,15765925,Schmidt,776,Germany,Female,33,2,105488.25,3,1,1,499.15,1
9608,15778952,Rivera,437,Germany,Female,37,4,139944.64,2,1,0,10396.86,0
9609,15626519,Smith,623,Spain,Male,25,1,92755.38,1,1,1,50377.14,0
9610,15812695,Romero,617,France,Male,42,6,24014.37,1,1,1,47603.88,0
9611,15688292,King,672,Spain,Male,36,10,160773.89,1,0,1,123488.12,0
9612,15609518,Fernandez,615,Germany,Female,28,8,84222.0,1,0,1,86264.3,0
9613,15620678,Scott,784,Germany,Male,38,8,169657.8,1,0,0,5207.44,0
9614,15750094,Nguyen,626,France,Male,23,2,0.0,2,1,1,173142.92,0
9615,15647560,Vargas,550,France,Male,34,8,0.0,1,0,0,118743.52,0
9616,15677408,Dubois,556,France,Male,34,1,0.0,2,1,0,78455.15,0
9617,15815009,Schmidt,604,France,Female,38,4,0.0,2,1,0,77300.26,0
9618,15616465,Lopez,720,France,Male,39,10,0.0,3,0,1,21158.59,0
9619,15710883,Rodriguez,738,Germany,Male,47,8,146662.79,1,1,1,102263.58,1
9620,15796735,King,533,Germany,Female,37,1,150197.53,1,0,1,198149.31,0
9621,15731811,Fischer,572,France,Female,26,5,0.0,2,0,1,104309.84,0
9622,15685042,Scott,547,Germany,Female,29,10,144442.59,2,1,0,2986.96,0
9623,15806262,Meyer,622,Spain,Female,81,4,112726.87,2,1,1,123919.02,0
9624,15577151,Lopez,743,Germany,Male,25,6,172472.03,1,0,1,1515.15,0
9625,15704247,Weber,667,Spain,Male,67,4,0.0,3,0,0,182397.06,0
9626,15779411,Flores,703,Germany,Male,63,5,131515.36,2,1,1,103199.5,0
9627,15786817,Wagner,722,France,Female,26,5,0.0,1,1,0,138099.3,0
9628,15757428,Alvarez,593,France,Female,49,2,0.0,2,1,0,174938.55,0
9629,15774404,Rivera,526,Spain,Male,42,10,101500.58,1,0,1,157002.54,0
9630,15812677,Taylor,593,Germany,Female,52,9,140186.91,1,0,1,108995.49,1
9631,15684926,Martin,730,Spain,Female,30,1,0.0,2,1,1,80729.18,0
9632,15748355,Mitchell,708,Spain,Female,42,1,104858.76,2,1,0,184797.15,1
9633,15790571,Girard,658,France,Male,31,7,135231.06,2,1,0,4633.37,0
9634,15800895,Carter,742,France,Male,28,4,0.0,1,1,1,81239.4,0
9635,15790530,Castillo,664,Germany,Female,38,7,82359.87,1,1,1,99890.59,0
9636,15639881,Schmidt,618,France,Female,46,0,0.0,2,0,0,174225.11,1
9637,15736544,Vargas,498,Germany,Female,45,8,113727.13,2,0,1,33102.81,1
9638,15659971,Thomas,773,Spain,Female,50,0,145767.57,2,1,0,139885.4,0
9639,15690986,Nguyen,641,Germany,Male,30,2,116434.53,2,0,1,133665.18,0
9640,15646080,Garcia,606,France,Female,63,8,0.0,1,1,1,191901.32,0
9641,15700445,Fischer,640,Germany,Male,38,3,114056.63,1,1,1,173721.68,0
9642,15787093,Flores,795,France,Male,28,2,0.0,1,1,1,96873.72,0
9643,15790127,Moreau,746,Spain,Male,49,9,192384.86,2,1,0,18396.03,0
9644,15749362,Martin,615,France,Male,37,6,0.0,1,0,0,168045.4,0
9645,15797879,Harris,696,Spain,Male,30,3,103661.07,2,1,0,49529.46,0
9646,15661364,Johnson,769,France,Female,32,7,74457.39,2,1,1,150847.53,0
9647,15791442,Dubois,684,France,Female,37,1,120836.97,1,1,0,112393.6,0
9648,15781489,Lee,662,France,Male,24,5,0.0,2,1,1,9615.61,0
9649,15814831,Diaz,447,France,Male,58,2,149647.74,1,1,0,562.85,1
9650,15625987,Scott,771,France,Male,44,7,159615.81,1,1,1,25445.34,0
9651,15741215,Fernandez,550,Spain,Male,38,2,0.0,1,1,0,54614.88,0
9652,15664381,Hill,469,Spain,Male,34,2,148496.87,1,1,0,54849.28,0
9653,15694715,Fournier,475,France,Female,51,2,0.0,2,1,0,44297.34,1
9654,15777714,King,567,Germany,Female,60,8,145854.62,2,1,1,173976.28,0
9655,15661252,Hall,697,Spain,Male,27,9,0.0,1,1,0,106740.44,0
9656,15638994,Jackson,763,Spain,Female,38,2,180055.39,1,1,1,23348.44,0
9657,15662896,Jones,683,France,Female,41,1,0.0,1,1,1,20815.03,1
9658,15694867,Rivera,818,France,Male,51,6,0.0,1,1,1,118214.4,1
9659,15741210,Campbell,611,Spain,Male,46,7,0.0,1,0,0,134634.15,0
9660,15663995,Clark,627,France,Male,42,9,165758.59,1,0,1,142734.29,0
9661,15665041,Bernard,469,France,Male,37,9,144452.22,2,1,0,130702.51,0
9662,15586668,Wright,594,Spain,Female,26,8,0.0,2,1,0,126786.8,0
9663,15698004,Hall,452,France,Male,39,0,0.0,2,0,0,156415.77,0
9664,15733484,Girard,520,Spain,Male,35,0,93679.73,1,0,1,15686.73,0
9665,15750742,Baker,711,France,Male,27,2,155519.85,1,0,1,130206.95,0
9666,15786583,Torres,486,Germany,Male,60,4,155597.4,2,1,1,36619.11,0
9667,15621531,Smith,496,Spain,Female,38,8,56803.46,2,1,0,39195.89,0
9668,15618419,Taylor,479,Spain,Male,45,9,94516.86,1,0,1,154895.36,0
9669,15766560,Fernandez,725,Spain,Female,35,7,0.0,1,1,1,199457.04,0
9670,15718678,Gonzalez,809,Spain,Male,29,9,105023.49,2,1,0,63987.87,0
9671,15605129,Vargas,643,France,Male,46,4,136727.29,2,1,1,103273.82,0
9672,15741108,Schmidt,741,Spain,Male,61,7,90275.15,2,1,0,140313.87,0
9673,15806799,Taylor,537,Spain,Female,51,1,94959.55,2,1,0,189635.07,1
9674,15772440,Johnson,769,Germany,Male,43,1,85510.43,2,1,1,129255.3,0
9675,15629913,Nguyen,581,France,Female,35,9,116592.48,1,1,1,141199.61,0
9676,15734001,Hoffmann,715,France,Male,40,4,0.0,2,1,0,57161.22,0
9677,15650586,Smith,647,Germany,Female,46,7,83676.1,1,0,1,74223.01,0
9678,15621393,Wilson,464,Germany,Female,34,10,89041.03,2,1,0,179580.01,0
9679,15800089,Williams,564,France,Female,46,6,0.0,2,1,0,8395.73,0
9680,15742820,Fournier,667,France,Male,36,1,0.0,1,1,0,111140.3,0
9681,15601620,Hill,471,Germany,Male,23,7,96785.13,1,1,1,27283.28,0
9682,15601026,Vargas,679,France,Female,29,8,137883.46,2,1,1,8721.05,0
9683,15747622,Walker,513,Spain,Female,36,3,107270.62,1,0,0,28411.22,0
9684,15662858,Fernandez,702,France,Male,39,4,124579.49,1,1,0,93449.47,0
9685,15634002,Wagner,518,France,Male,21,6,0.0,1,1,1,122425.09,0
9686,15802507,Castillo,693,France,Male,49,8,93025.55,2,0,1,32583.09,0
9687,15666347,Ramirez,729,Spain,Male,41,1,0.0,2,1,0,102533.31,1
9688,15572804,Fischer,634,Spain,Male,25,0,0.0,2,1,0,194486.44,0
9689,15644479,Hall,642,France,Male,46,7,122469.98,2,1,0,107527.71,0
9690,15811612,Lee,794,France,Male,34,0,0.0,1,1,0,12421.4,0
9691,15666897,Gonzalez,574,France,Female,26,4,147073.07,3,1,1,49127.92,1
9692,15648641,Thomas,598,France,Female,46,3,70626.1,1,1,0,7801.81,1
9693,15720978,Moreau,712,Germany,Female,48,4,115649.01,2,1,0,117487.41,0
9694,15658050,Weber,691,France,Male,39,9,94365.01,2,1,1,175444.75,0
9695,15758881,Martin,626,Germany,Female,42,10,107100.03,1,1,1,155076.76,1
9696,15803153,Taylor,532,France,Male,39,7,0.0,1,0,0,9093.2,0
9697,15737224,Green,744,France,Female,45,4,98310.14,2,0,0,155451.32,0
9698,15689942,Clark,530,France,Male,36,6,0.0,2,1,0,101949.0,0
9699,15726864,Johnson,850,France,Male,23,1,74685.64,2,1,1,170343.94,0
9700,15681504,Allen,534,France,Female,29,10,135441.98,1,1,1,79342.56,0
9701,15726888,Hall,543,France,Male,30,9,98052.68,2,1,1,81370.98,0
9702,15743382,Green,683,France,Female,34,3,0.0,2,0,0,197556.77,0
9703,15720102,Davis,703,Spain,Female,35,0,130301.76,2,1,1,68847.04,0
9704,15750438,Flores,556,France,Male,58,9,127976.23,1,1,1,39442.61,0
9705,15776536,Diaz,814,France,Male,38,0,115087.98,2,0,1,194940.41,0
9706,15618535,Thompson,682,France,Female,42,1,0.0,2,1,1,180814.08,0
9707,15736538,Laurent,626,Spain,Female,36,0,0.0,1,1,1,22088.17,0
9708,15585162,Meyer,687,Spain,Female,39,1,125134.1,1,1,0,43153.33,0
9709,15586195,Diaz,767,Spain,Male,41,10,151025.53,2,1,1,171222.33,0
9710,15638849,Navarro,806,Germany,Female,51,5,49738.57,2,1,1,43855.73,1
9711,15751585,Robinson,669,Spain,Male,51,1,131285.95,1,1,0,63086.84,0
9712,15604886,Diaz,526,France,Male,26,10,83832.19,2,1,1,69534.73,0
9713,15726688,Thompson,528,Spain,Female,31,4,103989.56,2,1,1,67866.97,0
9714,15752452,Lopez,513,Spain,Male,34,7,0.0,2,0,0,46311.91,0
9715,15589426,Adams,588,France,Male,49,5,116136.43,1,1,1,35887.57,0
9716,15606316,Ruiz,654,France,Male,40,1,0.0,2,0,1,72448.51,0
9717,15617827,Thomas,671,France,Female,35,7,153933.69,3,1,0,101700.1,1
9718,15644444,Lopez,759,France,Female,28,10,136445.96,1,1,0,4662.14,1
9719,15803925,Schmidt,449,Spain,Female,46,10,105741.51,1,0,0,8321.99,1
9720,15720161,Thomas,649,France,Male,52,8,166768.42,2,1,1,110180.9,1
9721,15744215,Nelson,695,Germany,Male,30,7,98061.54,1,1,0,35458.63,0
9722,15714823,Wilson,378,Spain,Female,25,8,96113.44,2,0,1,32381.94,0
9723,15765479,Adams,694,France,Male,37,10,0.0,2,1,0,13109.55,0
9724,15698918,Garcia,850,France,Male,37,6,101933.99,1,0,0,158455.49,0
9725,15648212,Scott,725,Germany,Male,57,9,131217.12,2,1,1,57132.65,1
9726,15784677,Schneider,680,Spain,Female,32,4,110352.95,2,1,0,101191.63,0
9727,15785644,Hoffmann,623,France,Female,31,3,0.0,2,0,0,104872.25,0
9728,15715270,Jackson,673,France,Male,30,1,0.0,1,1,0,50317.5,0
9729,15809684,Scott,799,Germany,Male,28,5,173446.67,2,1,0,163027.06,0
9730,15759208,Sanchez,616,Spain,Female,36,6,0.0,2,1,0,194138.75,0
9731,15629366,Smith,766,France,Female,47,4,162199.2,1,1,0,86936.55,0
9732,15595716,Wright,695,France,Male,48,1,78714.45,2,0,0,197694.34,0
9733,15657502,Mitchell,808,Spain,Male,28,4,173151.53,1,1,1,41156.2,0
9734,15708413,Baker,756,France,Female,50,6,0.0,2,0,0,152386.87,1
9735,15632854,Weber,668,France,Female,38,1,112127.19,2,1,0,104372.35,0
9736,15606015,Lee,662,Germany,Female,24,5,43336.73,2,1,1,108815.82,0
9737,15709595,Becker,620,France,Female,45,4,79408.84,1,0,1,181724.32,1
9738,15686919,Jones,745,France,Female,51,6,90179.23,2,1,0,190953.74,1
9739,15812753,Carter,593,Germany,Male,33,0,85420.18,1,1,1,496.74,0
9740,15707227,Moore,661,Germany,Male,38,9,137579.36,1,0,1,47553.41,0
9741,15609516,Perez,631,Germany,Male,35,4,105573.89,1,1,0,58746.08,0
9742,15662886,Campbell,520,France,Female,39,4,118734.41,2,1,1,94123.26,0
9743,15660619,Clark,671,Germany,Male,35,1,124634.78,2,0,1,118401.61,0
9744,15590694,Garcia,502,Germany,Male,40,4,22918.67,1,1,0,170261.19,0
9745,15639251,Gonzalez,607,Spain,Male,23,4,0.0,1,1,0,197641.18,0
9746,15619223,Ruiz,715,Spain,Female,32,0,180410.54,2,0,1,91698.73,1
9747,15598471,Wright,666,Germany,Female,36,6,150666.1,1,0,1,62994.51,0
9748,15713967,Navarro,665,Spain,Male,44,3,132721.13,1,0,0,152101.25,0
9749,15755558,Bernard,566,Spain,Male,23,3,0.0,2,1,1,140981.77,0
9750,15813401,Young,752,France,Female,51,0,161253.83,1,1,1,23997.22,1
9751,15739534,Walker,564,Spain,Male,38,7,0.0,1,0,1,129489.33,0
9752,15659980,Sanchez,719,Spain,Female,50,1,0.0,1,0,0,166505.67,1
9753,15679759,Laurent,776,France,Male,41,6,0.0,2,1,0,14218.78,0
9754,15622937,Miller,502,France,Female,55,4,142992.75,2,1,1,108932.18,0
9755,15719390,Robinson,611,Germany,Male,42,8,156426.02,1,0,0,3289.42,1
9756,15599349,Nelson,602,France,Female,25,4,0.0,2,1,1,56431.0,0
9757,15639555,Martin,676,Germany,Male,44,7,122585.92,1,1,1,10420.97,1
9758,15600632,Romero,558,Germany,Male,39,10,147814.81,1,1,1,193474.06,0
9759,15601219,Thompson,537,France,Female,32,2,101201.78,2,0,0,120677.35,0
9760,15802038,Martinez,645,France,Female,39,1,0.0,2,1,1,198733.66,0
9761,15604159,Thompson,596,Spain,Female,42,6,167991.87,2,0,1,176663.07,0
9762,15581897,Smith,636,France,Female,40,1,125752.26,2,1,1,80594.42,0
9763,15752869,Miller,737,Germany,Female,26,2,96226.24,2,1,0,103726.94,0
9764,15652930,Wilson,493,France,Female,57,8,0.0,1,1,1,142881.6,0
9765,15787336,Adams,639,France,Male,46,7,0.0,2,1,0,43965.03,0
9766,15609968,Wright,593,Germany,Female,37,0,101098.28,2,1,1,12333.59,0
9767,15640738,Navarro,652,France,Male,34,6,0.0,2,0,1,168657.86,0
9768,15718339,Ramirez,593,Germany,Male,56,7,96608.53,2,1,1,122362.18,0
9769,15732619,Wagner,536,Germany,Female,40,3,145616.95,1,1,0,185822.85,1
9770,15591941,Miller,688,France,Male,27,8,118138.74,2,1,0,141422.26,0
9771,15796656,Lewis,850,France,Male,56,7,0.0,2,0,0,56105.59,0
9772,15666701,Rodriguez,640,Germany,Male,33,6,110107.97,1,1,1,53266.26,0
9773,15593299,Roberts,580,Germany,Male,27,2,156461.88,1,1,1,66952.43,0
9774,15716774,Moreau,579,Germany,Female,40,3,142508.03,1,1,1,37229.17,1
9775,15812801,Jones,741,Spain,Male,31,6,0.0,2,1,1,97270.6,0
9776,15598503,Sanchez,565,France,Male,36,1,0.0,2,1,1,51763.65,0
9777,15723652,Hall,776,France,Male,42,4,141048.12,1,0,1,172244.64,0
9778,15802860,Castillo,491,Germany,Male,21,10,122530.54,2,1,0,155994.29,0
9779,15634513,Walker,669,Germany,Male,38,7,106388.22,3,1,0,42400.81,1
9780,15667604,Moore,714,Spain,Male,52,9,91412.94,1,1,1,102681.33,1
9781,15762804,Fournier,724,France,Female,27,3,0.0,2,1,1,179006.22,0
9782,15570963,Garcia,717,Germany,Female,22,8,86799.67,1,1,0,24706.02,0
9783,15810868,Martin,676,Germany,Male,47,8,94385.73,1,1,0,158423.08,1
9784,15676874,Rivera,762,France,Male,38,2,0.0,2,1,0,48745.21,0
9785,15581497,Fernandez,554,Germany,Male,43,2,64118.11,1,1,1,68444.93,0
9786,15766259,Castillo,588,Germany,Male,33,4,145786.15,2,1,1,111056.74,0
9787,15609415,Rivera,611,France,Male,40,7,0.0,2,1,1,162881.74,0
9788,15691672,Wright,794,France,Female,56,7,71834.23,1,1,0,38881.51,1
9789,15714838,Hill,695,France,Female,43,10,0.0,1,0,1,185227.06,1
9790,15566303,Romero,716,Spain,Male,28,1,181941.36,2,0,0,92740.53,0
9791,15655157,Fernandez,633,France,Male,50,7,119294.44,2,1,1,64011.11,0
9792,15800876,Bernard,729,France,Female,36,10,0.0,1,1,1,42875.21,0
9793,15644435,Navarro,499,France,Female,23,1,115278.36,2,0,1,63485.63,0
9794,15804366,Schneider,610,France,Male,30,10,0.0,2,1,0,62961.67,0
9795,15600295,Carter,629,France,Female,28,9,0.0,1,1,1,162299.36,0
9796,15726562,Gonzalez,604,Germany,Male,36,1,119959.94,1,1,1,82723.35,0
9797,15617968,Campbell,619,France,Female,51,2,0.0,1,1,1,64781.25,0
9798,15764499,Fernandez,703,France,Male,46,2,106676.05,1,0,0,30612.76,0
9799,15603249,Walker,673,France,Female,32,1,0.0,1,0,0,125116.4,0
9800,15651887,Taylor,766,France,Male,42,4,0.0,1,1,1,76177.94,0
9801,15573567,Flores,448,France,Male,33,4,0.0,2,0,0,164712.72,0
9802,15691604,Carter,794,Germany,Female,34,4,108800.19,1,1,0,29562.21,0
9803,15665827,Becker,587,Germany,Female,40,9,106876.95,1,0,0,117418.01,0
9804,15601994,Muller,778,Germany,Female,27,4,115572.71,2,1,0,12346.04,0
9805,15805755,Hill,609,France,Male,35,2,111317.66,2,0,1,25199.09,0
9806,15763199,Nguyen,686,Spain,Female,35,7,0.0,2,0,0,196076.42,0
9807,15685314,Moreau,546,Germany,Male,31,7,136531.61,1,1,1,139715.03,1
9808,15751369,White,532,France,Female,42,5,0.0,2,1,1,104807.66,0
9809,15661069,Walker,706,France,Male,42,7,0.0,1,1,1,21189.09,0
9810,15581875,Lewis,392,Spain,Male,29,2,0.0,1,1,0,2657.55,0
9811,15598586,Hall,532,France,Male,27,8,124799.37,2,0,0,51772.89,0
9812,15643486,Lopez,724,France,Female,37,2,0.0,1,1,0,97335.19,0
9813,15681549,Moore,610,Germany,Female,30,0,148162.31,2,1,1,15062.11,0
9814,15647849,Fournier,564,France,Male,33,4,78450.14,2,1,0,71182.14,0
9815,15715012,Thompson,798,Spain,Female,21,2,117716.68,1,1,1,51953.28,0
9816,15685150,Hoffmann,832,France,Male,35,5,154621.03,1,1,1,184543.2,0
9817,15778958,Davis,650,France,Male,34,5,146597.24,1,1,0,124447.03,0
9818,15641710,Campbell,774,France,Male,27,10,0.0,2,0,0,110614.73,0
9819,15677138,Muller,797,France,Female,45,4,0.0,3,1,0,97559.75,1
9820,15734536,Perez,648,Spain,Female,33,1,53825.86,1,0,1,30323.48,0
9821,15672313,Williams,600,Spain,Female,38,5,0.0,1,1,0,75929.7,0
9822,15675041,Thomas,659,Spain,Male,45,8,134001.94,1,1,1,122005.29,0
9823,15734681,Moreau,509,Germany,Male,43,2,100133.39,2,1,1,168429.53,0
9824,15766077,Campbell,705,France,Female,26,3,130626.55,1,1,1,191099.1,0
9825,15747048,Davis,618,France,Male,38,1,0.0,2,0,1,133873.6,0
9826,15599650,Lopez,655,France,Female,30,7,75677.14,1,1,0,150600.05,0
9827,15738095,Meyer,654,Spain,Female,49,1,150940.58,1,1,0,102835.26,0
9828,15622260,Hall,568,France,Male,60,2,74633.38,1,0,0,39281.77,0
9829,15697105,Anderson,647,France,Male,51,0,0.0,1,1,1,136907.76,0
9830,15704157,Smith,518,Germany,Female,45,4,93124.43,1,1,0,145721.77,0
9831,15608618,Schneider,603,Spain,Female,36,9,125314.09,1,1,1,47653.54,0
9832,15734020,Carter,542,France,Female,46,4,0.0,2,1,1,178337.51,0
9833,15785190,King,565,Germany,Female,24,1,122771.95,2,1,0,101974.72,0
9834,15670732,White,431,Germany,Male,31,8,152552.49,2,1,1,137119.24,0
9835,15567967,Ruiz,608,Spain,Female,42,3,0.0,1,1,0,104263.75,0
9836,15802210,Hoffmann,697,France,Female,35,1,96664.24,1,1,0,115541.56,0
9837,15793374,Alvarez,667,France,Female,28,0,121589.09,3,1,1,147307.7,1
9838,15612047,Wright,755,France,Male,42,3,0.0,1,0,0,45145.5,0
9839,15693697,Lewis,558,Spain,Male,55,1,0.0,2,1,0,157298.16,1
9840,15764505,Moore,604,Spain,Male,53,5,0.0,2,1,0,68179.3,0
9841,15777935,Fischer,739,Germany,Male,31,4,121806.89,2,1,0,111579.51,0
9842,15737944,Ramirez,642,France,Female,58,7,145821.5,1,1,0,121335.96,1
9843,15658472,Meyer,668,France,Female,33,3,143395.15,1,1,0,186509.94,0
9844,15709339,Vargas,850,Germany,Male,38,0,130651.54,1,1,0,35422.64,0
9845,15737130,Ruiz,625,France,Female,49,1,0.0,1,0,1,84930.22,0
9846,15753385,Schmidt,603,Germany,Male,22,1,169523.84,2,1,0,21197.21,0
9847,15815542,Martin,554,Spain,Female,38,2,0.0,2,1,1,85608.78,0
9848,15662047,Girard,622,France,Female,30,7,0.0,2,1,1,145443.54,0
9849,15805225,Perez,749,France,Female,34,6,110872.2,1,1,1,63672.27,0
9850,15763404,Harris,706,France,Female,49,4,0.0,1,1,1,126775.15,0
9851,15719892,Fernandez,789,France,Female,33,2,110788.37,1,1,0,148140.02,0
9852,15777340,Laurent,685,Germany,Female,36,1,94986.18,2,0,1,109818.93,0
9853,15719561,Martin,433,France,Male,37,1,116676.15,1,1,1,167303.0,0
9854,15748049,Becker,711,France,Female,44,2,0.0,2,1,0,12702.73,0
9855,15743847,Fernandez,660,France,Male,48,5,79171.64,4,1,0,143800.94,1
9856,15733585,Garcia,650,France,Male,40,6,0.0,4,1,0,171633.16,1
9857,15588452,Dubois,768,Germany,Female,33,10,86236.23,1,0,0,151908.56,0
9858,15673901,King,623,Germany,Female,39,10,86858.61,2,1,1,81748.81,0
9859,15683161,Nguyen,706,Germany,Female,33,2,70134.58,1,0,1,62982.05,1
9860,15625155,Rivera,546,France,Male,60,8,120042.25,2,0,1,35133.43,0
9861,15811578,Rodriguez,503,France,Male,36,1,67246.31,1,1,1,82158.86,0
9862,15802131,Perez,592,France,Male,51,8,123911.96,1,0,1,60223.55,1
9863,15669613,Williams,620,France,Female,51,10,0.0,2,0,0,129123.84,1
9864,15696657,Carter,703,Spain,Female,40,6,133379.14,1,1,1,39653.23,1
9865,15790778,Alvarez,544,France,Female,41,5,0.0,3,0,1,1080.68,1
9866,15771742,Lewis,796,France,Male,41,4,0.0,1,1,1,154164.97,1
9867,15577304,Weber,556,France,Female,44,9,0.0,1,1,0,151156.92,0
9868,15737544,Fernandez,641,Spain,Male,28,10,0.0,2,1,0,48755.04,0
9869,15627378,King,651,France,Female,69,7,0.0,2,0,0,128783.99,0
9870,15715202,Hoffmann,679,Spain,Female,39,0,114812.06,1,1,1,159345.0,0
9871,15566278,Gonzalez,694,France,Male,55,9,0.0,2,1,1,71347.33,1
9872,15576219,Martin,850,Spain,Female,39,8,0.0,1,1,0,106353.3,0
9873,15672647,Moreau,592,Germany,Female,40,3,100899.07,1,0,1,55958.33,0
9874,15797486,Hoffmann,680,France,Male,32,2,74862.72,1,0,1,57964.58,0
9875,15646478,Alvarez,642,France,Male,33,8,129821.43,1,1,1,80850.51,0
9876,15808244,Wright,745,France,Female,24,6,0.0,1,0,0,114219.14,0
9877,15707025,Thomas,694,Spain,Female,64,8,145447.83,2,1,1,148774.22,0
9878,15674069,Thompson,671,Spain,Female,52,10,0.0,1,0,1,64015.36,1
9879,15709214,Diaz,505,France,Male,32,4,121327.2,1,1,1,89068.77,0
9880,15610577,Thompson,606,France,Female,38,9,0.0,1,1,0,192570.67,0
9881,15740251,Mitchell,555,France,Male,44,5,0.0,2,1,0,183886.93,0
9882,15621051,Moore,607,France,Male,28,9,0.0,2,1,0,22157.85,0
9883,15655888,Williams,570,Germany,Male,31,2,120379.79,2,1,1,149099.19,0
9884,15628553,Alvarez,600,France,Male,37,9,0.0,2,1,0,123935.48,0
9885,15683421,Thomas,610,France,Male,56,7,121877.71,1,0,1,124788.47,0
9886,15570629,Moreau,612,Spain,Male,31,4,0.0,1,1,0,126571.54,0
9887,15796304,Rodriguez,621,Germany,Male,44,10,162359.09,2,1,1,87366.79,1
9888,15733663,Smith,560,Spain,Female,63,4,0.0,1,0,1,164451.61,0
9889,15700337,Roberts,654,France,Male,52,8,0.0,2,1,1,130357.22,0
9890,15600092,Williams,563,Spain,Male,28,5,0.0,2,1,0,143599.75,0
9891,15764010,Rivera,592,Germany,Male,33,1,114568.29,1,1,1,165724.12,0
9892,15707507,Davis,645,Germany,Female,37,3,116290.94,2,1,0,86429.34,0
9893,15647194,Castillo,400,France,Female,30,8,116032.64,2,1,0,23455.44,0
9894,15722173,Miller,850,Spain,Male,24,5,129364.44,1,0,0,20639.81,0
9895,15609049,Thomas,701,Germany,Female,49,9,192462.68,2,1,0,128715.68,0
9896,15727885,Rodriguez,681,Spain,Female,27,1,154884.22,2,1,1,99569.82,0
9897,15717636,Martin,599,Germany,Female,32,8,150461.97,2,1,0,161473.33,0
9898,15727807,Williams,659,Spain,Male,41,9,0.0,2,0,1,9062.37,0
9899,15719462,White,533,Germany,Male,37,10,107259.06,1,0,0,11105.58,0
9900,15729170,Becker,698,Spain,Male,30,8,137307.05,2,1,1,153559.9,0
9901,15639142,Scott,487,France,Male,58,5,0.0,2,0,0,198849.99,1
9902,15780689,Lee,527,France,Male,29,0,96162.76,1,1,1,169480.2,0
9903,15605065,Walker,581,Germany,Female,47,2,155980.0,1,1,0,83806.78,0
9904,15726883,Miller,796,Germany,Male,43,7,151600.8,2,1,1,175173.59,0
9905,15794780,Harris,543,Germany,Male,44,9,128431.03,1,0,1,7295.12,1
9906,15631364,Flores,682,Germany,Female,25,8,141230.56,1,1,0,146534.37,0
9907,15594139,Ramirez,450,Germany,Female,37,6,185940.79,1,1,0,34675.32,1
9908,15801818,Navarro,652,Spain,Male,40,9,112429.69,1,1,1,56854.51,0
9909,15734428,Lewis,818,France,Female,42,3,0.0,1,1,1,69766.77,0
9910,15653656,Wilson,699,Spain,Male,36,3,134272.2,2,0,1,35652.34,0
9911,15728828,Nelson,449,France,Male,44,0,114295.3,2,1,0,100614.52,1
9912,15582615,Roberts,654,Germany,Male,36,6,163012.33,1,0,1,85179.34,0
9913,15730387,Adams,605,Spain,Male,30,2,0.0,2,1,0,106215.45,0
9914,15705379,Allen,769,France,Female,30,3,0.0,1,1,1,73700.13,0
9915,15667939,Adams,640,France,Male,42,1,0.0,2,1,1,18526.37,0
9916,15682973,Scott,510,France,Female,31,9,167520.18,3,1,0,161148.32,1
9917,15670363,Lopez,637,Germany,Male,45,2,108675.29,2,1,1,161430.01,0
9918,15751968,Williams,582,France,Female,31,9,0.0,1,1,1,144661.01,0
9919,15636938,Jackson,440,France,Male,28,2,0.0,2,1,0,131664.9,0
9920,15766258,Ramirez,633,Spain,Female,64,0,63510.69,2,1,1,95412.26,0
9921,15784298,Johnson,650,France,Male,54,10,157577.34,1,1,1,148219.73,1
9922,15759217,Harris,687,Germany,Female,39,3,119060.0,3,1,1,173723.16,1
9923,15738856,Romero,749,Germany,Female,33,7,107626.36,1,0,1,151425.94,0
9924,15689380,Campbell,623,France,Female,46,1,144792.06,2,0,1,51021.87,0
9925,15634988,Wilson,504,France,Male,70,2,113229.2,1,1,1,40579.43,0
9926,15733070,Nelson,569,Spain,Female,34,4,0.0,1,1,1,113203.68,1
9927,15740036,Rodriguez,648,Germany,Female,64,8,93399.07,2,1,0,78977.62,0
9928,15768812,Bernard,768,France,Female,33,0,100396.84,2,1,1,69358.64,0
9929,15723830,Davis,650,Spain,Female,26,6,0.0,2,1,0,187216.25,0
9930,15692849,Ramirez,637,Germany,Female,38,8,102370.16,1,1,1,147552.67,0
9931,15741967,Harris,627,France,Female,25,1,0.0,2,1,1,100258.27,0
9932,15572802,Laurent,649,Germany,Male,45,4,162841.02,1,1,1,68770.3,0
9933,15742127,Robinson,835,France,Male,28,10,77415.63,1,0,1,52726.35,0
9934,15644064,Meyer,642,France,Male,43,5,145642.55,1,1,1,199368.12,1
9935,15789170,Weber,624,Spain,Female,48,8,0.0,1,0,0,59424.27,0
9936,15603906,Garcia,654,France,Female,61,8,0.0,2,1,1,169216.97,0
9937,15782936,Lopez,584,France,Male,26,4,0.0,1,1,0,26406.5,0
9938,15591774,Martin,499,France,Male,32,7,0.0,1,1,0,153102.55,0
9939,15735330,King,481,Spain,Male,34,10,134201.24,1,1,1,98428.49,0
9940,15764228,Allen,580,Germany,Male,44,3,121191.66,1,1,1,90482.53,1
9941,15770291,Taylor,765,Spain,Female,36,0,126712.15,2,0,0,161822.78,0
9942,15579709,Vargas,763,France,Female,29,8,117275.13,3,0,1,10895.61,1
9943,15581027,Jones,542,Spain,Male,33,3,0.0,2,1,1,1783.31,0
9944,15578146,Mitchell,635,Germany,Male,40,7,100296.18,2,1,1,21081.66,0
9945,15736990,Diaz,663,France,Male,34,1,0.0,2,0,1,9260.07,0
9946,15581891,Castillo,580,France,Female,58,2,131291.33,3,1,1,186187.46,1
9947,15751943,King,777,Spain,Female,42,8,0.0,1,1,0,23695.38,1
9948,15711326,Gonzalez,724,France,Male,29,0,99717.2,1,1,1,157431.54,0
9949,15742479,Hall,685,Germany,Male,37,5,180087.25,2,1,0,151186.05,0
9950,15635625,Walker,657,Germany,Female,44,8,138650.47,2,1,1,232.82,0
9951,15613169,Wright,498,France,Female,41,5,0.0,1,0,0,55872.8,0
9952,15752688,Johnson,782,Spain,Female,33,1,0.0,1,1,0,161478.93,0
9953,15670501,Lewis,706,Spain,Male,36,6,88843.59,1,1,0,130211.11,0
9954,15698766,Weber,690,France,Female,37,1,116336.3,1,1,0,155026.89,1
9955,15595929,Robinson,578,Germany,Female,50,6,144588.4,2,1,1,165937.09,0
9956,15708341,Scott,587,France,Female,45,4,158251.37,1,0,1,6276.62,0
9957,15733104,Muller,698,Germany,Male,26,5,103324.11,1,0,0,134332.57,0
9958,15694148,Harris,757,France,Male,57,10,153219.61,1,1,1,6869.54,0
9959,15647681,Davis,817,France,Male,63,9,0.0,2,1,1,185686.9,0
9960,15645962,Wright,579,France,Female,34,7,149217.51,2,1,1,85427.35,0
9961,15744188,Young,635,France,Female,43,5,0.0,1,0,1,63869.85,0
9962,15676270,Laurent,447,France,Male,79,8,97572.42,1,1,1,34666.35,1
9963,15634670,Fournier,411,France,Female,38,1,81398.52,1,1,1,135508.71,0
9964,15761393,Carter,701,Spain,Female,40,2,0.0,2,1,1,163952.19,0
9965,15590348,Wagner,567,France,Male,46,5,0.0,1,0,1,21708.23,0
9966,15710707,Campbell,459,France,Female,55,9,158651.82,2,1,0,196423.78,0
9967,15614149,Brown,537,France,Female,25,4,100163.69,1,0,0,16146.46,0
9968,15574538,Gonzalez,683,Germany,Male,37,4,133411.96,2,1,1,156798.5,0
9969,15617559,Brown,687,France,Female,55,10,0.0,2,0,0,13747.29,0
9970,15601194,Wilson,491,Germany,Male,46,10,68055.18,2,1,0,41638.25,1
9971,15669569,Wright,770,Germany,Female,42,0,129242.66,1,1,1,31558.48,1
9972,15705366,Schmidt,583,France,Female,40,6,64975.97,1,0,0,33854.63,1
9973,15813041,Wagner,677,Spain,Female,54,7,0.0,1,1,0,171508.91,1
9974,15746287,Anderson,654,France,Female,45,6,0.0,1,0,1,132607.56,0
9975,15690008,Becker,649,Germany,Male,62,10,137823.06,1,1,0,194356.46,0
9976,15729635,Torres,559,France,Male,36,10,141447.25,2,1,1,44505.87,0
9977,15673003,Moreau,648,Germany,Female,23,2,161379.95,2,1,1,38030.23,0
9978,15629524,Walker,676,Spain,Male,52,10,122206.54,1,0,1,33043.23,1
9979,15798848,Adams,631,France,Female,35,4,129893.61,2,0,1,166860.62,0
9980,15731028,Allen,660,France,Male,38,0,94667.51,1,0,1,66330.92,0
9981,15764583,Thompson,757,France,Male,41,3,0.0,1,1,0,119689.11,0
9982,15688457,Allen,604,France,Male,33,2,0.0,1,1,0,69417.45,0
9983,15763634,Romero,713,Spain,Female,27,10,0.0,1,1,0,108102.34,0
9984,15813235,Moreau,630,Germany,Male,50,6,180945.48,2,0,0,137944.64,1
9985,15582751,Mitchell,788,Germany,Female,21,3,124099.98,1,0,0,23694.07,0
9986,15618519,Carter,514,Spain,Male,71,0,0.0,1,1,1,180679.43,0
9987,15779056,Lopez,776,Spain,Female,39,4,0.0,2,0,0,61723.77,0
9988,15692791,Gonzalez,598,Spain,Female,23,3,144364.1,1,1,0,32920.5,0
9989,15601062,Alvarez,850,France,Female,53,4,125720.68,1,1,0,157507.41,1
9990,15576770,Fournier,692,France,Male,25,2,0.0,2,0,0,199288.56,0
9991,15685794,Fischer,732,France,Male,33,5,0.0,1,1,0,66372.36,0
9992,15665518,Hoffmann,634,France,Male,64,5,0.0,2,1,1,82325.19,0
9993,15691966,Garcia,716,France,Female,44,7,102419.58,2,1,1,37494.96,0
9994,15579923,Brown,716,France,Male,42,6,0.0,2,1,0,4700.42,0
9995,15684085,Garcia,636,France,Female,43,7,0.0,1,1,1,26843.75,0
9996,15794210,Nguyen,724,France,Female,30,2,59622.16,2,1,1,191231.44,0
9997,15810606,Allen,350,France,Male,22,1,89505.82,1,1,0,176775.06,0
9998,15751335,Diaz,588,France,Female,44,5,138168.55,2,1,1,159566.41,0
9999,15767074,Robinson,652,France,Female,42,10,142364.05,2,1,0,188098.09,0
10000,15771386,Wagner,699,France,Male,37,4,0.0,2,1,0,126423.81,0
